variant,seed,split,margin,n_gold_matches,n_pred_matches,precision,recall,f1,wrong_merge_rate,fragmentation_rate,trajectory_consistency_rate,impossible_transition_rate,n_transitions,n_impossible_transitions,dangling_precision,dangling_recall,n_gold_dangling,n_pred_dangling,n_pred_identities,n_wrong_merges,scenario_id
m3_full,19521011,dev,0.0,113,22,0.7272727272727273,0.1415929203539823,0.23703703703703705,0.11764705882352941,1.0265486725663717,0.8084507042253521,0.19154929577464788,1065,204,0.25157232704402516,0.8333333333333334,48,159,85,10,sec_dev_0000
m3_full,19521011,dev,0.7,113,61,0.5737704918032787,0.30973451327433627,0.4022988505747126,0.25735294117647056,1.1504424778761062,0.7264065335753176,0.2735934664246824,2204,603,0.675,0.5625,48,40,136,35,sec_dev_0000
m3_full,19521011,dev,0.0,111,30,0.7666666666666667,0.2072072072072072,0.326241134751773,0.2054794520547945,0.8828828828828829,0.7585004359197908,0.24149956408020923,1147,277,0.24666666666666667,0.74,50,150,73,15,sec_dev_0001
m3_full,19521011,dev,0.7,111,52,0.6730769230769231,0.3153153153153153,0.4294478527607362,0.20300751879699247,1.054054054054054,0.7304632662611137,0.2695367337388863,2137,576,0.5777777777777777,0.52,50,45,133,27,sec_dev_0001
m3_full,19521011,dev,0.0,112,14,0.8571428571428571,0.10714285714285714,0.19047619047619047,0.13432835820895522,0.9553571428571429,0.7891077636152954,0.21089223638470453,863,182,0.2222222222222222,0.8163265306122449,49,180,67,9,sec_dev_0002
m3_full,19521011,dev,0.7,112,60,0.5333333333333333,0.2857142857142857,0.37209302325581395,0.33884297520661155,1.1517857142857142,0.6582914572864322,0.3417085427135678,2189,748,0.6666666666666666,0.5714285714285714,49,42,121,41,sec_dev_0002
m3_full,19521011,dev,0.0,104,26,0.6538461538461539,0.16346153846153846,0.26153846153846155,0.14130434782608695,1.0192307692307692,0.7776872964169381,0.22231270358306188,1228,273,0.3082706766917293,0.7192982456140351,57,133,92,13,sec_dev_0003
m3_full,19521011,dev,0.7,104,59,0.5932203389830508,0.33653846153846156,0.4294478527607362,0.19696969696969696,1.125,0.7344763670064876,0.2655236329935125,2158,573,0.6944444444444444,0.43859649122807015,57,36,132,26,sec_dev_0003
m3_full,19521011,dev,0.0,117,19,0.7894736842105263,0.1282051282051282,0.22058823529411764,0.1125,0.9743589743589743,0.779,0.221,1000,221,0.2,0.7727272727272727,44,170,80,9,sec_dev_0004
m3_full,19521011,dev,0.7,117,60,0.7,0.358974358974359,0.4745762711864407,0.23741007194244604,1.0854700854700854,0.730786317192359,0.2692136828076411,2251,606,0.6666666666666666,0.5909090909090909,44,39,139,33,sec_dev_0004
m3_full,19521011,dev,0.0,121,36,0.7222222222222222,0.21487603305785125,0.33121019108280253,0.18947368421052632,0.9586776859504132,0.7597069597069597,0.2402930402930403,1365,328,0.23529411764705882,0.8,40,136,95,18,sec_dev_0005
m3_full,19521011,dev,0.7,121,65,0.7076923076923077,0.38016528925619836,0.4946236559139785,0.22695035460992907,1.0743801652892562,0.74394006170119,0.2560599382988101,2269,581,0.6585365853658537,0.675,40,41,141,32,sec_dev_0005
m3_full,19521011,dev,0.0,106,25,0.64,0.1509433962264151,0.24427480916030533,0.13095238095238096,0.9811320754716981,0.7795698924731183,0.22043010752688172,1116,246,0.2857142857142857,0.7636363636363637,55,147,84,11,sec_dev_0006
m3_full,19521011,dev,0.7,106,53,0.6226415094339622,0.3113207547169811,0.41509433962264153,0.2357142857142857,1.2169811320754718,0.7460829493087557,0.25391705069124426,2170,551,0.75,0.4909090909090909,55,36,140,33,sec_dev_0006
m3_full,19521011,dev,0.0,107,15,0.9333333333333333,0.1308411214953271,0.22950819672131145,0.09090909090909091,0.9813084112149533,0.7730646871686109,0.22693531283138918,943,214,0.24096385542168675,0.7407407407407407,54,166,77,7,sec_dev_0007
m3_full,19521011,dev,0.7,107,56,0.7142857142857143,0.37383177570093457,0.49079754601226994,0.21052631578947367,1.0467289719626167,0.7206516530905607,0.2793483469094394,2087,583,0.6086956521739131,0.5185185185185185,54,46,133,28,sec_dev_0007
m3_full,19521011,dev,0.0,109,22,0.7727272727272727,0.1559633027522936,0.25954198473282447,0.19444444444444445,0.944954128440367,0.7475442043222004,0.25245579567779963,1018,257,0.2546583850931677,0.7884615384615384,52,161,72,14,sec_dev_0008
m3_full,19521011,dev,0.7,109,51,0.6078431372549019,0.28440366972477066,0.3875,0.26153846153846155,1.2201834862385321,0.7031674208144796,0.29683257918552036,2210,656,0.75,0.5192307692307693,52,36,130,34,sec_dev_0008
m3_full,19521011,dev,0.0,110,20,0.65,0.11818181818181818,0.19999999999999998,0.16883116883116883,1.018181818181818,0.7347130761994356,0.26528692380056446,1063,282,0.25477707006369427,0.7843137254901961,51,157,77,13,sec_dev_0009
m3_full,19521011,dev,0.7,110,60,0.6166666666666667,0.33636363636363636,0.4352941176470588,0.2706766917293233,1.1727272727272726,0.7266881028938907,0.2733118971061093,2177,595,0.675,0.5294117647058824,51,40,133,36,sec_dev_0009
m3_full,19521011,dev,0.0,104,29,0.8275862068965517,0.23076923076923078,0.3609022556390978,0.13333333333333333,0.8557692307692307,0.755868544600939,0.24413145539906103,1065,260,0.31125827814569534,0.8245614035087719,57,151,75,10,sec_dev_0010
m3_full,19521011,dev,0.7,104,60,0.65,0.375,0.47560975609756106,0.2074074074074074,1.0769230769230769,0.7315914489311164,0.2684085510688836,2105,565,0.6829268292682927,0.49122807017543857,57,41,135,28,sec_dev_0010
m3_full,19521011,dev,0.0,105,24,0.875,0.2,0.32558139534883723,0.0989010989010989,0.9333333333333333,0.8092386655260907,0.19076133447390933,1169,223,0.2857142857142857,0.7142857142857143,56,140,91,9,sec_dev_0011
m3_full,19521011,dev,0.7,105,46,0.8043478260869565,0.3523809523809524,0.490066225165563,0.19852941176470587,1.0666666666666667,0.7721518987341772,0.22784810126582278,2054,468,0.574468085106383,0.48214285714285715,56,47,136,27,sec_dev_0011
m3_full,19521011,test,0.0,110,27,0.6666666666666666,0.16363636363636364,0.2627737226277372,0.13095238095238096,0.9818181818181818,0.7853403141361257,0.21465968586387435,1146,246,0.23648648648648649,0.6862745098039216,51,148,84,11,sec_test_0000
m3_full,19521011,test,0.7,110,60,0.6333333333333333,0.34545454545454546,0.4470588235294118,0.2248062015503876,1.0545454545454545,0.7345092718227046,0.26549072817729535,2211,587,0.6756756756756757,0.49019607843137253,51,37,129,29,sec_test_0000
m3_full,19521011,test,0.0,106,21,0.7142857142857143,0.14150943396226415,0.23622047244094488,0.14814814814814814,1.028301886792453,0.7686496694995278,0.23135033050047216,1059,245,0.24836601307189543,0.6909090909090909,55,153,81,12,sec_test_0001
m3_full,19521011,test,0.7,106,53,0.6415094339622641,0.32075471698113206,0.42767295597484273,0.20149253731343283,1.1603773584905661,0.7320415879017013,0.2679584120982987,2116,567,0.6190476190476191,0.4727272727272727,55,42,134,27,sec_test_0001
m3_full,19521011,test,0.0,114,16,0.875,0.12280701754385964,0.2153846153846154,0.14705882352941177,0.9649122807017544,0.746119733924612,0.25388026607538805,902,229,0.21910112359550563,0.8297872340425532,47,178,68,10,sec_test_0002
m3_full,19521011,test,0.7,114,51,0.7647058823529411,0.34210526315789475,0.4727272727272727,0.21641791044776118,1.0964912280701755,0.7170686456400742,0.2829313543599258,2156,610,0.5652173913043478,0.5531914893617021,47,46,134,29,sec_test_0002
m3_full,19521011,test,0.0,111,19,0.7894736842105263,0.13513513513513514,0.2307692307692308,0.10588235294117647,1.009009009009009,0.7845410628019324,0.21545893719806763,1035,223,0.24375,0.78,50,160,85,9,sec_test_0003
m3_full,19521011,test,0.7,111,51,0.6862745098039216,0.3153153153153153,0.43209876543209874,0.22794117647058823,1.135135135135135,0.7400190114068441,0.2599809885931559,2104,547,0.5625,0.54,50,48,136,31,sec_test_0003
m3_full,19521011,test,0.0,109,20,0.7,0.12844036697247707,0.2170542635658915,0.14814814814814814,0.981651376146789,0.8026948989412896,0.1973051010587103,1039,205,0.23417721518987342,0.7115384615384616,52,158,81,12,sec_test_0004
m3_full,19521011,test,0.7,109,54,0.6111111111111112,0.30275229357798167,0.40490797546012275,0.24817518248175183,1.165137614678899,0.7471369674759505,0.25286303252404946,2183,552,0.7105263157894737,0.5192307692307693,52,38,137,34,sec_test_0004
m3_full,19521011,test,0.0,107,21,0.5714285714285714,0.11214953271028037,0.18749999999999997,0.11842105263157894,1.0,0.787109375,0.212890625,1024,218,0.25316455696202533,0.7407407407407407,54,158,76,9,sec_test_0005
m3_full,19521011,test,0.7,107,54,0.7037037037037037,0.35514018691588783,0.47204968944099374,0.19083969465648856,1.02803738317757,0.7565507384468795,0.24344926155312052,2099,511,0.5777777777777777,0.48148148148148145,54,45,131,25,sec_test_0005
m3_full,19521011,test,0.0,108,17,0.7058823529411765,0.1111111111111111,0.192,0.08571428571428572,0.9444444444444444,0.8348837209302326,0.16511627906976745,860,142,0.24431818181818182,0.8113207547169812,53,176,70,6,sec_test_0006
m3_full,19521011,test,0.7,108,55,0.6363636363636364,0.32407407407407407,0.4294478527607362,0.23255813953488372,1.0648148148148149,0.7431106959364783,0.25688930406352173,2141,550,0.6428571428571429,0.5094339622641509,53,42,129,30,sec_test_0006
m3_full,19521011,test,0.0,112,27,0.8148148148148148,0.19642857142857142,0.316546762589928,0.14285714285714285,0.8839285714285714,0.7815049864007253,0.2184950135992747,1103,241,0.21935483870967742,0.6938775510204082,49,155,77,11,sec_test_0007
m3_full,19521011,test,0.7,112,62,0.7419354838709677,0.4107142857142857,0.528735632183908,0.17647058823529413,0.9464285714285714,0.7544964028776978,0.24550359712230216,2224,546,0.6756756756756757,0.5102040816326531,49,37,136,24,sec_test_0007
m3_full,19521011,test,0.0,106,25,0.8,0.18867924528301888,0.30534351145038174,0.13333333333333333,0.9905660377358491,0.771900826446281,0.228099173553719,1210,276,0.30656934306569344,0.7636363636363637,55,137,90,12,sec_test_0008
m3_full,19521011,test,0.7,106,58,0.7241379310344828,0.39622641509433965,0.5121951219512195,0.22556390977443608,1.0471698113207548,0.7063887630267331,0.29361123697326685,2207,648,0.7575757575757576,0.45454545454545453,55,33,133,30,sec_test_0008
m3_full,19521011,test,0.0,108,15,0.7333333333333333,0.10185185185185185,0.17886178861788615,0.25,1.0277777777777777,0.7751141552511416,0.22488584474885845,876,197,0.24,0.7924528301886793,53,175,64,16,sec_test_0009
m3_full,19521011,test,0.7,108,48,0.5833333333333334,0.25925925925925924,0.358974358974359,0.29457364341085274,1.2222222222222223,0.7329842931937173,0.2670157068062827,2101,561,0.5652173913043478,0.49056603773584906,53,46,129,38,sec_test_0009
m3_full,19521011,test,0.0,110,17,0.7058823529411765,0.10909090909090909,0.1889763779527559,0.11688311688311688,1.009090909090909,0.8199389623601221,0.18006103763987794,983,177,0.22424242424242424,0.7254901960784313,51,165,77,9,sec_test_0010
m3_full,19521011,test,0.7,110,51,0.6470588235294118,0.3,0.40993788819875776,0.19117647058823528,1.1181818181818182,0.7634357005758158,0.23656429942418425,2084,493,0.5714285714285714,0.5490196078431373,51,49,136,26,sec_test_0010
m3_full,19521011,test,0.0,98,18,0.8333333333333334,0.15306122448979592,0.25862068965517243,0.07407407407407407,1.0,0.8220424671385238,0.17795753286147623,989,176,0.3092105263157895,0.746031746031746,63,152,81,6,sec_test_0011
m3_full,19521011,test,0.7,98,54,0.6296296296296297,0.3469387755102041,0.4473684210526315,0.21705426356589147,1.1224489795918366,0.7389616690926735,0.26103833090732653,2061,538,0.7,0.4444444444444444,63,40,129,28,sec_test_0011
m3_full,19521011,test,0.0,116,17,0.8235294117647058,0.1206896551724138,0.21052631578947367,0.10843373493975904,1.0086206896551724,0.7983789260385005,0.2016210739614995,987,199,0.22941176470588234,0.8666666666666667,45,170,83,9,sec_test_0012
m3_full,19521011,test,0.7,116,53,0.7735849056603774,0.35344827586206895,0.48520710059171596,0.2357142857142857,1.1206896551724137,0.7435779816513761,0.2564220183486238,2180,559,0.5777777777777777,0.5777777777777777,45,45,140,33,sec_test_0012
m3_full,19521012,dev,0.0,113,49,0.6938775510204082,0.3008849557522124,0.4197530864197531,0.2230769230769231,1.0707964601769913,0.7595959595959596,0.2404040404040404,1980,476,0.4444444444444444,0.5833333333333334,48,63,130,29,sec_dev_0000
m3_full,19521012,dev,0.7,113,63,0.6507936507936508,0.36283185840707965,0.4659090909090909,0.29285714285714287,1.168141592920354,0.7319148936170212,0.2680851063829787,2350,630,1.0,0.5208333333333334,48,25,140,41,sec_dev_0000
m3_full,19521012,dev,0.0,111,44,0.7272727272727273,0.2882882882882883,0.41290322580645167,0.17094017094017094,0.954954954954955,0.7568321249302844,0.24316787506971557,1793,436,0.38271604938271603,0.62,50,81,117,20,sec_dev_0001
m3_full,19521012,dev,0.7,111,58,0.6206896551724138,0.32432432432432434,0.4260355029585799,0.21678321678321677,1.1441441441441442,0.7221499783268314,0.27785002167316863,2307,641,0.8888888888888888,0.48,50,27,143,31,sec_dev_0001
m3_full,19521012,dev,0.0,112,46,0.7608695652173914,0.3125,0.44303797468354433,0.19047619047619047,1.0,0.7413600891861761,0.25863991081382387,1794,464,0.37037037037037035,0.6122448979591837,49,81,126,24,sec_dev_0002
m3_full,19521012,dev,0.7,112,68,0.6911764705882353,0.41964285714285715,0.5222222222222223,0.2773722627737226,1.0357142857142858,0.7084933845497225,0.2915066154502774,2343,683,1.0,0.5102040816326531,49,25,137,38,sec_dev_0002
m3_full,19521012,dev,0.0,104,47,0.6382978723404256,0.28846153846153844,0.3973509933774835,0.145985401459854,1.1826923076923077,0.7539082198688856,0.24609178013111446,1983,488,0.5094339622641509,0.47368421052631576,57,53,137,20,sec_dev_0003
m3_full,19521012,dev,0.7,104,58,0.6724137931034483,0.375,0.4814814814814814,0.1643835616438356,1.1826923076923077,0.7409050576752441,0.259094942324756,2254,584,1.0,0.43859649122807015,57,25,146,24,sec_dev_0003
m3_full,19521012,dev,0.0,117,48,0.75,0.3076923076923077,0.4363636363636364,0.18699186991869918,0.9572649572649573,0.7721518987341772,0.22784810126582278,1817,414,0.3333333333333333,0.6363636363636364,44,84,123,23,sec_dev_0004
m3_full,19521012,dev,0.7,117,65,0.7230769230769231,0.4017094017094017,0.5164835164835165,0.23809523809523808,1.0854700854700854,0.7402433906840118,0.25975660931598826,2383,619,1.0,0.5681818181818182,44,25,147,35,sec_dev_0004
m3_full,19521012,dev,0.0,121,49,0.7959183673469388,0.32231404958677684,0.4588235294117647,0.16911764705882354,1.024793388429752,0.7626008064516129,0.2373991935483871,1984,471,0.4,0.7,40,70,136,23,sec_dev_0005
m3_full,19521012,dev,0.7,121,65,0.7692307692307693,0.4132231404958678,0.5376344086021505,0.20134228187919462,1.0661157024793388,0.7453338863542098,0.2546661136457901,2411,614,1.0,0.65,40,26,149,30,sec_dev_0005
m3_full,19521012,dev,0.0,106,48,0.6666666666666666,0.3018867924528302,0.41558441558441556,0.20491803278688525,1.028301886792453,0.7742110990206746,0.22578890097932536,1838,415,0.4225352112676056,0.5454545454545454,55,71,122,25,sec_dev_0006
m3_full,19521012,dev,0.7,106,65,0.7076923076923077,0.4339622641509434,0.5380116959064327,0.24817518248175183,1.0377358490566038,0.7371879106438897,0.2628120893561104,2283,600,1.0,0.45454545454545453,55,25,137,34,sec_dev_0006
m3_full,19521012,dev,0.0,107,45,0.6888888888888889,0.2897196261682243,0.40789473684210525,0.16101694915254236,0.9626168224299065,0.7421875,0.2578125,1792,462,0.38961038961038963,0.5555555555555556,54,77,118,19,sec_dev_0007
m3_full,19521012,dev,0.7,107,62,0.7258064516129032,0.4205607476635514,0.5325443786982249,0.1897810218978102,1.0186915887850467,0.7206335239771228,0.27936647602287723,2273,635,0.9259259259259259,0.46296296296296297,54,27,137,26,sec_dev_0007
m3_full,19521012,dev,0.0,109,42,0.7142857142857143,0.27522935779816515,0.3973509933774835,0.1651376146788991,1.0,0.7108366086468276,0.28916339135317237,1781,515,0.4074074074074074,0.6346153846153846,52,81,109,18,sec_dev_0008
m3_full,19521012,dev,0.7,109,60,0.65,0.3577981651376147,0.4615384615384616,0.21481481481481482,1.110091743119266,0.7114470842332614,0.28855291576673864,2315,668,0.96,0.46153846153846156,52,25,135,29,sec_dev_0008
m3_full,19521012,dev,0.0,110,37,0.7027027027027027,0.23636363636363636,0.3537414965986395,0.19327731092436976,1.0272727272727273,0.7652276759314015,0.23477232406859846,1691,397,0.36666666666666664,0.6470588235294118,51,90,119,23,sec_dev_0009
m3_full,19521012,dev,0.7,110,57,0.631578947368421,0.32727272727272727,0.43113772455089816,0.25874125874125875,1.2181818181818183,0.7412223667100131,0.258777633289987,2307,597,0.9230769230769231,0.47058823529411764,51,26,143,37,sec_dev_0009
m3_full,19521012,dev,0.0,104,54,0.7407407407407407,0.38461538461538464,0.5063291139240507,0.175,0.8942307692307693,0.7405263157894737,0.2594736842105263,1900,493,0.4603174603174603,0.5087719298245614,57,63,120,21,sec_dev_0010
m3_full,19521012,dev,0.7,104,73,0.7671232876712328,0.5384615384615384,0.632768361581921,0.18796992481203006,0.8557692307692307,0.7316644707949056,0.2683355292050944,2277,611,1.0,0.42105263157894735,57,24,133,25,sec_dev_0010
m3_full,19521012,dev,0.0,105,42,0.6904761904761905,0.2761904761904762,0.3945578231292517,0.13385826771653545,1.0380952380952382,0.792526491912995,0.20747350808700502,1793,372,0.40540540540540543,0.5357142857142857,56,74,127,17,sec_dev_0011
m3_full,19521012,dev,0.7,105,62,0.6451612903225806,0.38095238095238093,0.47904191616766467,0.1917808219178082,1.1428571428571428,0.7642919964819701,0.2357080035180299,2274,536,1.0,0.42857142857142855,56,24,146,28,sec_dev_0011
m3_full,19521012,test,0.0,110,44,0.5681818181818182,0.22727272727272727,0.3246753246753247,0.16923076923076924,1.1272727272727272,0.8070652173913043,0.19293478260869565,1840,355,0.3918918918918919,0.5686274509803921,51,74,130,22,sec_test_0000
m3_full,19521012,test,0.7,110,61,0.6229508196721312,0.34545454545454546,0.4444444444444445,0.22377622377622378,1.1636363636363636,0.778593008200259,0.22140699179974105,2317,513,1.0,0.49019607843137253,51,25,143,32,sec_test_0000
m3_full,19521012,test,0.0,106,56,0.6964285714285714,0.36792452830188677,0.48148148148148145,0.168,1.0,0.7598971722365039,0.24010282776349615,1945,467,0.5166666666666667,0.5636363636363636,55,60,125,21,sec_test_0001
m3_full,19521012,test,0.7,106,67,0.6865671641791045,0.4339622641509434,0.5317919075144509,0.18840579710144928,1.0471698113207548,0.7528483786152498,0.24715162138475022,2282,564,1.0,0.45454545454545453,55,25,138,26,sec_test_0001
m3_full,19521012,test,0.0,114,51,0.6862745098039216,0.30701754385964913,0.4242424242424242,0.20300751879699247,1.0964912280701755,0.7501203659123736,0.2498796340876264,2077,519,0.5,0.574468085106383,47,54,133,27,sec_test_0002
m3_full,19521012,test,0.7,114,65,0.7384615384615385,0.42105263157894735,0.5363128491620112,0.21830985915492956,1.0614035087719298,0.74190800681431,0.2580919931856899,2348,606,1.0,0.5531914893617021,47,26,142,31,sec_test_0002
m3_full,19521012,test,0.0,111,45,0.6888888888888889,0.27927927927927926,0.39743589743589736,0.15966386554621848,0.963963963963964,0.7772194304857621,0.22278056951423786,1791,399,0.38271604938271603,0.62,50,81,119,19,sec_test_0003
m3_full,19521012,test,0.7,111,66,0.7272727272727273,0.43243243243243246,0.5423728813559323,0.2116788321167883,0.990990990990991,0.7442466348241424,0.25575336517585756,2303,589,0.8928571428571429,0.5,50,28,137,29,sec_test_0003
m3_full,19521012,test,0.0,109,40,0.75,0.27522935779816515,0.40268456375838924,0.16071428571428573,1.0091743119266054,0.754914004914005,0.24508599508599507,1628,399,0.3333333333333333,0.6153846153846154,52,96,112,18,sec_test_0004
m3_full,19521012,test,0.7,109,59,0.711864406779661,0.3853211009174312,0.5,0.2391304347826087,1.110091743119266,0.7237185056472633,0.27628149435273675,2302,636,0.9615384615384616,0.4807692307692308,52,26,138,33,sec_test_0004
m3_full,19521012,test,0.0,107,54,0.6481481481481481,0.32710280373831774,0.43478260869565216,0.23076923076923078,0.9719626168224299,0.7579717720857292,0.24202822791427078,1913,463,0.4461538461538462,0.5370370370370371,54,65,117,27,sec_test_0005
m3_full,19521012,test,0.7,107,64,0.671875,0.40186915887850466,0.5029239766081872,0.24812030075187969,1.0186915887850467,0.7566974088713219,0.24330259112867808,2277,554,0.9629629629629629,0.48148148148148145,54,27,133,33,sec_test_0005
m3_full,19521012,test,0.0,108,42,0.8095238095238095,0.3148148148148148,0.4533333333333333,0.16822429906542055,0.8888888888888888,0.7681071211199026,0.23189287888009738,1643,381,0.32978723404255317,0.5849056603773585,53,94,107,18,sec_test_0006
m3_full,19521012,test,0.7,108,59,0.7796610169491526,0.42592592592592593,0.5508982035928144,0.26153846153846155,1.0185185185185186,0.743231441048035,0.25676855895196504,2290,588,0.9259259259259259,0.4716981132075472,53,27,130,34,sec_test_0006
m3_full,19521012,test,0.0,112,51,0.8627450980392157,0.39285714285714285,0.5398773006134969,0.13274336283185842,0.7857142857142857,0.7564029595902106,0.2435970404097894,1757,428,0.3372093023255814,0.5918367346938775,49,86,113,15,sec_test_0007
m3_full,19521012,test,0.7,112,70,0.8571428571428571,0.5357142857142857,0.6593406593406593,0.2076923076923077,0.8125,0.717948717948718,0.28205128205128205,2340,660,0.9615384615384616,0.5102040816326531,49,26,130,27,sec_test_0007
m3_full,19521012,test,0.0,106,43,0.8372093023255814,0.33962264150943394,0.483221476510067,0.1623931623931624,0.9716981132075472,0.7432057681641708,0.25679423183582917,1803,463,0.4533333333333333,0.6181818181818182,55,75,117,19,sec_test_0008
m3_full,19521012,test,0.7,106,60,0.7,0.39622641509433965,0.5060240963855422,0.25,1.1226415094339623,0.742756804214223,0.257243195785777,2278,586,1.0,0.4727272727272727,55,26,132,33,sec_test_0008
m3_full,19521012,test,0.0,108,35,0.6285714285714286,0.2037037037037037,0.3076923076923077,0.2169811320754717,1.0740740740740742,0.7874845105328376,0.21251548946716234,1614,343,0.36082474226804123,0.660377358490566,53,97,106,23,sec_test_0009
m3_full,19521012,test,0.7,108,52,0.6346153846153846,0.3055555555555556,0.41250000000000003,0.2803030303030303,1.1944444444444444,0.7342657342657343,0.26573426573426573,2288,608,0.9629629629629629,0.49056603773584906,53,27,132,37,sec_test_0009
m3_full,19521012,test,0.0,110,47,0.7659574468085106,0.32727272727272727,0.45859872611464964,0.15789473684210525,0.9363636363636364,0.7954808806488992,0.20451911935110081,1726,353,0.3793103448275862,0.6470588235294118,51,87,114,18,sec_test_0010
m3_full,19521012,test,0.7,110,65,0.7538461538461538,0.44545454545454544,0.56,0.19718309859154928,1.0,0.7739430543572045,0.22605694564279552,2318,524,1.0,0.49019607843137253,51,25,142,28,sec_test_0010
m3_full,19521012,test,0.0,98,52,0.6923076923076923,0.3673469387755102,0.48000000000000004,0.14516129032258066,0.9591836734693877,0.7706323687031083,0.22936763129689175,1866,428,0.5333333333333333,0.5079365079365079,63,60,124,18,sec_test_0011
m3_full,19521012,test,0.7,98,60,0.65,0.3979591836734694,0.49367088607594933,0.21481481481481482,1.0510204081632653,0.7471526195899771,0.2528473804100228,2195,555,0.9615384615384616,0.3968253968253968,63,26,135,29,sec_test_0011
m3_full,19521012,test,0.0,116,47,0.7872340425531915,0.31896551724137934,0.45398773006134974,0.14754098360655737,0.9396551724137931,0.7737556561085973,0.22624434389140272,1768,400,0.3068181818181818,0.6,45,88,122,18,sec_test_0012
m3_full,19521012,test,0.7,116,67,0.7761194029850746,0.4482758620689655,0.5683060109289618,0.2127659574468085,0.9655172413793104,0.7448071216617211,0.2551928783382789,2359,602,0.9259259259259259,0.5555555555555556,45,27,141,30,sec_test_0012
m3_full,19521013,dev,0.0,113,27,0.8148148148148148,0.19469026548672566,0.3142857142857143,0.1282051282051282,0.9380530973451328,0.8055555555555556,0.19444444444444445,1152,224,0.24503311258278146,0.7708333333333334,48,151,78,10,sec_dev_0000
m3_full,19521013,dev,0.7,113,60,0.7666666666666667,0.40707964601769914,0.5317919075144508,0.2462686567164179,1.0353982300884956,0.7417247386759582,0.2582752613240418,2296,593,0.8064516129032258,0.5208333333333334,48,31,134,33,sec_dev_0000
m3_full,19521013,dev,0.0,111,31,0.7096774193548387,0.1981981981981982,0.30985915492957744,0.21052631578947367,0.990990990990991,0.7199367088607596,0.2800632911392405,1264,354,0.2608695652173913,0.72,50,138,76,16,sec_dev_0001
m3_full,19521013,dev,0.7,111,49,0.673469387755102,0.2972972972972973,0.41250000000000003,0.22900763358778625,1.1261261261261262,0.7081604426002766,0.2918395573997234,2169,633,0.5952380952380952,0.5,50,42,131,30,sec_dev_0001
m3_full,19521013,dev,0.0,112,24,0.5833333333333334,0.125,0.20588235294117646,0.1935483870967742,1.0178571428571428,0.7668776371308017,0.23312236286919832,948,221,0.22674418604651161,0.7959183673469388,49,172,62,12,sec_dev_0002
m3_full,19521013,dev,0.7,112,63,0.5714285714285714,0.32142857142857145,0.4114285714285715,0.2777777777777778,1.0892857142857142,0.7111829944547134,0.2888170055452865,2164,625,0.6363636363636364,0.5714285714285714,49,44,126,35,sec_dev_0002
m3_full,19521013,dev,0.0,104,27,0.6666666666666666,0.17307692307692307,0.2748091603053435,0.12162162162162163,1.0384615384615385,0.762906309751434,0.23709369024856597,1046,248,0.27450980392156865,0.7368421052631579,57,153,74,9,sec_dev_0003
m3_full,19521013,dev,0.7,104,65,0.676923076923077,0.4230769230769231,0.5207100591715975,0.15942028985507245,1.0288461538461537,0.7589367552703942,0.24106324472960586,2182,526,0.8181818181818182,0.47368421052631576,57,33,138,22,sec_dev_0003
m3_full,19521013,dev,0.0,117,28,0.75,0.1794871794871795,0.28965517241379307,0.19047619047619047,1.0256410256410255,0.7476114649681529,0.25238853503184716,1256,317,0.22916666666666666,0.75,44,144,84,16,sec_dev_0004
m3_full,19521013,dev,0.7,117,57,0.7017543859649122,0.3418803418803419,0.4597701149425287,0.26865671641791045,1.0940170940170941,0.7208370436331255,0.27916295636687444,2246,627,0.65,0.5909090909090909,44,40,134,36,sec_dev_0004
m3_full,19521013,dev,0.0,121,45,0.7333333333333333,0.2727272727272727,0.3975903614457832,0.18888888888888888,0.9256198347107438,0.7587412587412588,0.24125874125874125,1430,345,0.25384615384615383,0.825,40,130,90,17,sec_dev_0005
m3_full,19521013,dev,0.7,121,72,0.7222222222222222,0.4297520661157025,0.538860103626943,0.20833333333333334,0.9752066115702479,0.7422945205479452,0.2577054794520548,2336,602,0.7647058823529411,0.65,40,34,144,30,sec_dev_0005
m3_full,19521013,dev,0.0,106,30,0.7,0.19811320754716982,0.3088235294117647,0.16883116883116883,0.9622641509433962,0.7715260017050298,0.22847399829497017,1173,268,0.2676056338028169,0.6909090909090909,55,142,77,13,sec_dev_0006
m3_full,19521013,dev,0.7,106,58,0.6896551724137931,0.37735849056603776,0.4878048780487806,0.20588235294117646,1.0660377358490567,0.7430683918669132,0.25693160813308685,2164,556,0.7297297297297297,0.4909090909090909,55,37,136,28,sec_dev_0006
m3_full,19521013,dev,0.0,107,33,0.7878787878787878,0.24299065420560748,0.3714285714285714,0.14285714285714285,0.9065420560747663,0.719311377245509,0.280688622754491,1336,375,0.2777777777777778,0.6481481481481481,54,126,84,12,sec_dev_0007
m3_full,19521013,dev,0.7,107,60,0.7666666666666667,0.42990654205607476,0.5508982035928144,0.17557251908396945,0.9345794392523364,0.7056219566179726,0.29437804338202744,2259,665,0.8620689655172413,0.46296296296296297,54,29,131,23,sec_dev_0007
m3_full,19521013,dev,0.0,109,31,0.7096774193548387,0.2018348623853211,0.3142857142857143,0.17777777777777778,1.018348623853211,0.7389705882352942,0.2610294117647059,1360,355,0.296,0.7115384615384616,52,125,90,16,sec_dev_0008
m3_full,19521013,dev,0.7,109,63,0.6825396825396826,0.3944954128440367,0.5,0.21052631578947367,1.0275229357798166,0.7144140098787607,0.2855859901212393,2227,636,0.7058823529411765,0.46153846153846156,52,34,133,28,sec_dev_0008
m3_full,19521013,dev,0.0,110,30,0.8,0.21818181818181817,0.34285714285714286,0.1326530612244898,0.9818181818181818,0.7638483965014577,0.23615160349854228,1372,324,0.2661290322580645,0.6470588235294118,51,124,98,13,sec_dev_0009
m3_full,19521013,dev,0.7,110,55,0.6909090909090909,0.34545454545454546,0.4606060606060606,0.23776223776223776,1.1545454545454545,0.7430830039525691,0.25691699604743085,2277,585,0.8620689655172413,0.49019607843137253,51,29,143,34,sec_dev_0009
m3_full,19521013,dev,0.0,104,31,0.8387096774193549,0.25,0.38518518518518513,0.1625,0.875,0.7798319327731092,0.22016806722689075,1190,262,0.2971014492753623,0.7192982456140351,57,138,80,13,sec_dev_0010
m3_full,19521013,dev,0.7,104,64,0.734375,0.4519230769230769,0.5595238095238095,0.1925925925925926,0.9519230769230769,0.7546910755148741,0.24530892448512587,2185,536,0.7878787878787878,0.45614035087719296,57,33,135,26,sec_dev_0010
m3_full,19521013,dev,0.0,105,35,0.6285714285714286,0.20952380952380953,0.3142857142857143,0.12941176470588237,0.9904761904761905,0.7905138339920948,0.20948616600790515,1265,265,0.2824427480916031,0.6607142857142857,56,131,85,11,sec_dev_0011
m3_full,19521013,dev,0.7,105,56,0.5714285714285714,0.3047619047619048,0.3975155279503106,0.1956521739130435,1.1523809523809523,0.7447296058661779,0.2552703941338222,2182,557,0.7058823529411765,0.42857142857142855,56,34,138,27,sec_dev_0011
m3_full,19521013,test,0.0,110,33,0.5757575757575758,0.17272727272727273,0.26573426573426573,0.20987654320987653,1.0545454545454545,0.7836965294592413,0.21630347054075869,1239,268,0.2949640287769784,0.803921568627451,51,139,81,17,sec_test_0000
m3_full,19521013,test,0.7,110,64,0.609375,0.35454545454545455,0.4482758620689656,0.1925925925925926,1.0727272727272728,0.745823927765237,0.25417607223476296,2215,563,0.7222222222222222,0.5098039215686274,51,36,135,26,sec_test_0000
m3_full,19521013,test,0.0,106,31,0.7419354838709677,0.2169811320754717,0.3357664233576642,0.15584415584415584,0.9716981132075472,0.7831821929101401,0.21681780708985984,1213,263,0.3188405797101449,0.8,55,138,77,12,sec_test_0001
m3_full,19521013,test,0.7,106,59,0.7288135593220338,0.4056603773584906,0.5212121212121211,0.17142857142857143,1.0471698113207548,0.7495495495495496,0.25045045045045045,2220,556,0.8387096774193549,0.4727272727272727,55,31,140,24,sec_test_0001
m3_full,19521013,test,0.0,114,38,0.6842105263157895,0.22807017543859648,0.3421052631578948,0.23404255319148937,1.0175438596491229,0.7559366754617414,0.24406332453825857,1516,370,0.3157894736842105,0.7659574468085106,47,114,94,22,sec_test_0002
m3_full,19521013,test,0.7,114,57,0.6491228070175439,0.32456140350877194,0.43274853801169594,0.29285714285714287,1.2105263157894737,0.7131914893617022,0.2868085106382979,2350,674,0.9230769230769231,0.5106382978723404,47,26,140,41,sec_test_0002
m3_full,19521013,test,0.0,111,24,0.7916666666666666,0.17117117117117117,0.28148148148148144,0.11904761904761904,1.009009009009009,0.7530541012216405,0.2469458987783595,1146,283,0.2550335570469799,0.76,50,149,84,10,sec_test_0003
m3_full,19521013,test,0.7,111,58,0.8103448275862069,0.42342342342342343,0.5562130177514792,0.16428571428571428,1.0,0.7261261261261261,0.27387387387387385,2220,608,0.7777777777777778,0.56,50,36,140,23,sec_test_0003
m3_full,19521013,test,0.0,109,22,0.6818181818181818,0.13761467889908258,0.22900763358778628,0.15384615384615385,1.0458715596330275,0.7639925373134329,0.23600746268656717,1072,253,0.23870967741935484,0.7115384615384616,52,155,78,12,sec_test_0004
m3_full,19521013,test,0.7,109,53,0.5849056603773585,0.28440366972477066,0.3827160493827161,0.2706766917293233,1.2293577981651376,0.7163483931066604,0.28365160689333957,2147,609,0.6428571428571429,0.5192307692307693,52,42,133,36,sec_test_0004
m3_full,19521013,test,0.0,107,35,0.5714285714285714,0.18691588785046728,0.2816901408450704,0.15584415584415584,1.0,0.757039420756235,0.24296057924376507,1243,302,0.2426470588235294,0.6111111111111112,54,136,77,12,sec_test_0005
m3_full,19521013,test,0.7,107,62,0.5645161290322581,0.32710280373831774,0.4142011834319526,0.24806201550387597,1.1308411214953271,0.7424583520936515,0.2575416479063485,2221,572,0.7878787878787878,0.48148148148148145,54,33,129,32,sec_test_0005
m3_full,19521013,test,0.0,108,20,0.7,0.12962962962962962,0.21875,0.15714285714285714,1.0648148148148149,0.795959595959596,0.20404040404040405,990,202,0.26993865030674846,0.8301886792452831,53,163,70,11,sec_test_0006
m3_full,19521013,test,0.7,108,45,0.7555555555555555,0.3148148148148148,0.4444444444444444,0.1925925925925926,1.1203703703703705,0.7693045563549161,0.23069544364508393,2085,481,0.574468085106383,0.5094339622641509,53,47,135,26,sec_test_0006
m3_full,19521013,test,0.0,112,35,0.7714285714285715,0.24107142857142858,0.3673469387755102,0.18055555555555555,0.875,0.7545155993431856,0.24548440065681446,1218,299,0.24305555555555555,0.7142857142857143,49,144,72,13,sec_test_0007
m3_full,19521013,test,0.7,112,60,0.75,0.4017857142857143,0.5232558139534883,0.2076923076923077,0.9375,0.7371559633027522,0.2628440366972477,2180,573,0.5952380952380952,0.5102040816326531,49,42,130,27,sec_test_0007
m3_full,19521013,test,0.0,106,36,0.6944444444444444,0.2358490566037736,0.35211267605633806,0.2619047619047619,0.9811320754716981,0.72475106685633,0.27524893314367,1406,387,0.3305084745762712,0.7090909090909091,55,118,84,22,sec_test_0008
m3_full,19521013,test,0.7,106,58,0.7068965517241379,0.3867924528301887,0.5,0.234375,1.009433962264151,0.7164662349676225,0.2835337650323774,2162,613,0.7894736842105263,0.5454545454545454,55,38,128,30,sec_test_0008
m3_full,19521013,test,0.0,108,22,0.7272727272727273,0.14814814814814814,0.24615384615384614,0.14666666666666667,1.0092592592592593,0.7768844221105528,0.22311557788944725,995,222,0.24691358024691357,0.7547169811320755,53,162,75,11,sec_test_0009
m3_full,19521013,test,0.7,108,57,0.6666666666666666,0.35185185185185186,0.4606060606060605,0.2878787878787879,1.1388888888888888,0.7409211691762622,0.25907883082373784,2258,585,0.9,0.5094339622641509,53,30,132,38,sec_test_0009
m3_full,19521013,test,0.0,110,23,0.7391304347826086,0.15454545454545454,0.2556390977443609,0.1875,0.9727272727272728,0.8032454361054766,0.19675456389452334,986,194,0.2469879518072289,0.803921568627451,51,166,64,12,sec_test_0010
m3_full,19521013,test,0.7,110,57,0.7017543859649122,0.36363636363636365,0.4790419161676646,0.25190839694656486,1.0454545454545454,0.7639465191332411,0.23605348086675887,2169,512,0.6097560975609756,0.49019607843137253,51,41,131,33,sec_test_0010
m3_full,19521013,test,0.0,98,31,0.8064516129032258,0.25510204081632654,0.3875968992248062,0.16216216216216217,0.8877551020408163,0.7746598639455782,0.22534013605442177,1176,265,0.3283582089552239,0.6984126984126984,63,134,74,12,sec_test_0011
m3_full,19521013,test,0.7,98,61,0.7049180327868853,0.4387755102040816,0.5408805031446541,0.21428571428571427,0.9489795918367347,0.7434701492537313,0.25652985074626866,2144,550,0.78125,0.3968253968253968,63,32,126,27,sec_test_0011
m3_full,19521013,test,0.0,116,30,0.7333333333333333,0.1896551724137931,0.30136986301369867,0.10126582278481013,0.9137931034482759,0.7677475898334793,0.2322524101665206,1141,265,0.2,0.6888888888888889,45,155,79,8,sec_test_0012
m3_full,19521013,test,0.7,116,69,0.6811594202898551,0.4051724137931034,0.508108108108108,0.24806201550387597,0.9568965517241379,0.7296827466318991,0.2703172533681008,2301,622,0.7058823529411765,0.5333333333333333,45,34,129,32,sec_test_0012
m3_full,19521014,dev,0.0,113,46,0.5217391304347826,0.21238938053097345,0.3018867924528302,0.26956521739130435,1.1415929203539823,0.7328,0.2672,1875,501,0.41333333333333333,0.6458333333333334,48,75,115,31,sec_dev_0000
m3_full,19521014,dev,0.7,113,63,0.5396825396825397,0.3008849557522124,0.38636363636363635,0.2857142857142857,1.1946902654867257,0.7104919460165433,0.2895080539834567,2297,665,0.8064516129032258,0.5208333333333334,48,31,133,38,sec_dev_0000
m3_full,19521014,dev,0.0,111,61,0.7213114754098361,0.3963963963963964,0.5116279069767441,0.256198347107438,0.963963963963964,0.7288545190913485,0.27114548090865154,2069,561,0.5471698113207547,0.58,50,53,121,31,sec_dev_0001
m3_full,19521014,dev,0.7,111,65,0.7076923076923077,0.4144144144144144,0.5227272727272728,0.25547445255474455,1.054054054054054,0.7219113215669393,0.2780886784330607,2323,646,0.9230769230769231,0.48,50,26,137,35,sec_dev_0001
m3_full,19521014,dev,0.0,112,38,0.7105263157894737,0.24107142857142858,0.36,0.2,1.0535714285714286,0.7403409090909091,0.2596590909090909,1760,457,0.32941176470588235,0.5714285714285714,49,85,120,24,sec_dev_0002
m3_full,19521014,dev,0.7,112,59,0.6779661016949152,0.35714285714285715,0.4678362573099415,0.291970802919708,1.125,0.7086785870039249,0.291321412996075,2293,668,0.8333333333333334,0.5102040816326531,49,30,137,40,sec_dev_0002
m3_full,19521014,dev,0.0,104,57,0.6666666666666666,0.36538461538461536,0.4720496894409938,0.20634920634920634,0.9903846153846154,0.7507232401157184,0.24927675988428158,2074,517,0.5777777777777777,0.45614035087719296,57,45,126,26,sec_dev_0003
m3_full,19521014,dev,0.7,104,62,0.6935483870967742,0.41346153846153844,0.5180722891566264,0.21641791044776118,1.0288461538461537,0.7409532215357458,0.25904677846425417,2266,587,1.0,0.43859649122807015,57,25,134,29,sec_dev_0003
m3_full,19521014,dev,0.0,117,56,0.75,0.358974358974359,0.48554913294797686,0.21487603305785125,0.9487179487179487,0.7579585649317837,0.24204143506821627,1979,479,0.45588235294117646,0.7045454545454546,44,68,121,26,sec_dev_0004
m3_full,19521014,dev,0.7,117,70,0.7,0.4188034188034188,0.5240641711229946,0.23741007194244604,1.0085470085470085,0.7304934626739772,0.26950653732602275,2371,639,0.9259259259259259,0.5681818181818182,44,27,139,33,sec_dev_0004
m3_full,19521014,dev,0.0,121,61,0.8032786885245902,0.4049586776859504,0.5384615384615384,0.1746031746031746,0.859504132231405,0.7567030784508441,0.24329692154915591,2014,490,0.39705882352941174,0.675,40,68,126,22,sec_dev_0005
m3_full,19521014,dev,0.7,121,77,0.7142857142857143,0.45454545454545453,0.5555555555555556,0.2589928057553957,0.9504132231404959,0.7317784256559767,0.26822157434402333,2401,644,0.8928571428571429,0.625,40,28,139,36,sec_dev_0005
m3_full,19521014,dev,0.0,106,44,0.6818181818181818,0.2830188679245283,0.39999999999999997,0.18461538461538463,1.1415094339622642,0.7680628272251309,0.2319371727748691,1910,443,0.47619047619047616,0.5454545454545454,55,63,130,24,sec_dev_0006
m3_full,19521014,dev,0.7,106,52,0.6538461538461539,0.32075471698113206,0.430379746835443,0.21379310344827587,1.2452830188679245,0.7559550561797753,0.2440449438202247,2225,543,0.8333333333333334,0.45454545454545453,55,30,145,31,sec_dev_0006
m3_full,19521014,dev,0.0,107,46,0.6521739130434783,0.2803738317757009,0.392156862745098,0.24166666666666667,1.0934579439252337,0.7070000000000001,0.293,2000,586,0.48214285714285715,0.5,54,56,120,29,sec_dev_0007
m3_full,19521014,dev,0.7,107,58,0.6379310344827587,0.34579439252336447,0.44848484848484854,0.28125,1.1682242990654206,0.6924083769633508,0.3075916230366492,2292,705,1.0,0.48148148148148145,54,26,128,36,sec_dev_0007
m3_full,19521014,dev,0.0,109,56,0.7321428571428571,0.3761467889908257,0.496969696969697,0.23728813559322035,0.9541284403669725,0.7315842583249244,0.2684157416750757,1982,532,0.4666666666666667,0.5384615384615384,52,60,118,28,sec_dev_0008
m3_full,19521014,dev,0.7,109,68,0.7205882352941176,0.44954128440366975,0.5536723163841808,0.25,0.9908256880733946,0.7313691507798961,0.268630849220104,2308,620,0.9230769230769231,0.46153846153846156,52,26,132,33,sec_dev_0008
m3_full,19521014,dev,0.0,110,47,0.6808510638297872,0.2909090909090909,0.40764331210191085,0.20491803278688525,1.009090909090909,0.7550585729499467,0.24494142705005326,1878,460,0.39436619718309857,0.5490196078431373,51,71,122,25,sec_dev_0009
m3_full,19521014,dev,0.7,110,60,0.6333333333333333,0.34545454545454546,0.4470588235294118,0.24285714285714285,1.1727272727272726,0.7426086956521739,0.2573913043478261,2300,592,0.8888888888888888,0.47058823529411764,51,27,140,34,sec_dev_0009
m3_full,19521014,dev,0.0,104,49,0.6122448979591837,0.28846153846153844,0.39215686274509803,0.20967741935483872,1.1442307692307692,0.7505330490405118,0.24946695095948826,1876,468,0.5384615384615384,0.6140350877192983,57,65,124,26,sec_dev_0010
m3_full,19521014,dev,0.7,104,59,0.5932203389830508,0.33653846153846156,0.4294478527607362,0.2127659574468085,1.2211538461538463,0.7324581258488003,0.2675418741511996,2209,591,0.8333333333333334,0.43859649122807015,57,30,141,30,sec_dev_0010
m3_full,19521014,dev,0.0,105,49,0.673469387755102,0.3142857142857143,0.42857142857142855,0.25806451612903225,1.0571428571428572,0.7405753968253967,0.2594246031746032,2016,523,0.5192307692307693,0.48214285714285715,56,52,124,32,sec_dev_0011
m3_full,19521014,dev,0.7,105,59,0.6779661016949152,0.38095238095238093,0.4878048780487805,0.2781954887218045,1.0952380952380953,0.718653079308817,0.281346920691183,2257,635,0.9259259259259259,0.44642857142857145,56,27,133,37,sec_dev_0011
m3_full,19521014,test,0.0,110,51,0.7647058823529411,0.35454545454545455,0.484472049689441,0.1984732824427481,1.009090909090909,0.7746409113422487,0.22535908865775137,2019,455,0.5,0.5490196078431373,51,56,131,26,sec_test_0000
m3_full,19521014,test,0.7,110,59,0.711864406779661,0.38181818181818183,0.4970414201183433,0.2127659574468085,1.0727272727272728,0.7610310179117519,0.23896898208824816,2289,547,0.8928571428571429,0.49019607843137253,51,28,141,30,sec_test_0000
m3_full,19521014,test,0.0,106,54,0.7592592592592593,0.3867924528301887,0.5125,0.15503875968992248,0.9339622641509434,0.7580727831881087,0.24192721681189133,1951,472,0.4915254237288136,0.5272727272727272,55,59,129,20,sec_test_0001
m3_full,19521014,test,0.7,106,68,0.7647058823529411,0.49056603773584906,0.5977011494252874,0.17985611510791366,0.9716981132075472,0.7417799210872424,0.25822007891275756,2281,589,1.0,0.45454545454545453,55,25,139,25,sec_test_0001
m3_full,19521014,test,0.0,114,51,0.7843137254901961,0.3508771929824561,0.4848484848484848,0.18333333333333332,0.9385964912280702,0.7316062176165803,0.2683937823834197,1930,518,0.4142857142857143,0.6170212765957447,47,70,120,22,sec_test_0002
m3_full,19521014,test,0.7,114,64,0.796875,0.4473684210526316,0.5730337078651686,0.2318840579710145,0.9736842105263158,0.7186963979416809,0.28130360205831906,2332,656,0.8928571428571429,0.5319148936170213,47,28,138,32,sec_test_0002
m3_full,19521014,test,0.0,111,48,0.7916666666666666,0.34234234234234234,0.4779874213836478,0.1652892561983471,0.963963963963964,0.7485890200102616,0.2514109799897383,1949,490,0.4153846153846154,0.54,50,65,121,20,sec_test_0003
m3_full,19521014,test,0.7,111,59,0.7627118644067796,0.40540540540540543,0.5294117647058822,0.20437956204379562,1.027027027027027,0.7252507631923244,0.27474923680767555,2293,630,0.8620689655172413,0.5,50,29,137,28,sec_test_0003
m3_full,19521014,test,0.0,109,40,0.725,0.26605504587155965,0.38926174496644295,0.17757009345794392,0.9541284403669725,0.7481137550783516,0.2518862449216483,1723,434,0.3563218390804598,0.5961538461538461,52,87,107,19,sec_test_0004
m3_full,19521014,test,0.7,109,58,0.6896551724137931,0.3669724770642202,0.47904191616766467,0.21705426356589147,1.0091743119266054,0.7202141900937082,0.2797858099062918,2241,627,0.7878787878787878,0.5,52,33,129,28,sec_test_0004
m3_full,19521014,test,0.0,107,54,0.6851851851851852,0.34579439252336447,0.45962732919254656,0.19658119658119658,0.9345794392523364,0.7317196167423097,0.2682803832576904,1983,532,0.4827586206896552,0.5185185185185185,54,58,117,23,sec_test_0005
m3_full,19521014,test,0.7,107,64,0.703125,0.4205607476635514,0.5263157894736842,0.2153846153846154,0.9906542056074766,0.7358407079646018,0.26415929203539823,2260,597,0.8620689655172413,0.46296296296296297,54,29,130,28,sec_test_0005
m3_full,19521014,test,0.0,108,44,0.7954545454545454,0.32407407407407407,0.46052631578947373,0.17543859649122806,0.9629629629629629,0.7568455640744798,0.24315443592552027,1826,444,0.4266666666666667,0.6037735849056604,53,75,114,20,sec_test_0006
m3_full,19521014,test,0.7,108,61,0.7540983606557377,0.42592592592592593,0.544378698224852,0.1925925925925926,1.0185185185185186,0.7417943107221007,0.25820568927789933,2285,590,0.8888888888888888,0.4528301886792453,53,27,135,26,sec_test_0006
m3_full,19521014,test,0.0,112,47,0.7021276595744681,0.29464285714285715,0.4150943396226415,0.211864406779661,1.0089285714285714,0.7416317991631799,0.2583682008368201,1912,494,0.42857142857142855,0.6122448979591837,49,70,118,25,sec_test_0007
m3_full,19521014,test,0.7,112,57,0.7368421052631579,0.375,0.4970414201183431,0.24817518248175183,1.0625,0.729175752289577,0.270824247710423,2293,621,0.8666666666666667,0.5306122448979592,49,30,137,34,sec_test_0007
m3_full,19521014,test,0.0,106,49,0.673469387755102,0.3113207547169811,0.42580645161290326,0.26229508196721313,1.0660377358490567,0.724191866527633,0.27580813347236705,1918,529,0.5079365079365079,0.5818181818181818,55,63,122,32,sec_test_0008
m3_full,19521014,test,0.7,106,56,0.6607142857142857,0.3490566037735849,0.4567901234567901,0.2781954887218045,1.1320754716981132,0.7171082173327346,0.2828917826672654,2227,630,0.8064516129032258,0.45454545454545453,55,31,133,37,sec_test_0008
m3_full,19521014,test,0.0,108,45,0.6,0.25,0.35294117647058826,0.28448275862068967,1.1203703703703705,0.7560718057022175,0.24392819429778248,1894,462,0.4264705882352941,0.5471698113207547,53,68,116,33,sec_test_0009
m3_full,19521014,test,0.7,108,57,0.5964912280701754,0.3148148148148148,0.4121212121212121,0.34108527131782945,1.2222222222222223,0.7354866870362287,0.2645133129637713,2291,606,0.9259259259259259,0.4716981132075472,53,27,129,44,sec_test_0009
m3_full,19521014,test,0.0,110,50,0.8,0.36363636363636365,0.5000000000000001,0.1640625,0.9636363636363636,0.7855648535564854,0.21443514644351463,1912,410,0.4626865671641791,0.6078431372549019,51,67,128,21,sec_test_0010
m3_full,19521014,test,0.7,110,62,0.7580645161290323,0.42727272727272725,0.5465116279069767,0.19148936170212766,1.0272727272727273,0.767153607791058,0.23284639220894202,2259,526,0.8709677419354839,0.5294117647058824,51,31,141,27,sec_test_0010
m3_full,19521014,test,0.0,98,47,0.6595744680851063,0.3163265306122449,0.42758620689655175,0.1896551724137931,1.0204081632653061,0.7369848156182213,0.26301518438177873,1844,485,0.5396825396825397,0.5396825396825397,63,63,116,22,sec_test_0011
m3_full,19521014,test,0.7,98,57,0.6666666666666666,0.3877551020408163,0.49032258064516115,0.234375,1.0714285714285714,0.7193460490463215,0.28065395095367845,2202,618,1.0,0.4126984126984127,63,26,128,30,sec_test_0011
m3_full,19521014,test,0.0,116,54,0.7962962962962963,0.3706896551724138,0.5058823529411766,0.17557251908396945,0.9741379310344828,0.7832238504295098,0.21677614957049016,1979,429,0.3787878787878788,0.5555555555555556,45,66,131,23,sec_test_0012
m3_full,19521014,test,0.7,116,70,0.7285714285714285,0.4396551724137931,0.5483870967741935,0.2517985611510791,1.0258620689655173,0.7439387494683114,0.25606125053168866,2351,602,0.8928571428571429,0.5555555555555556,45,28,139,35,sec_test_0012
m3_full,19521015,dev,0.0,113,48,0.8125,0.34513274336283184,0.484472049689441,0.175,0.9646017699115044,0.7410810810810811,0.25891891891891894,1850,479,0.44155844155844154,0.7083333333333334,48,77,120,21,sec_dev_0000
m3_full,19521015,dev,0.7,113,63,0.7777777777777778,0.4336283185840708,0.5568181818181819,0.21830985915492956,1.0442477876106195,0.7414821124361158,0.25851788756388416,2348,607,1.0,0.5208333333333334,48,25,142,31,sec_dev_0000
m3_full,19521015,dev,0.0,111,39,0.7692307692307693,0.2702702702702703,0.4,0.16964285714285715,0.9819819819819819,0.7491060786650774,0.25089392133492255,1678,421,0.3118279569892473,0.58,50,93,112,19,sec_dev_0001
m3_full,19521015,dev,0.7,111,58,0.7586206896551724,0.3963963963963964,0.5207100591715976,0.23357664233576642,1.054054054054054,0.7138514980460269,0.28614850195397307,2303,659,0.8928571428571429,0.5,50,28,137,32,sec_dev_0001
m3_full,19521015,dev,0.0,112,52,0.75,0.3482142857142857,0.47560975609756106,0.17391304347826086,0.875,0.7318559556786703,0.26814404432132966,1805,484,0.35802469135802467,0.5918367346938775,49,81,115,20,sec_dev_0002
m3_full,19521015,dev,0.7,112,72,0.7222222222222222,0.4642857142857143,0.5652173913043479,0.21804511278195488,0.9285714285714286,0.717306862321968,0.28269313767803195,2317,655,0.8928571428571429,0.5102040816326531,49,28,133,29,sec_dev_0002
m3_full,19521015,dev,0.0,104,46,0.6521739130434783,0.28846153846153844,0.39999999999999997,0.14049586776859505,1.0288461538461537,0.725958866036687,0.274041133963313,1799,493,0.4246575342465753,0.543859649122807,57,73,121,17,sec_dev_0003
m3_full,19521015,dev,0.7,104,64,0.6875,0.4230769230769231,0.5238095238095238,0.14388489208633093,1.0096153846153846,0.7250111061750333,0.27498889382496666,2251,619,0.9615384615384616,0.43859649122807015,57,26,139,20,sec_dev_0003
m3_full,19521015,dev,0.0,117,50,0.7,0.29914529914529914,0.41916167664670656,0.25833333333333336,0.9829059829059829,0.7255208333333334,0.27447916666666666,1920,527,0.3918918918918919,0.6590909090909091,44,74,120,31,sec_dev_0004
m3_full,19521015,dev,0.7,117,70,0.6571428571428571,0.39316239316239315,0.49197860962566836,0.2846715328467153,1.0769230769230769,0.7159043222828367,0.28409567771716326,2383,677,0.9615384615384616,0.5681818181818182,44,26,137,39,sec_dev_0004
m3_full,19521015,dev,0.0,121,57,0.8070175438596491,0.38016528925619836,0.5168539325842697,0.18181818181818182,0.9008264462809917,0.7630029440628067,0.23699705593719333,2038,483,0.4153846153846154,0.675,40,65,132,24,sec_dev_0005
m3_full,19521015,dev,0.7,121,71,0.7746478873239436,0.45454545454545453,0.5729166666666666,0.24305555555555555,1.0082644628099173,0.7475165562913908,0.25248344370860926,2416,610,1.0,0.65,40,26,144,35,sec_dev_0005
m3_full,19521015,dev,0.0,106,43,0.6511627906976745,0.2641509433962264,0.37583892617449666,0.19130434782608696,1.0566037735849056,0.7550432276657061,0.24495677233429394,1735,425,0.43902439024390244,0.6545454545454545,55,82,115,22,sec_dev_0006
m3_full,19521015,dev,0.7,106,58,0.6551724137931034,0.3584905660377358,0.46341463414634143,0.23741007194244604,1.1415094339622642,0.7263203841117416,0.2736796158882584,2291,627,1.0,0.43636363636363634,55,24,139,33,sec_dev_0006
m3_full,19521015,dev,0.0,107,40,0.75,0.2803738317757009,0.40816326530612235,0.13513513513513514,0.9439252336448598,0.7507673419275629,0.24923265807243708,1629,406,0.35106382978723405,0.6111111111111112,54,94,111,15,sec_dev_0007
m3_full,19521015,dev,0.7,107,58,0.6551724137931034,0.35514018691588783,0.4606060606060606,0.2222222222222222,1.1401869158878504,0.7142857142857143,0.2857142857142857,2275,650,0.9259259259259259,0.46296296296296297,54,27,135,30,sec_dev_0007
m3_full,19521015,dev,0.0,109,48,0.7708333333333334,0.3394495412844037,0.4713375796178344,0.18018018018018017,0.908256880733945,0.7306212204507971,0.26937877954920286,1819,490,0.36363636363636365,0.5384615384615384,52,77,111,20,sec_dev_0008
m3_full,19521015,dev,0.7,109,66,0.696969696969697,0.42201834862385323,0.5257142857142858,0.23846153846153847,1.018348623853211,0.7064655172413793,0.2935344827586207,2320,681,1.0,0.4807692307692308,52,25,130,31,sec_dev_0008
m3_full,19521015,dev,0.0,110,41,0.6585365853658537,0.24545454545454545,0.3576158940397351,0.21311475409836064,1.0727272727272728,0.7547274749721913,0.24527252502780866,1798,441,0.379746835443038,0.5882352941176471,51,79,122,26,sec_dev_0009
m3_full,19521015,dev,0.7,110,55,0.7090909090909091,0.35454545454545455,0.4727272727272727,0.22377622377622378,1.1090909090909091,0.7457553330430997,0.2542446669569003,2297,584,0.8888888888888888,0.47058823529411764,51,27,143,32,sec_dev_0009
m3_full,19521015,dev,0.0,104,49,0.6530612244897959,0.3076923076923077,0.4183006535947712,0.17886178861788618,1.0096153846153846,0.7210015329586101,0.27899846704138986,1957,546,0.47368421052631576,0.47368421052631576,57,57,123,22,sec_dev_0010
m3_full,19521015,dev,0.7,104,58,0.603448275862069,0.33653846153846156,0.4320987654320988,0.23880597014925373,1.1730769230769231,0.709179170344219,0.2908208296557811,2266,659,0.96,0.42105263157894735,57,25,134,32,sec_dev_0010
m3_full,19521015,dev,0.0,105,44,0.7727272727272727,0.3238095238095238,0.45637583892617456,0.176,1.0285714285714285,0.7544715447154472,0.24552845528455283,1845,453,0.42028985507246375,0.5178571428571429,56,69,125,22,sec_dev_0011
m3_full,19521015,dev,0.7,105,59,0.7288135593220338,0.4095238095238095,0.524390243902439,0.25735294117647056,1.1142857142857143,0.7342381786339756,0.2657618213660245,2284,607,1.0,0.42857142857142855,56,24,136,35,sec_dev_0011
m3_full,19521015,test,0.0,110,51,0.7254901960784313,0.33636363636363636,0.4596273291925466,0.168141592920354,0.9090909090909091,0.7692307692307692,0.23076923076923078,1807,417,0.4050632911392405,0.6274509803921569,51,79,113,19,sec_test_0000
m3_full,19521015,test,0.7,110,64,0.671875,0.39090909090909093,0.4942528735632184,0.22962962962962963,1.0727272727272728,0.7544086021505376,0.24559139784946238,2325,571,1.0,0.49019607843137253,51,25,135,31,sec_test_0000
m3_full,19521015,test,0.0,106,43,0.7209302325581395,0.29245283018867924,0.4161073825503355,0.19327731092436976,1.0188679245283019,0.7316114542391914,0.26838854576080856,1781,478,0.4155844155844156,0.5818181818181818,55,77,119,23,sec_test_0001
m3_full,19521015,test,0.7,106,61,0.6721311475409836,0.3867924528301887,0.49101796407185627,0.23741007194244604,1.1603773584905661,0.7142228093350946,0.2857771906649053,2271,649,0.9615384615384616,0.45454545454545453,55,26,139,33,sec_test_0001
m3_full,19521015,test,0.0,114,56,0.6607142857142857,0.32456140350877194,0.43529411764705883,0.2542372881355932,0.9649122807017544,0.721602434077079,0.2783975659229209,1972,549,0.4090909090909091,0.574468085106383,47,66,118,30,sec_test_0002
m3_full,19521015,test,0.7,114,64,0.671875,0.37719298245614036,0.4831460674157303,0.2857142857142857,1.0701754385964912,0.7114490916772286,0.2885509083227714,2367,683,1.0,0.5319148936170213,47,25,133,38,sec_test_0002
m3_full,19521015,test,0.0,111,49,0.673469387755102,0.2972972972972973,0.41250000000000003,0.22857142857142856,0.918918918918919,0.715068493150685,0.28493150684931506,1825,520,0.3670886075949367,0.58,50,79,105,24,sec_test_0003
m3_full,19521015,test,0.7,111,64,0.671875,0.38738738738738737,0.49142857142857144,0.2230769230769231,0.990990990990991,0.7125,0.2875,2320,667,0.9629629629629629,0.52,50,27,130,29,sec_test_0003
m3_full,19521015,test,0.0,109,39,0.7435897435897436,0.26605504587155965,0.39189189189189194,0.1588785046728972,0.9357798165137615,0.7543335325762104,0.2456664674237896,1673,411,0.32608695652173914,0.5769230769230769,52,92,107,17,sec_test_0004
m3_full,19521015,test,0.7,109,65,0.7076923076923077,0.42201834862385323,0.5287356321839081,0.21804511278195488,0.9541284403669725,0.740788903337668,0.25921109666233205,2307,598,0.9615384615384616,0.4807692307692308,52,26,133,29,sec_test_0004
m3_full,19521015,test,0.0,107,40,0.825,0.308411214953271,0.44897959183673464,0.1651376146788991,0.9065420560747663,0.7822331893892659,0.2177668106107341,1621,353,0.3473684210526316,0.6111111111111112,54,95,109,18,sec_test_0005
m3_full,19521015,test,0.7,107,63,0.7777777777777778,0.45794392523364486,0.5764705882352941,0.21481481481481482,0.9626168224299065,0.7683516483516484,0.23164835164835165,2275,527,0.9259259259259259,0.46296296296296297,54,27,135,29,sec_test_0005
m3_full,19521015,test,0.0,108,44,0.75,0.3055555555555556,0.4342105263157895,0.17796610169491525,1.0462962962962963,0.7417640807651434,0.25823591923485656,1882,486,0.43478260869565216,0.5660377358490566,53,69,118,21,sec_test_0006
m3_full,19521015,test,0.7,108,59,0.7627118644067796,0.4166666666666667,0.5389221556886227,0.19117647058823528,1.0648148148148149,0.750648228176318,0.24935177182368193,2314,577,1.0,0.4528301886792453,53,24,136,26,sec_test_0006
m3_full,19521015,test,0.0,112,43,0.6976744186046512,0.26785714285714285,0.3870967741935484,0.2,0.9821428571428571,0.7346820809248555,0.2653179190751445,1730,459,0.38202247191011235,0.6938775510204082,49,89,110,22,sec_test_0007
m3_full,19521015,test,0.7,112,62,0.7096774193548387,0.39285714285714285,0.5057471264367817,0.19148936170212766,1.0535714285714286,0.7304872789995688,0.2695127210004312,2319,625,0.9259259259259259,0.5102040816326531,49,27,141,27,sec_test_0007
m3_full,19521015,test,0.0,106,49,0.7346938775510204,0.33962264150943394,0.46451612903225803,0.1981981981981982,0.9622641509433962,0.7350475125768585,0.2649524874231414,1789,474,0.44155844155844154,0.6181818181818182,55,77,111,22,sec_test_0008
m3_full,19521015,test,0.7,106,62,0.7096774193548387,0.41509433962264153,0.5238095238095237,0.22556390977443608,1.028301886792453,0.742135578201152,0.25786442179884805,2257,582,0.8928571428571429,0.45454545454545453,55,28,133,30,sec_test_0008
m3_full,19521015,test,0.0,108,36,0.6388888888888888,0.21296296296296297,0.3194444444444444,0.2549019607843137,1.1111111111111112,0.7450859950859952,0.2549140049140049,1628,415,0.34375,0.6226415094339622,53,96,102,26,sec_test_0009
m3_full,19521015,test,0.7,108,59,0.559322033898305,0.3055555555555556,0.39520958083832336,0.35772357723577236,1.287037037037037,0.7155804920155373,0.2844195079844627,2317,659,1.0,0.4716981132075472,53,25,123,44,sec_test_0009
m3_full,19521015,test,0.0,110,42,0.7380952380952381,0.2818181818181818,0.40789473684210525,0.16666666666666666,1.009090909090909,0.7632768361581921,0.23672316384180792,1770,419,0.3780487804878049,0.6078431372549019,51,82,120,20,sec_test_0010
m3_full,19521015,test,0.7,110,60,0.7,0.38181818181818183,0.49411764705882355,0.23357664233576642,1.1,0.724706904038211,0.27529309596178897,2303,634,0.9259259259259259,0.49019607843137253,51,27,137,32,sec_test_0010
m3_full,19521015,test,0.0,98,38,0.6842105263157895,0.2653061224489796,0.3823529411764706,0.1652892561983471,1.0612244897959184,0.7587192681532304,0.24128073184676957,1749,422,0.4722222222222222,0.5396825396825397,63,72,121,20,sec_test_0011
m3_full,19521015,test,0.7,98,58,0.6896551724137931,0.40816326530612246,0.5128205128205129,0.17777777777777778,1.0612244897959184,0.7401360544217688,0.2598639455782313,2205,573,1.0,0.3968253968253968,63,25,135,24,sec_test_0011
m3_full,19521015,test,0.0,116,39,0.7435897435897436,0.25,0.3741935483870968,0.15833333333333333,1.0344827586206897,0.7545977011494253,0.2454022988505747,1740,427,0.2857142857142857,0.5777777777777777,45,91,120,19,sec_test_0012
m3_full,19521015,test,0.7,116,61,0.7213114754098361,0.3793103448275862,0.4971751412429378,0.2589928057553957,1.1206896551724137,0.7380851961197807,0.2619148038802193,2371,621,0.9615384615384616,0.5555555555555556,45,26,139,36,sec_test_0012
m3_full,19521016,dev,0.0,113,52,0.6730769230769231,0.30973451327433627,0.4242424242424242,0.2459016393442623,1.0707964601769913,0.7434607645875251,0.25653923541247486,1988,510,0.4603174603174603,0.6041666666666666,48,63,122,30,sec_dev_0000
m3_full,19521016,dev,0.7,113,66,0.6666666666666666,0.3893805309734513,0.49162011173184356,0.28888888888888886,1.1150442477876106,0.7239915074309979,0.2760084925690021,2355,650,1.0,0.5208333333333334,48,25,135,39,sec_dev_0000
m3_full,19521016,dev,0.0,111,40,0.7,0.25225225225225223,0.37086092715231783,0.1935483870967742,1.117117117117117,0.7297441364605544,0.27025586353944564,1876,507,0.4027777777777778,0.58,50,72,124,24,sec_dev_0001
m3_full,19521016,dev,0.7,111,56,0.6785714285714286,0.34234234234234234,0.4550898203592814,0.22695035460992907,1.1891891891891893,0.7080987440450411,0.29190125595495886,2309,674,0.9259259259259259,0.5,50,27,141,32,sec_dev_0001
m3_full,19521016,dev,0.0,112,42,0.6904761904761905,0.25892857142857145,0.37662337662337664,0.23008849557522124,1.0267857142857142,0.7205312672938573,0.27946873270614275,1807,505,0.38271604938271603,0.6326530612244898,49,81,113,26,sec_dev_0002
m3_full,19521016,dev,0.7,112,60,0.6666666666666666,0.35714285714285715,0.46511627906976744,0.26515151515151514,1.0892857142857142,0.6962899050905953,0.30371009490940465,2318,704,0.8928571428571429,0.5102040816326531,49,28,132,35,sec_dev_0002
m3_full,19521016,dev,0.0,104,50,0.68,0.3269230769230769,0.44155844155844154,0.11811023622047244,0.9807692307692307,0.785371062466631,0.21462893753336892,1873,402,0.49230769230769234,0.5614035087719298,57,65,127,15,sec_dev_0003
m3_full,19521016,dev,0.7,104,68,0.6764705882352942,0.4423076923076923,0.5348837209302325,0.17037037037037037,0.9903846153846154,0.7430463576158941,0.25695364238410595,2265,582,1.0,0.43859649122807015,57,25,135,23,sec_dev_0003
m3_full,19521016,dev,0.0,117,46,0.6739130434782609,0.26495726495726496,0.3803680981595092,0.23015873015873015,1.1025641025641026,0.7723492723492723,0.22765072765072766,1924,438,0.3972602739726027,0.6590909090909091,44,73,126,29,sec_dev_0004
m3_full,19521016,dev,0.7,117,61,0.6885245901639344,0.358974358974359,0.4719101123595506,0.29927007299270075,1.1367521367521367,0.7289131347041544,0.2710868652958456,2383,646,0.9615384615384616,0.5681818181818182,44,26,137,41,sec_dev_0004
m3_full,19521016,dev,0.0,121,52,0.9038461538461539,0.3884297520661157,0.5433526011560693,0.17886178861788618,0.8429752066115702,0.7673448095983307,0.23265519040166927,1917,446,0.358974358974359,0.7,40,78,123,22,sec_dev_0005
m3_full,19521016,dev,0.7,121,74,0.8648648648648649,0.5289256198347108,0.6564102564102564,0.2112676056338028,0.8429752066115702,0.7433554817275747,0.25664451827242524,2408,618,0.9259259259259259,0.625,40,27,142,30,sec_dev_0005
m3_full,19521016,dev,0.0,106,50,0.56,0.2641509433962264,0.358974358974359,0.226890756302521,1.150943396226415,0.762424904423812,0.2375750955761879,1831,435,0.4305555555555556,0.5636363636363636,55,72,119,27,sec_dev_0006
m3_full,19521016,dev,0.7,106,68,0.5588235294117647,0.3584905660377358,0.43678160919540227,0.2589928057553957,1.179245283018868,0.7485814054997817,0.25141859450021825,2291,576,1.0,0.43636363636363634,55,24,139,36,sec_dev_0006
m3_full,19521016,dev,0.0,107,49,0.7346938775510204,0.3364485981308411,0.46153846153846156,0.1810344827586207,0.9252336448598131,0.7497273718647764,0.25027262813522355,1834,459,0.3698630136986301,0.5,54,73,116,21,sec_dev_0007
m3_full,19521016,dev,0.7,107,61,0.6885245901639344,0.3925233644859813,0.5,0.2558139534883721,1.0373831775700935,0.7114298131247283,0.28857018687527164,2301,664,1.0,0.46296296296296297,54,25,129,33,sec_dev_0007
m3_full,19521016,dev,0.0,109,54,0.5925925925925926,0.29357798165137616,0.392638036809816,0.30434782608695654,1.0642201834862386,0.721760391198044,0.278239608801956,2045,569,0.5370370370370371,0.5576923076923077,52,54,115,35,sec_dev_0008
m3_full,19521016,dev,0.7,109,66,0.5454545454545454,0.3302752293577982,0.4114285714285714,0.31746031746031744,1.128440366972477,0.7022279348757499,0.2977720651242502,2334,695,1.0,0.46153846153846156,52,24,126,40,sec_dev_0008
m3_full,19521016,dev,0.0,110,47,0.7021276595744681,0.3,0.4203821656050955,0.20155038759689922,1.0727272727272728,0.7491075981642019,0.2508924018357981,1961,492,0.5,0.6078431372549019,51,62,129,26,sec_dev_0009
m3_full,19521016,dev,0.7,110,58,0.6551724137931034,0.34545454545454546,0.4523809523809524,0.2569444444444444,1.2181818181818183,0.7461139896373057,0.2538860103626943,2316,588,1.0,0.49019607843137253,51,25,144,37,sec_dev_0009
m3_full,19521016,dev,0.0,104,46,0.717391304347826,0.3173076923076923,0.44,0.225,1.0192307692307692,0.7302083333333333,0.26979166666666665,1920,518,0.5081967213114754,0.543859649122807,57,61,120,27,sec_dev_0010
m3_full,19521016,dev,0.7,104,60,0.7166666666666667,0.41346153846153844,0.524390243902439,0.2366412213740458,1.0192307692307692,0.7202301903497123,0.27976980965028775,2259,632,0.9615384615384616,0.43859649122807015,57,26,131,31,sec_dev_0010
m3_full,19521016,dev,0.0,105,38,0.6052631578947368,0.21904761904761905,0.32167832167832167,0.26605504587155965,1.0952380952380953,0.7440093512565751,0.2559906487434249,1711,438,0.39285714285714285,0.5892857142857143,56,84,109,29,sec_dev_0011
m3_full,19521016,dev,0.7,105,57,0.5087719298245614,0.2761904761904762,0.35802469135802467,0.27007299270072993,1.2285714285714286,0.7452705675318962,0.2547294324681038,2273,579,1.0,0.44642857142857145,56,25,137,37,sec_dev_0011
m3_full,19521016,test,0.0,110,42,0.7380952380952381,0.2818181818181818,0.40789473684210525,0.1452991452991453,1.0,0.7751004016064257,0.2248995983935743,1743,392,0.3411764705882353,0.5686274509803921,51,85,117,17,sec_test_0000
m3_full,19521016,test,0.7,110,59,0.6610169491525424,0.35454545454545455,0.46153846153846156,0.23357664233576642,1.1363636363636365,0.7392062799825556,0.2607937200174444,2293,598,0.8928571428571429,0.49019607843137253,51,28,137,32,sec_test_0000
m3_full,19521016,test,0.0,106,49,0.8163265306122449,0.37735849056603776,0.5161290322580646,0.1557377049180328,0.9622641509433962,0.7436159346271706,0.25638406537282943,1958,502,0.4915254237288136,0.5272727272727272,55,59,122,19,sec_test_0001
m3_full,19521016,test,0.7,106,59,0.7966101694915254,0.44339622641509435,0.5696969696969698,0.17518248175182483,1.0188679245283019,0.7267927848658161,0.2732072151341839,2273,621,0.9615384615384616,0.45454545454545453,55,26,137,24,sec_test_0001
m3_full,19521016,test,0.0,114,58,0.7758620689655172,0.39473684210526316,0.5232558139534884,0.208,0.9298245614035088,0.7417283950617284,0.2582716049382716,2025,523,0.4666666666666667,0.5957446808510638,47,60,125,26,sec_test_0002
m3_full,19521016,test,0.7,114,68,0.8088235294117647,0.4824561403508772,0.6043956043956045,0.23357664233576642,0.9298245614035088,0.7302603499786599,0.26973965002134015,2343,632,0.9259259259259259,0.5319148936170213,47,27,137,32,sec_test_0002
m3_full,19521016,test,0.0,111,43,0.7209302325581395,0.27927927927927926,0.4025974025974025,0.15966386554621848,1.018018018018018,0.7546322290847838,0.24536777091521617,1781,437,0.36585365853658536,0.6,50,82,119,19,sec_test_0003
m3_full,19521016,test,0.7,111,58,0.6724137931034483,0.35135135135135137,0.4615384615384615,0.19858156028368795,1.1081081081081081,0.7324923879947803,0.26750761200521966,2299,615,0.8928571428571429,0.5,50,28,141,28,sec_test_0003
m3_full,19521016,test,0.0,109,43,0.7209302325581395,0.28440366972477066,0.40789473684210525,0.20512820512820512,1.1009174311926606,0.7243624525230603,0.27563754747693975,1843,508,0.40540540540540543,0.5769230769230769,52,74,117,24,sec_test_0004
m3_full,19521016,test,0.7,109,54,0.6481481481481481,0.3211009174311927,0.4294478527607362,0.24087591240875914,1.2110091743119267,0.7174770039421814,0.28252299605781866,2283,645,0.9642857142857143,0.5192307692307693,52,28,137,33,sec_test_0004
m3_full,19521016,test,0.0,107,44,0.7272727272727273,0.29906542056074764,0.42384105960264895,0.21951219512195122,1.0373831775700935,0.7793427230046949,0.22065727699530516,1917,423,0.46875,0.5555555555555556,54,64,123,27,sec_test_0005
m3_full,19521016,test,0.7,107,63,0.6984126984126984,0.411214953271028,0.5176470588235293,0.26119402985074625,1.0373831775700935,0.7615923009623797,0.2384076990376203,2286,545,0.9615384615384616,0.46296296296296297,54,26,134,35,sec_test_0005
m3_full,19521016,test,0.0,108,42,0.5952380952380952,0.23148148148148148,0.33333333333333337,0.18548387096774194,1.1481481481481481,0.7554466230936819,0.2445533769063181,1836,449,0.410958904109589,0.5660377358490566,53,73,124,23,sec_test_0006
m3_full,19521016,test,0.7,108,54,0.5740740740740741,0.28703703703703703,0.38271604938271603,0.24647887323943662,1.3055555555555556,0.737597911227154,0.26240208877284593,2298,603,1.0,0.4716981132075472,53,25,142,35,sec_test_0006
m3_full,19521016,test,0.0,112,49,0.6530612244897959,0.2857142857142857,0.39751552795031053,0.24074074074074073,1.0178571428571428,0.7353273137697517,0.2646726862302483,1772,469,0.3411764705882353,0.5918367346938775,49,85,108,26,sec_test_0007
m3_full,19521016,test,0.7,112,65,0.676923076923077,0.39285714285714285,0.4971751412429379,0.2748091603053435,1.0535714285714286,0.7075351213282248,0.29246487867177523,2349,687,1.0,0.5102040816326531,49,25,131,36,sec_test_0007
m3_full,19521016,test,0.0,106,55,0.7090909090909091,0.36792452830188677,0.48447204968944096,0.21666666666666667,1.009433962264151,0.7487046632124352,0.25129533678756477,1930,485,0.532258064516129,0.6,55,62,120,26,sec_test_0008
m3_full,19521016,test,0.7,106,68,0.6764705882352942,0.4339622641509434,0.5287356321839081,0.22962962962962963,1.0566037735849056,0.7435448577680526,0.2564551422319475,2285,586,1.0,0.45454545454545453,55,25,135,31,sec_test_0008
m3_full,19521016,test,0.0,108,28,0.75,0.19444444444444445,0.3088235294117647,0.16326530612244897,0.9814814814814815,0.7965976331360947,0.20340236686390534,1352,275,0.27419354838709675,0.6415094339622641,53,124,98,16,sec_test_0009
m3_full,19521016,test,0.7,108,56,0.625,0.32407407407407407,0.4268292682926829,0.30952380952380953,1.1388888888888888,0.7444046553267681,0.25559534467323186,2234,571,0.7575757575757576,0.4716981132075472,53,33,126,39,sec_test_0009
m3_full,19521016,test,0.0,110,56,0.6785714285714286,0.34545454545454546,0.45783132530120485,0.19834710743801653,0.9636363636363636,0.7674174960712414,0.2325825039287585,1909,444,0.4264705882352941,0.5686274509803921,51,68,121,24,sec_test_0010
m3_full,19521016,test,0.7,110,70,0.7142857142857143,0.45454545454545453,0.5555555555555556,0.21428571428571427,1.009090909090909,0.7604347826086957,0.23956521739130435,2300,551,0.9259259259259259,0.49019607843137253,51,27,140,30,sec_test_0010
m3_full,19521016,test,0.0,98,43,0.6976744186046512,0.30612244897959184,0.425531914893617,0.17391304347826086,0.9795918367346939,0.7587392550143266,0.24126074498567335,1745,421,0.4520547945205479,0.5238095238095238,63,73,115,20,sec_test_0011
m3_full,19521016,test,0.7,98,58,0.6724137931034483,0.3979591836734694,0.5,0.21641791044776118,1.0816326530612246,0.7363387978142076,0.26366120218579236,2196,579,0.9615384615384616,0.3968253968253968,63,26,134,29,sec_test_0011
m3_full,19521016,test,0.0,116,43,0.6976744186046512,0.25862068965517243,0.3773584905660377,0.21666666666666667,1.043103448275862,0.7696132596685084,0.2303867403314917,1810,417,0.3333333333333333,0.6222222222222222,45,84,120,26,sec_test_0012
m3_full,19521016,test,0.7,116,60,0.65,0.33620689655172414,0.44318181818181823,0.2826086956521739,1.1724137931034482,0.7446626814688301,0.2553373185311699,2342,598,0.8620689655172413,0.5555555555555556,45,29,138,39,sec_test_0012
m3_full,19521017,dev,0.0,113,35,0.6,0.18584070796460178,0.2837837837837838,0.26732673267326734,1.1504424778761062,0.7201976528721433,0.2798023471278567,1619,453,0.3333333333333333,0.7083333333333334,48,102,101,27,sec_dev_0000
m3_full,19521017,dev,0.7,113,61,0.6065573770491803,0.3274336283185841,0.42528735632183906,0.33858267716535434,1.1946902654867257,0.6935826604334892,0.30641733956651085,2353,721,0.9615384615384616,0.5208333333333334,48,26,127,43,sec_dev_0000
m3_full,19521017,dev,0.0,111,33,0.696969696969697,0.2072072072072072,0.3194444444444445,0.15306122448979592,0.990990990990991,0.756198347107438,0.24380165289256198,1452,354,0.28205128205128205,0.66,50,117,98,15,sec_dev_0001
m3_full,19521017,dev,0.7,111,59,0.6949152542372882,0.36936936936936937,0.48235294117647054,0.21739130434782608,1.0810810810810811,0.6993891797556719,0.3006108202443281,2292,689,0.8620689655172413,0.5,50,29,138,30,sec_dev_0001
m3_full,19521017,dev,0.0,112,27,0.8148148148148148,0.19642857142857142,0.316546762589928,0.09183673469387756,0.9375,0.7891373801916933,0.2108626198083067,1252,264,0.2536231884057971,0.7142857142857143,49,138,98,9,sec_dev_0002
m3_full,19521017,dev,0.7,112,69,0.7246376811594203,0.44642857142857145,0.5524861878453039,0.2246376811594203,0.9553571428571429,0.7250217202432667,0.2749782797567333,2302,633,0.9310344827586207,0.5510204081632653,49,29,138,31,sec_dev_0002
m3_full,19521017,dev,0.0,104,40,0.75,0.28846153846153844,0.4166666666666667,0.1440677966101695,1.0096153846153846,0.730593607305936,0.2694063926940639,1752,472,0.4230769230769231,0.5789473684210527,57,78,118,17,sec_dev_0003
m3_full,19521017,dev,0.7,104,55,0.7454545454545455,0.3942307692307692,0.5157232704402516,0.16428571428571428,1.0769230769230769,0.7258928571428571,0.2741071428571429,2240,614,0.9629629629629629,0.45614035087719296,57,27,140,23,sec_dev_0003
m3_full,19521017,dev,0.0,117,45,0.7333333333333333,0.28205128205128205,0.4074074074074074,0.18032786885245902,1.0256410256410255,0.7760180995475113,0.2239819004524887,1768,396,0.3258426966292135,0.6590909090909091,44,89,122,22,sec_dev_0004
m3_full,19521017,dev,0.7,117,65,0.6615384615384615,0.36752136752136755,0.4725274725274726,0.2620689655172414,1.1794871794871795,0.7245283018867925,0.27547169811320754,2385,657,1.0,0.5681818181818182,44,25,145,38,sec_dev_0004
m3_full,19521017,dev,0.0,121,52,0.7692307692307693,0.3305785123966942,0.4624277456647398,0.1328125,0.9338842975206612,0.75,0.25,1872,468,0.32926829268292684,0.675,40,82,128,17,sec_dev_0005
m3_full,19521017,dev,0.7,121,75,0.7333333333333333,0.45454545454545453,0.5612244897959184,0.17123287671232876,0.9586776859504132,0.7260726072607261,0.2739273927392739,2424,664,1.0,0.625,40,25,146,25,sec_dev_0005
m3_full,19521017,dev,0.0,106,41,0.6829268292682927,0.2641509433962264,0.38095238095238093,0.20535714285714285,1.0,0.7539203860072377,0.24607961399276237,1658,408,0.35555555555555557,0.5818181818181818,55,90,112,23,sec_dev_0006
m3_full,19521017,dev,0.7,106,63,0.5714285714285714,0.33962264150943394,0.42603550295857984,0.25,1.1981132075471699,0.7428443649373881,0.2571556350626118,2236,575,0.896551724137931,0.4727272727272727,55,29,144,36,sec_dev_0006
m3_full,19521017,dev,0.0,107,41,0.7073170731707317,0.27102803738317754,0.3918918918918919,0.13392857142857142,1.0,0.7129071170084439,0.2870928829915561,1658,476,0.37362637362637363,0.6296296296296297,54,91,112,15,sec_dev_0007
m3_full,19521017,dev,0.7,107,56,0.7142857142857143,0.37383177570093457,0.49079754601226994,0.2,1.1121495327102804,0.6960526315789474,0.30394736842105263,2280,693,0.9615384615384616,0.46296296296296297,54,26,140,28,sec_dev_0007
m3_full,19521017,dev,0.0,109,44,0.6590909090909091,0.26605504587155965,0.3790849673202614,0.22123893805309736,1.0275229357798166,0.7110621904237755,0.28893780957622456,1817,525,0.35064935064935066,0.5192307692307693,52,77,113,25,sec_dev_0008
m3_full,19521017,dev,0.7,109,59,0.6949152542372882,0.3761467889908257,0.4880952380952381,0.2878787878787879,1.128440366972477,0.7144089732528042,0.28559102674719583,2318,662,1.0,0.4807692307692308,52,25,132,38,sec_dev_0008
m3_full,19521017,dev,0.0,110,38,0.631578947368421,0.21818181818181817,0.32432432432432434,0.22018348623853212,1.1272727272727272,0.7382885696439725,0.2617114303560275,1601,419,0.36,0.7058823529411765,51,100,109,24,sec_dev_0009
m3_full,19521017,dev,0.7,110,59,0.576271186440678,0.3090909090909091,0.4023668639053254,0.2857142857142857,1.309090909090909,0.7277056277056277,0.2722943722943723,2310,629,0.9615384615384616,0.49019607843137253,51,26,140,40,sec_dev_0009
m3_full,19521017,dev,0.0,104,42,0.6190476190476191,0.25,0.3561643835616438,0.22321428571428573,1.1346153846153846,0.7191075514874141,0.2808924485125858,1748,491,0.45569620253164556,0.631578947368421,57,79,112,25,sec_dev_0010
m3_full,19521017,dev,0.7,104,57,0.5964912280701754,0.3269230769230769,0.42236024844720493,0.2463768115942029,1.2019230769230769,0.7113174182139699,0.28868258178603007,2262,653,1.0,0.43859649122807015,57,25,138,34,sec_dev_0010
m3_full,19521017,dev,0.0,105,37,0.7027027027027027,0.24761904761904763,0.36619718309859156,0.14049586776859505,1.0380952380952382,0.7914919113241462,0.2085080886758538,1669,348,0.3563218390804598,0.5535714285714286,56,87,121,17,sec_dev_0011
m3_full,19521017,dev,0.7,105,54,0.5925925925925926,0.3047619047619048,0.4025157232704403,0.23943661971830985,1.2095238095238094,0.7464093357271095,0.2535906642728905,2228,565,0.896551724137931,0.4642857142857143,56,29,142,34,sec_dev_0011
m3_full,19521017,test,0.0,110,46,0.717391304347826,0.3,0.4230769230769231,0.1834862385321101,0.9363636363636364,0.7792980368828079,0.22070196311719215,1681,371,0.29347826086956524,0.5294117647058824,51,92,109,20,sec_test_0000
m3_full,19521017,test,0.7,110,62,0.6451612903225806,0.36363636363636365,0.4651162790697675,0.2536231884057971,1.1272727272727272,0.7517301038062284,0.24826989619377163,2312,574,0.9615384615384616,0.49019607843137253,51,26,138,35,sec_test_0000
m3_full,19521017,test,0.0,106,37,0.7837837837837838,0.27358490566037735,0.40559440559440557,0.1485148514851485,0.9433962264150944,0.7374076561450638,0.2625923438549362,1489,391,0.3425925925925926,0.6727272727272727,55,108,101,15,sec_test_0001
m3_full,19521017,test,0.7,106,69,0.782608695652174,0.5094339622641509,0.6171428571428571,0.1897810218978102,0.9150943396226415,0.7322138753866549,0.2677861246133451,2263,606,0.9629629629629629,0.4727272727272727,55,27,137,26,sec_test_0001
m3_full,19521017,test,0.0,114,43,0.6511627906976745,0.24561403508771928,0.35668789808917195,0.2523364485981308,1.0350877192982457,0.7297139521307647,0.27028604786923527,1713,463,0.3548387096774194,0.7021276595744681,47,93,107,27,sec_test_0002
m3_full,19521017,test,0.7,114,59,0.6101694915254238,0.3157894736842105,0.41618497109826585,0.3358208955223881,1.2017543859649122,0.692208904109589,0.307791095890411,2336,719,0.8928571428571429,0.5319148936170213,47,28,134,45,sec_test_0002
m3_full,19521017,test,0.0,111,42,0.6428571428571429,0.24324324324324326,0.35294117647058826,0.18584070796460178,1.063063063063063,0.7483601669648181,0.2516398330351819,1677,422,0.3333333333333333,0.62,50,93,113,21,sec_test_0003
m3_full,19521017,test,0.7,111,64,0.59375,0.34234234234234234,0.4342857142857143,0.26618705035971224,1.1981981981981982,0.7177177177177176,0.2822822822822823,2331,658,1.0,0.5,50,25,139,37,sec_test_0003
m3_full,19521017,test,0.0,109,31,0.6129032258064516,0.1743119266055046,0.27142857142857146,0.18095238095238095,1.0642201834862386,0.7432343234323433,0.25676567656765675,1515,389,0.3148148148148148,0.6538461538461539,52,108,105,19,sec_test_0004
m3_full,19521017,test,0.7,109,63,0.5714285714285714,0.3302752293577982,0.4186046511627907,0.27205882352941174,1.165137614678899,0.7228546409807355,0.27714535901926446,2284,633,0.8928571428571429,0.4807692307692308,52,28,136,37,sec_test_0004
m3_full,19521017,test,0.0,107,47,0.7659574468085106,0.3364485981308411,0.46753246753246747,0.17307692307692307,0.8691588785046729,0.768796992481203,0.231203007518797,1596,369,0.3877551020408163,0.7037037037037037,54,98,104,18,sec_test_0005
m3_full,19521017,test,0.7,107,68,0.6911764705882353,0.4392523364485981,0.5371428571428571,0.2014388489208633,1.0186915887850467,0.7549320473476545,0.24506795265234546,2281,559,0.9615384615384616,0.46296296296296297,54,26,139,28,sec_test_0005
m3_full,19521017,test,0.0,108,34,0.7058823529411765,0.2222222222222222,0.3380281690140845,0.16346153846153846,1.0277777777777777,0.7733957219251337,0.2266042780748663,1496,339,0.28440366972477066,0.5849056603773585,53,109,104,17,sec_test_0006
m3_full,19521017,test,0.7,108,59,0.6779661016949152,0.37037037037037035,0.47904191616766467,0.2112676056338028,1.1296296296296295,0.7548076923076923,0.24519230769230768,2288,561,0.9615384615384616,0.4716981132075472,53,26,142,30,sec_test_0006
m3_full,19521017,test,0.0,112,45,0.6444444444444445,0.25892857142857145,0.36942675159235666,0.22429906542056074,0.9732142857142857,0.7336089781453041,0.2663910218546958,1693,451,0.3010752688172043,0.5714285714285714,49,93,107,24,sec_test_0007
m3_full,19521017,test,0.7,112,68,0.6470588235294118,0.39285714285714285,0.4888888888888888,0.27205882352941174,1.1071428571428572,0.7256825938566553,0.2743174061433447,2344,643,1.0,0.5102040816326531,49,25,136,37,sec_test_0007
m3_full,19521017,test,0.0,106,42,0.6666666666666666,0.2641509433962264,0.37837837837837834,0.19130434782608696,1.0849056603773586,0.7564179104477612,0.2435820895522388,1675,408,0.42045454545454547,0.6727272727272727,55,88,115,22,sec_test_0008
m3_full,19521017,test,0.7,106,59,0.6101694915254238,0.33962264150943394,0.43636363636363634,0.26277372262773724,1.2169811320754718,0.7240473061760841,0.2759526938239159,2283,630,1.0,0.45454545454545453,55,25,137,36,sec_test_0008
m3_full,19521017,test,0.0,108,35,0.7142857142857143,0.23148148148148148,0.34965034965034963,0.2,0.9722222222222222,0.7780918727915194,0.22190812720848058,1415,314,0.3050847457627119,0.6792452830188679,53,118,95,19,sec_test_0009
m3_full,19521017,test,0.7,108,61,0.6557377049180327,0.37037037037037035,0.47337278106508873,0.3153846153846154,1.1851851851851851,0.7291304347826086,0.2708695652173913,2300,623,0.9615384615384616,0.4716981132075472,53,26,130,41,sec_test_0009
m3_full,19521017,test,0.0,110,32,0.6875,0.2,0.3098591549295775,0.19,1.0,0.76875,0.23125,1440,333,0.28205128205128205,0.6470588235294118,51,117,100,19,sec_test_0010
m3_full,19521017,test,0.7,110,62,0.7419354838709677,0.41818181818181815,0.5348837209302325,0.22058823529411764,0.9818181818181818,0.756433007985803,0.243566992014197,2254,549,0.8125,0.5098039215686274,51,32,136,30,sec_test_0010
m3_full,19521017,test,0.0,98,41,0.7560975609756098,0.3163265306122449,0.4460431654676259,0.1724137931034483,0.9795918367346939,0.7462077012835473,0.25379229871645276,1714,435,0.42105263157894735,0.5079365079365079,63,76,116,20,sec_test_0011
m3_full,19521017,test,0.7,98,59,0.711864406779661,0.42857142857142855,0.535031847133758,0.23484848484848486,1.0510204081632653,0.7330895795246801,0.26691042047531993,2188,584,0.9629629629629629,0.4126984126984127,63,27,132,31,sec_test_0011
m3_full,19521017,test,0.0,116,36,0.8055555555555556,0.25,0.3815789473684211,0.16981132075471697,1.0,0.7570332480818415,0.24296675191815856,1564,380,0.3,0.7333333333333333,45,110,106,18,sec_test_0012
m3_full,19521017,test,0.7,116,63,0.6984126984126984,0.3793103448275862,0.4916201117318436,0.22377622377622378,1.0948275862068966,0.7373780229104794,0.26262197708952056,2357,619,0.9259259259259259,0.5555555555555556,45,27,143,32,sec_test_0012
m3_full,19521018,dev,0.0,113,28,0.7857142857142857,0.19469026548672566,0.3120567375886525,0.15555555555555556,0.9469026548672567,0.7696000000000001,0.2304,1250,288,0.2571428571428571,0.75,48,140,90,14,sec_dev_0000
m3_full,19521018,dev,0.7,113,64,0.6875,0.3893805309734513,0.4971751412429378,0.2624113475177305,1.0973451327433628,0.7507678806494076,0.24923211935059236,2279,568,0.8125,0.5416666666666666,48,32,141,37,sec_dev_0000
m3_full,19521018,dev,0.0,111,25,0.72,0.16216216216216217,0.2647058823529412,0.1686746987951807,1.009009009009009,0.79155672823219,0.20844327176781002,1137,237,0.28,0.84,50,150,83,14,sec_dev_0001
m3_full,19521018,dev,0.7,111,52,0.5769230769230769,0.2702702702702703,0.3680981595092025,0.24087591240875914,1.2072072072072073,0.7263060564031438,0.2736939435968562,2163,592,0.5952380952380952,0.5,50,42,137,33,sec_dev_0001
m3_full,19521018,dev,0.0,112,27,0.7037037037037037,0.16964285714285715,0.2733812949640288,0.21875,0.9107142857142857,0.7222222222222222,0.2777777777777778,1026,285,0.25609756097560976,0.8571428571428571,49,164,64,14,sec_dev_0002
m3_full,19521018,dev,0.7,112,56,0.6785714285714286,0.3392857142857143,0.45238095238095244,0.2890625,1.0625,0.7156862745098039,0.28431372549019607,2142,609,0.5869565217391305,0.5510204081632653,49,46,128,37,sec_dev_0002
m3_full,19521018,dev,0.0,104,22,0.4090909090909091,0.08653846153846154,0.14285714285714288,0.1232876712328767,1.0288461538461537,0.7682119205298014,0.23178807947019867,1057,245,0.2565789473684211,0.6842105263157895,57,152,73,9,sec_dev_0003
m3_full,19521018,dev,0.7,104,55,0.5818181818181818,0.3076923076923077,0.4025157232704403,0.21804511278195488,1.1730769230769231,0.7337278106508875,0.26627218934911245,2197,585,0.78125,0.43859649122807015,57,32,133,29,sec_dev_0003
m3_full,19521018,dev,0.0,117,30,0.7333333333333333,0.18803418803418803,0.29931972789115646,0.16666666666666666,0.9316239316239316,0.778061224489796,0.22193877551020408,1176,261,0.23684210526315788,0.8181818181818182,44,152,84,14,sec_dev_0004
m3_full,19521018,dev,0.7,117,62,0.6451612903225806,0.3418803418803419,0.446927374301676,0.22142857142857142,1.0683760683760684,0.74375,0.25625,2240,574,0.625,0.5681818181818182,44,40,140,31,sec_dev_0004
m3_full,19521018,dev,0.0,121,19,0.7368421052631579,0.11570247933884298,0.20000000000000004,0.1590909090909091,1.0743801652892562,0.7825719120135364,0.21742808798646363,1182,257,0.1870967741935484,0.725,40,155,88,14,sec_dev_0005
m3_full,19521018,dev,0.7,121,55,0.6181818181818182,0.2809917355371901,0.3863636363636364,0.2465753424657534,1.1983471074380165,0.7384481255448998,0.26155187445510025,2294,600,0.6578947368421053,0.625,40,38,146,36,sec_dev_0005
m3_full,19521018,dev,0.0,106,17,0.7647058823529411,0.12264150943396226,0.21138211382113822,0.15384615384615385,1.009433962264151,0.7953629032258065,0.20463709677419356,992,203,0.26875,0.7818181818181819,55,160,78,12,sec_dev_0006
m3_full,19521018,dev,0.7,106,56,0.6964285714285714,0.36792452830188677,0.48148148148148145,0.22962962962962963,1.0943396226415094,0.7414187643020596,0.2585812356979405,2185,565,0.7714285714285715,0.4909090909090909,55,35,135,31,sec_dev_0006
m3_full,19521018,dev,0.0,107,29,0.7241379310344828,0.19626168224299065,0.30882352941176466,0.10975609756097561,0.897196261682243,0.7431506849315068,0.2568493150684932,1168,300,0.26573426573426573,0.7037037037037037,54,143,82,9,sec_dev_0007
m3_full,19521018,dev,0.7,107,64,0.6875,0.411214953271028,0.5146198830409356,0.2558139534883721,1.0093457943925233,0.7168701944821347,0.2831298055178652,2211,626,0.7647058823529411,0.48148148148148145,54,34,129,33,sec_dev_0007
m3_full,19521018,dev,0.0,109,24,0.6666666666666666,0.14678899082568808,0.2406015037593985,0.10344827586206896,0.981651376146789,0.778652668416448,0.22134733158355205,1143,253,0.23129251700680273,0.6538461538461539,52,147,87,9,sec_dev_0008
m3_full,19521018,dev,0.7,109,60,0.6666666666666666,0.3669724770642202,0.4733727810650888,0.208955223880597,1.073394495412844,0.7302810516772439,0.2697189483227561,2206,595,0.6666666666666666,0.46153846153846156,52,36,134,28,sec_dev_0008
m3_full,19521018,dev,0.0,110,15,0.6,0.08181818181818182,0.144,0.1323529411764706,1.0,0.7908653846153846,0.2091346153846154,832,174,0.23204419889502761,0.8235294117647058,51,181,68,9,sec_dev_0009
m3_full,19521018,dev,0.7,110,55,0.7272727272727273,0.36363636363636365,0.4848484848484849,0.18382352941176472,1.009090909090909,0.7754318618042226,0.22456813819577734,2084,468,0.5714285714285714,0.5490196078431373,51,49,136,25,sec_dev_0009
m3_full,19521018,dev,0.0,104,33,0.6666666666666666,0.21153846153846154,0.32116788321167883,0.15294117647058825,0.9615384615384616,0.7502008032128514,0.2497991967871486,1245,311,0.3106060606060606,0.7192982456140351,57,132,85,13,sec_dev_0010
m3_full,19521018,dev,0.7,104,62,0.6612903225806451,0.3942307692307692,0.49397590361445776,0.21481481481481482,1.0769230769230769,0.7183673469387755,0.2816326530612245,2205,621,0.8709677419354839,0.47368421052631576,57,31,135,29,sec_dev_0010
m3_full,19521018,dev,0.0,105,14,0.7142857142857143,0.09523809523809523,0.1680672268907563,0.20833333333333334,1.0380952380952382,0.7739872068230277,0.2260127931769723,938,212,0.2545454545454545,0.75,56,165,72,15,sec_dev_0011
m3_full,19521018,dev,0.7,105,47,0.6170212765957447,0.2761904761904762,0.3815789473684211,0.3111111111111111,1.3142857142857143,0.7288683602771362,0.27113163972286375,2165,587,0.7777777777777778,0.5,56,36,135,42,sec_dev_0011
m3_full,19521018,test,0.0,110,20,0.75,0.13636363636363635,0.23076923076923075,0.08450704225352113,0.9272727272727272,0.8197997775305895,0.18020022246941045,899,162,0.21839080459770116,0.7450980392156863,51,174,71,6,sec_test_0000
m3_full,19521018,test,0.7,110,56,0.6785714285714286,0.34545454545454546,0.45783132530120485,0.17424242424242425,1.0272727272727273,0.7528195488721805,0.24718045112781956,2128,526,0.5555555555555556,0.49019607843137253,51,45,132,23,sec_test_0000
m3_full,19521018,test,0.0,106,23,0.782608695652174,0.16981132075471697,0.27906976744186046,0.11764705882352941,0.9150943396226415,0.7592190889370933,0.24078091106290672,922,222,0.26785714285714285,0.8181818181818182,55,168,68,8,sec_test_0001
m3_full,19521018,test,0.7,106,66,0.6515151515151515,0.4056603773584906,0.5,0.21481481481481482,1.0377358490566038,0.7288683602771362,0.27113163972286375,2165,587,0.7837837837837838,0.5272727272727272,55,37,135,29,sec_test_0001
m3_full,19521018,test,0.0,114,15,0.7333333333333333,0.09649122807017543,0.17054263565891473,0.10144927536231885,0.9824561403508771,0.8025851938895417,0.19741480611045828,851,168,0.20765027322404372,0.8085106382978723,47,183,69,7,sec_test_0002
m3_full,19521018,test,0.7,114,50,0.7,0.30701754385964913,0.4268292682926829,0.26865671641791045,1.1578947368421053,0.7135701275045537,0.28642987249544627,2196,629,0.6428571428571429,0.574468085106383,47,42,134,36,sec_test_0002
m3_full,19521018,test,0.0,111,20,0.75,0.13513513513513514,0.22900763358778628,0.13157894736842105,0.972972972972973,0.7562862669245648,0.2437137330754352,1034,252,0.2484472049689441,0.8,50,161,76,10,sec_test_0003
m3_full,19521018,test,0.7,111,60,0.6666666666666666,0.36036036036036034,0.4678362573099415,0.21739130434782608,1.1081081081081081,0.7245646196150322,0.2754353803849679,2182,601,0.675,0.54,50,40,138,30,sec_test_0003
m3_full,19521018,test,0.0,109,24,0.6666666666666666,0.14678899082568808,0.2406015037593985,0.16666666666666666,0.9357798165137615,0.7495256166982922,0.2504743833017078,1054,264,0.22784810126582278,0.6923076923076923,52,158,66,11,sec_test_0004
m3_full,19521018,test,0.7,109,54,0.6851851851851852,0.3394495412844037,0.4539877300613497,0.20610687022900764,1.0458715596330275,0.7479557479557479,0.25204425204425207,2079,524,0.5714285714285714,0.5384615384615384,52,49,131,27,sec_test_0004
m3_full,19521018,test,0.0,107,32,0.6875,0.205607476635514,0.31654676258992803,0.175,0.9626168224299065,0.7724137931034483,0.22758620689655173,1160,264,0.2569444444444444,0.6851851851851852,54,144,80,14,sec_test_0005
m3_full,19521018,test,0.7,107,61,0.6557377049180327,0.37383177570093457,0.4761904761904762,0.2595419847328244,1.074766355140187,0.7494210282538212,0.25057897174617877,2159,541,0.6410256410256411,0.46296296296296297,54,39,131,34,sec_test_0005
m3_full,19521018,test,0.0,108,27,0.8148148148148148,0.2037037037037037,0.32592592592592595,0.12162162162162163,0.8981481481481481,0.7797397769516728,0.22026022304832713,1076,237,0.2532467532467532,0.7358490566037735,53,154,74,9,sec_test_0006
m3_full,19521018,test,0.7,108,57,0.7368421052631579,0.3888888888888889,0.509090909090909,0.18248175182481752,1.0555555555555556,0.7607807535179301,0.2392192464820699,2203,527,0.7428571428571429,0.49056603773584906,53,35,137,25,sec_test_0006
m3_full,19521018,test,0.0,112,26,0.8461538461538461,0.19642857142857142,0.3188405797101449,0.13043478260869565,0.875,0.7575169738118331,0.24248302618816683,1031,250,0.22699386503067484,0.7551020408163265,49,163,69,9,sec_test_0007
m3_full,19521018,test,0.7,112,60,0.6833333333333333,0.36607142857142855,0.4767441860465116,0.24031007751937986,1.0357142857142858,0.7186487737158722,0.28135122628412773,2161,608,0.5909090909090909,0.5306122448979592,49,44,129,31,sec_test_0007
m3_full,19521018,test,0.0,106,30,0.7,0.19811320754716982,0.3088235294117647,0.17045454545454544,1.0,0.751170046801872,0.24882995319812792,1282,319,0.3384615384615385,0.8,55,130,88,15,sec_test_0008
m3_full,19521018,test,0.7,106,58,0.6724137931034483,0.36792452830188677,0.47560975609756095,0.2222222222222222,1.1132075471698113,0.7258581235697941,0.27414187643020593,2185,599,0.7428571428571429,0.4727272727272727,55,35,135,30,sec_test_0008
m3_full,19521018,test,0.0,108,14,0.6428571428571429,0.08333333333333333,0.14754098360655737,0.10606060606060606,1.0185185185185186,0.8400503778337531,0.15994962216624686,794,127,0.22404371584699453,0.7735849056603774,53,183,66,7,sec_test_0009
m3_full,19521018,test,0.7,108,52,0.5961538461538461,0.28703703703703703,0.38749999999999996,0.24444444444444444,1.212962962962963,0.7743341404358354,0.22566585956416466,2065,466,0.6326530612244898,0.5849056603773585,53,49,135,33,sec_test_0009
m3_full,19521018,test,0.0,110,23,0.8695652173913043,0.18181818181818182,0.30075187969924816,0.05813953488372093,0.9090909090909091,0.8481973434535104,0.15180265654648956,1054,160,0.24203821656050956,0.7450980392156863,51,157,86,5,sec_test_0010
m3_full,19521018,test,0.7,110,62,0.7096774193548387,0.4,0.5116279069767441,0.20149253731343283,1.0,0.7842497670083877,0.2157502329916123,2146,463,0.6511627906976745,0.5490196078431373,51,43,134,27,sec_test_0010
m3_full,19521018,test,0.0,98,24,0.7916666666666666,0.19387755102040816,0.3114754098360656,0.16666666666666666,0.9693877551020408,0.7676950998185118,0.2323049001814882,1102,256,0.3049645390070922,0.6825396825396826,63,141,78,13,sec_test_0011
m3_full,19521018,test,0.7,98,51,0.6274509803921569,0.32653061224489793,0.42953020134228187,0.23076923076923078,1.153061224489796,0.737799043062201,0.26220095693779905,2090,548,0.7567567567567568,0.4444444444444444,63,37,130,30,sec_test_0011
m3_full,19521018,test,0.0,116,24,0.7083333333333334,0.14655172413793102,0.24285714285714285,0.16129032258064516,0.9224137931034483,0.7543103448275862,0.24568965517241378,928,228,0.20786516853932585,0.8222222222222222,45,178,62,10,sec_test_0012
m3_full,19521018,test,0.7,116,68,0.6176470588235294,0.3620689655172414,0.4565217391304348,0.22794117647058823,1.043103448275862,0.7553956834532374,0.2446043165467626,2224,544,0.6097560975609756,0.5555555555555556,45,41,136,31,sec_test_0012
m3_full,19521019,dev,0.0,113,54,0.7592592592592593,0.36283185840707965,0.4910179640718563,0.2446043165467626,1.1238938053097345,0.7370057752110173,0.26299422478898266,2251,592,0.8285714285714286,0.6041666666666666,48,35,139,34,sec_dev_0000
m3_full,19521019,dev,0.7,113,59,0.7457627118644068,0.3893805309734513,0.5116279069767442,0.23943661971830985,1.1150442477876106,0.7282793867120954,0.2717206132879046,2348,638,1.0,0.5208333333333334,48,25,142,34,sec_dev_0000
m3_full,19521019,dev,0.0,111,45,0.6666666666666666,0.2702702702702703,0.3846153846153846,0.1865671641791045,1.0990990990990992,0.7468230694037146,0.25317693059628543,2046,518,0.5,0.54,50,54,134,25,sec_dev_0001
m3_full,19521019,dev,0.7,111,59,0.6440677966101694,0.34234234234234234,0.4470588235294118,0.2112676056338028,1.1261261261261262,0.7279726261762189,0.272027373823781,2338,636,1.0,0.48,50,24,142,30,sec_dev_0001
m3_full,19521019,dev,0.0,112,58,0.6379310344827587,0.33035714285714285,0.4352941176470589,0.1953125,1.0178571428571428,0.722972972972973,0.27702702702702703,2072,574,0.5660377358490566,0.6122448979591837,49,53,128,25,sec_dev_0002
m3_full,19521019,dev,0.7,112,64,0.609375,0.3482142857142857,0.4431818181818182,0.2536231884057971,1.125,0.7006861063464838,0.2993138936535163,2332,698,0.9615384615384616,0.5102040816326531,49,26,138,35,sec_dev_0002
m3_full,19521019,dev,0.0,104,53,0.6037735849056604,0.3076923076923077,0.40764331210191085,0.16793893129770993,1.1634615384615385,0.7280233122875182,0.2719766877124818,2059,560,0.6086956521739131,0.49122807017543857,57,46,131,22,sec_dev_0003
m3_full,19521019,dev,0.7,104,61,0.5901639344262295,0.34615384615384615,0.43636363636363634,0.18571428571428572,1.2211538461538463,0.7302222222222222,0.2697777777777778,2250,607,0.9615384615384616,0.43859649122807015,57,26,140,26,sec_dev_0003
m3_full,19521019,dev,0.0,117,60,0.7666666666666667,0.39316239316239315,0.519774011299435,0.24285714285714285,1.0341880341880343,0.7423423423423423,0.25765765765765763,2220,572,0.6190476190476191,0.5909090909090909,44,42,140,34,sec_dev_0004
m3_full,19521019,dev,0.7,117,65,0.7692307692307693,0.42735042735042733,0.5494505494505494,0.2689655172413793,1.0683760683760684,0.740041928721174,0.259958071278826,2385,620,1.0,0.5681818181818182,44,25,145,39,sec_dev_0004
m3_full,19521019,dev,0.0,121,67,0.7014925373134329,0.3884297520661157,0.5,0.2054794520547945,1.0495867768595042,0.7545771578029643,0.24542284219703575,2294,563,0.6578947368421053,0.625,40,38,146,30,sec_dev_0005
m3_full,19521019,dev,0.7,121,74,0.6756756756756757,0.4132231404958678,0.5128205128205129,0.24324324324324326,1.0991735537190082,0.735755573905863,0.26424442609413706,2422,640,1.0,0.625,40,25,148,36,sec_dev_0005
m3_full,19521019,dev,0.0,106,52,0.6923076923076923,0.33962264150943394,0.4556962025316456,0.2112676056338028,1.179245283018868,0.762687969924812,0.23731203007518797,2128,505,0.7,0.509090909090909,55,40,142,30,sec_dev_0006
m3_full,19521019,dev,0.7,106,55,0.6727272727272727,0.3490566037735849,0.4596273291925466,0.21052631578947367,1.2358490566037736,0.7506584723441616,0.24934152765583845,2278,568,1.0,0.43636363636363634,55,24,152,32,sec_dev_0006
m3_full,19521019,dev,0.0,107,60,0.6666666666666666,0.37383177570093457,0.47904191616766467,0.2,1.0467289719626167,0.7252900232018562,0.27470997679814385,2155,592,0.6923076923076923,0.5,54,39,135,27,sec_dev_0007
m3_full,19521019,dev,0.7,107,65,0.6153846153846154,0.37383177570093457,0.4651162790697674,0.20422535211267606,1.1214953271028036,0.7265144863915716,0.27348551360842843,2278,623,0.9615384615384616,0.46296296296296297,54,26,142,29,sec_dev_0007
m3_full,19521019,dev,0.0,109,56,0.625,0.3211009174311927,0.42424242424242425,0.224,1.0275229357798166,0.731002331002331,0.26899766899766897,2145,577,0.627906976744186,0.5192307692307693,52,43,125,28,sec_dev_0008
m3_full,19521019,dev,0.7,109,61,0.639344262295082,0.3577981651376147,0.4588235294117647,0.22556390977443608,1.1009174311926606,0.731413837559089,0.26858616244091105,2327,625,1.0,0.46153846153846156,52,24,133,30,sec_dev_0008
m3_full,19521019,dev,0.0,110,54,0.6296296296296297,0.3090909090909091,0.41463414634146345,0.2357142857142857,1.209090909090909,0.7530232558139535,0.2469767441860465,2150,531,0.6904761904761905,0.5686274509803921,51,42,140,33,sec_dev_0009
m3_full,19521019,dev,0.7,110,59,0.6271186440677966,0.33636363636363636,0.4378698224852071,0.2483221476510067,1.2545454545454546,0.7514002585092633,0.24859974149073674,2321,577,1.0,0.47058823529411764,51,24,149,37,sec_dev_0009
m3_full,19521019,dev,0.0,104,60,0.65,0.375,0.47560975609756106,0.22900763358778625,1.0576923076923077,0.7087017217310376,0.2912982782689623,2149,626,0.7837837837837838,0.5087719298245614,57,37,131,30,sec_dev_0010
m3_full,19521019,dev,0.7,104,64,0.640625,0.3942307692307692,0.4880952380952381,0.23741007194244604,1.0769230769230769,0.7062418158009602,0.2937581841990397,2291,673,1.0,0.38596491228070173,57,22,139,33,sec_dev_0010
m3_full,19521019,dev,0.0,105,48,0.6458333333333334,0.29523809523809524,0.4052287581699347,0.18309859154929578,1.180952380952381,0.7569113441372736,0.2430886558627264,2098,510,0.5952380952380952,0.44642857142857145,56,42,142,26,sec_dev_0011
m3_full,19521019,dev,0.7,105,54,0.6296296296296297,0.3238095238095238,0.4276729559748428,0.22758620689655173,1.2380952380952381,0.7367032967032967,0.2632967032967033,2275,599,1.0,0.42857142857142855,56,24,145,33,sec_dev_0011
m3_full,19521019,test,0.0,110,58,0.603448275862069,0.3181818181818182,0.4166666666666667,0.21374045801526717,1.1090909090909091,0.7541293062765455,0.24587069372345446,2119,521,0.5869565217391305,0.5294117647058824,51,46,131,28,sec_test_0000
m3_full,19521019,test,0.7,110,63,0.5714285714285714,0.32727272727272727,0.41618497109826585,0.24285714285714285,1.2,0.7525862068965518,0.24741379310344827,2320,574,1.0,0.49019607843137253,51,25,140,34,sec_test_0000
m3_full,19521019,test,0.0,106,58,0.7586206896551724,0.41509433962264153,0.5365853658536586,0.15555555555555556,0.9622641509433962,0.7403341288782816,0.25966587112171835,2095,544,0.6363636363636364,0.509090909090909,55,44,135,21,sec_test_0001
m3_full,19521019,test,0.7,106,66,0.696969696969697,0.4339622641509434,0.5348837209302327,0.18309859154929578,1.0377358490566038,0.7354497354497355,0.26455026455026454,2268,600,0.9615384615384616,0.45454545454545453,55,26,142,26,sec_test_0001
m3_full,19521019,test,0.0,114,58,0.7241379310344828,0.3684210526315789,0.48837209302325585,0.25190839694656486,1.0614035087719298,0.737035337310693,0.262964662689307,2179,573,0.5909090909090909,0.5531914893617021,47,44,131,33,sec_test_0002
m3_full,19521019,test,0.7,114,63,0.7301587301587301,0.40350877192982454,0.519774011299435,0.2571428571428571,1.1140350877192982,0.7398305084745762,0.26016949152542374,2360,614,0.96,0.5106382978723404,47,25,140,36,sec_test_0002
m3_full,19521019,test,0.0,111,61,0.6885245901639344,0.3783783783783784,0.48837209302325585,0.20300751879699247,0.990990990990991,0.7508305647840532,0.24916943521594684,2107,525,0.5833333333333334,0.56,50,48,133,27,sec_test_0003
m3_full,19521019,test,0.7,111,68,0.6911764705882353,0.42342342342342343,0.5251396648044693,0.22142857142857142,1.0360360360360361,0.7418103448275862,0.25818965517241377,2320,599,1.0,0.52,50,26,140,31,sec_test_0003
m3_full,19521019,test,0.0,109,50,0.72,0.3302752293577982,0.4528301886792453,0.18796992481203006,1.0275229357798166,0.7297556300910397,0.2702443699089602,2087,564,0.5416666666666666,0.5,52,48,133,25,sec_test_0004
m3_full,19521019,test,0.7,109,60,0.7166666666666667,0.3944954128440367,0.5088757396449705,0.20422535211267606,1.073394495412844,0.7231369150779896,0.2768630849220104,2308,639,1.0,0.4807692307692308,52,25,142,29,sec_test_0004
m3_full,19521019,test,0.0,107,55,0.6727272727272727,0.34579439252336447,0.45679012345679004,0.2153846153846154,1.0467289719626167,0.7668269230769231,0.23317307692307693,2080,485,0.6170212765957447,0.5370370370370371,54,47,130,28,sec_test_0005
m3_full,19521019,test,0.7,107,56,0.6785714285714286,0.35514018691588783,0.4662576687116564,0.2391304347826087,1.1401869158878504,0.7469458987783595,0.2530541012216405,2292,580,1.0,0.46296296296296297,54,25,138,33,sec_test_0005
m3_full,19521019,test,0.0,108,55,0.6727272727272727,0.3425925925925926,0.4539877300613497,0.2366412213740458,1.1111111111111112,0.7503441945846718,0.24965580541532814,2179,544,0.7105263157894737,0.5094339622641509,53,38,131,31,sec_test_0006
m3_full,19521019,test,0.7,108,60,0.65,0.3611111111111111,0.4642857142857143,0.2426470588235294,1.1481481481481481,0.7473958333333333,0.2526041666666667,2304,582,0.96,0.4528301886792453,53,25,136,33,sec_test_0006
m3_full,19521019,test,0.0,112,62,0.6290322580645161,0.3482142857142857,0.4482758620689655,0.22580645161290322,1.0178571428571428,0.7323330106485963,0.2676669893514037,2066,553,0.5370370370370371,0.5918367346938775,49,54,124,28,sec_test_0007
m3_full,19521019,test,0.7,112,70,0.6285714285714286,0.39285714285714285,0.4835164835164835,0.25,1.0714285714285714,0.7342150170648465,0.26578498293515357,2344,623,1.0,0.5102040816326531,49,25,136,34,sec_test_0007
m3_full,19521019,test,0.0,106,56,0.6785714285714286,0.3584905660377358,0.46913580246913583,0.22950819672131148,1.0,0.7210884353741497,0.2789115646258503,2058,574,0.5918367346938775,0.5272727272727272,55,49,122,28,sec_test_0008
m3_full,19521019,test,0.7,106,62,0.7096774193548387,0.41509433962264153,0.5238095238095237,0.2222222222222222,1.0377358490566038,0.7224400871459695,0.2775599128540305,2295,637,1.0,0.43636363636363634,55,24,135,30,sec_test_0008
m3_full,19521019,test,0.0,108,47,0.6170212765957447,0.26851851851851855,0.37419354838709684,0.27049180327868855,1.1851851851851851,0.7345261121856866,0.26547388781431336,2068,549,0.56,0.5283018867924528,53,50,122,33,sec_test_0009
m3_full,19521019,test,0.7,108,55,0.5818181818181818,0.2962962962962963,0.3926380368098159,0.31007751937984496,1.2685185185185186,0.7279443720121686,0.2720556279878314,2301,626,0.9615384615384616,0.4716981132075472,53,26,129,40,sec_test_0009
m3_full,19521019,test,0.0,110,60,0.6666666666666666,0.36363636363636365,0.4705882352941177,0.2196969696969697,1.0545454545454545,0.7695939565627951,0.23040604343720492,2118,488,0.6086956521739131,0.5490196078431373,51,46,132,29,sec_test_0010
m3_full,19521019,test,0.7,110,71,0.6619718309859155,0.42727272727272725,0.5193370165745855,0.2446043165467626,1.0454545454545454,0.7608789314950453,0.23912106850495476,2321,555,1.0,0.49019607843137253,51,25,139,34,sec_test_0010
m3_full,19521019,test,0.0,98,54,0.6851851851851852,0.37755102040816324,0.4868421052631579,0.21052631578947367,1.0612244897959184,0.7316722568279828,0.26832774317201724,2087,560,0.7027027027027027,0.4126984126984127,63,37,133,28,sec_test_0011
m3_full,19521019,test,0.7,98,61,0.6721311475409836,0.41836734693877553,0.5157232704402516,0.22962962962962963,1.0816326530612246,0.727891156462585,0.272108843537415,2205,600,1.0,0.3968253968253968,63,25,135,31,sec_test_0011
m3_full,19521019,test,0.0,116,50,0.62,0.2672413793103448,0.3734939759036144,0.2246376811594203,1.2155172413793103,0.7304429783223374,0.2695570216776626,2122,572,0.5098039215686274,0.5777777777777777,45,51,138,31,sec_test_0012
m3_full,19521019,test,0.7,116,63,0.5873015873015873,0.31896551724137934,0.41340782122905034,0.26573426573426573,1.2413793103448276,0.7248632730332352,0.27513672696676483,2377,654,1.0,0.5555555555555556,45,25,143,38,sec_test_0012
m3_full,19521020,dev,0.0,113,40,0.775,0.2743362831858407,0.4052287581699346,0.19642857142857142,0.9911504424778761,0.7615291262135923,0.23847087378640777,1648,393,0.3673469387755102,0.75,48,98,112,22,sec_dev_0000
m3_full,19521020,dev,0.7,113,52,0.7307692307692307,0.336283185840708,0.46060606060606063,0.30434782608695654,1.1946902654867257,0.739357080799305,0.26064291920069504,2302,600,0.9,0.5625,48,30,138,42,sec_dev_0000
m3_full,19521020,dev,0.0,111,33,0.7272727272727273,0.21621621621621623,0.33333333333333337,0.16346153846153846,1.009009009009009,0.7366310160427807,0.26336898395721925,1496,394,0.29464285714285715,0.66,50,112,104,17,sec_dev_0001
m3_full,19521020,dev,0.7,111,51,0.6470588235294118,0.2972972972972973,0.40740740740740744,0.3235294117647059,1.2432432432432432,0.7070619006102877,0.29293809938971227,2294,672,0.8620689655172413,0.5,50,29,136,44,sec_dev_0001
m3_full,19521020,dev,0.0,112,40,0.625,0.22321428571428573,0.32894736842105265,0.18627450980392157,0.9821428571428571,0.7193877551020409,0.28061224489795916,1568,440,0.3113207547169811,0.673469387755102,49,106,102,19,sec_dev_0002
m3_full,19521020,dev,0.7,112,67,0.6865671641791045,0.4107142857142857,0.5139664804469273,0.24031007751937986,0.9910714285714286,0.7153411560191221,0.2846588439808779,2301,655,0.8333333333333334,0.5102040816326531,49,30,129,31,sec_dev_0002
m3_full,19521020,dev,0.0,104,41,0.5609756097560976,0.22115384615384615,0.3172413793103448,0.19166666666666668,1.125,0.7344632768361582,0.2655367231638418,1770,470,0.39473684210526316,0.5263157894736842,57,76,120,23,sec_dev_0003
m3_full,19521020,dev,0.7,104,61,0.6065573770491803,0.3557692307692308,0.4484848484848485,0.21014492753623187,1.1442307692307692,0.7262544802867383,0.27374551971326166,2232,611,0.8928571428571429,0.43859649122807015,57,28,138,29,sec_dev_0003
m3_full,19521020,dev,0.0,117,39,0.5641025641025641,0.18803418803418803,0.28205128205128205,0.232,1.1794871794871795,0.7449035812672176,0.2550964187327824,1815,463,0.35714285714285715,0.6818181818181818,44,84,125,29,sec_dev_0004
m3_full,19521020,dev,0.7,117,61,0.5901639344262295,0.3076923076923077,0.40449438202247195,0.273972602739726,1.2222222222222223,0.7245155855096883,0.2754844144903117,2374,654,0.9615384615384616,0.5681818181818182,44,26,146,40,sec_dev_0004
m3_full,19521020,dev,0.0,121,50,0.72,0.2975206611570248,0.42105263157894735,0.15625,0.9586776859504132,0.7640807651434645,0.2359192348565356,1882,444,0.32098765432098764,0.65,40,81,128,20,sec_dev_0005
m3_full,19521020,dev,0.7,121,73,0.684931506849315,0.4132231404958678,0.5154639175257733,0.22602739726027396,1.0413223140495869,0.7468931234465617,0.2531068765534383,2414,611,0.9615384615384616,0.625,40,26,146,33,sec_dev_0005
m3_full,19521020,dev,0.0,106,25,0.64,0.1509433962264151,0.24427480916030533,0.17757009345794392,1.0566037735849056,0.76668960770819,0.23331039229181005,1453,339,0.2882882882882883,0.5818181818181818,55,111,107,19,sec_dev_0006
m3_full,19521020,dev,0.7,106,54,0.6666666666666666,0.33962264150943394,0.44999999999999996,0.24285714285714285,1.179245283018868,0.7262222222222222,0.2737777777777778,2250,616,0.8928571428571429,0.45454545454545453,55,28,140,34,sec_dev_0006
m3_full,19521020,dev,0.0,107,32,0.65625,0.19626168224299065,0.302158273381295,0.1553398058252427,1.0467289719626167,0.7020435069215557,0.2979564930784443,1517,452,0.33962264150943394,0.6666666666666666,54,106,103,16,sec_dev_0007
m3_full,19521020,dev,0.7,107,54,0.6851851851851852,0.34579439252336447,0.45962732919254656,0.22627737226277372,1.1401869158878504,0.7209811651335962,0.27901883486640383,2283,637,0.9230769230769231,0.4444444444444444,54,26,137,31,sec_dev_0007
m3_full,19521020,dev,0.0,109,42,0.7142857142857143,0.27522935779816515,0.3973509933774835,0.19130434782608696,1.0091743119266054,0.7361823361823362,0.2638176638176638,1755,463,0.3493975903614458,0.5576923076923077,52,83,115,22,sec_dev_0008
m3_full,19521020,dev,0.7,109,59,0.6779661016949152,0.3669724770642202,0.4761904761904762,0.22857142857142856,1.146788990825688,0.7395652173913043,0.2604347826086956,2300,599,0.9615384615384616,0.4807692307692308,52,26,140,32,sec_dev_0008
m3_full,19521020,dev,0.0,110,42,0.7380952380952381,0.2818181818181818,0.40789473684210525,0.17094017094017094,1.018181818181818,0.7624784853700517,0.23752151462994836,1743,414,0.38823529411764707,0.6470588235294118,51,85,117,20,sec_dev_0009
m3_full,19521020,dev,0.7,110,59,0.7457627118644068,0.4,0.5207100591715976,0.20422535211267606,1.0727272727272728,0.7391681109185442,0.2608318890814558,2308,602,0.9615384615384616,0.49019607843137253,51,26,142,29,sec_dev_0009
m3_full,19521020,dev,0.0,104,42,0.6904761904761905,0.27884615384615385,0.3972602739726028,0.1592920353982301,0.9615384615384616,0.761384335154827,0.23861566484517305,1647,393,0.4044943820224719,0.631578947368421,57,89,113,18,sec_dev_0010
m3_full,19521020,dev,0.7,104,66,0.6818181818181818,0.4326923076923077,0.5294117647058822,0.20588235294117646,1.0,0.7407407407407407,0.25925925925925924,2214,574,0.8666666666666667,0.45614035087719296,57,30,136,28,sec_dev_0010
m3_full,19521020,dev,0.0,105,48,0.6041666666666666,0.2761904761904762,0.3790849673202614,0.1724137931034483,1.019047619047619,0.7420066152149944,0.2579933847850055,1814,468,0.410958904109589,0.5357142857142857,56,73,116,20,sec_dev_0011
m3_full,19521020,dev,0.7,105,66,0.6212121212121212,0.3904761904761905,0.47953216374269003,0.21014492753623187,1.0857142857142856,0.7433978873239437,0.2566021126760563,2272,583,1.0,0.44642857142857145,56,25,138,29,sec_dev_0011
m3_full,19521020,test,0.0,110,37,0.8378378378378378,0.2818181818181818,0.42176870748299317,0.1485148514851485,0.8727272727272727,0.7594433399602386,0.24055666003976142,1509,363,0.3,0.6470588235294118,51,110,101,15,sec_test_0000
m3_full,19521020,test,0.7,110,61,0.7377049180327869,0.4090909090909091,0.5263157894736843,0.24444444444444444,1.0454545454545454,0.7410989010989011,0.2589010989010989,2275,589,0.8333333333333334,0.49019607843137253,51,30,135,33,sec_test_0000
m3_full,19521020,test,0.0,106,38,0.6578947368421053,0.2358490566037736,0.3472222222222222,0.14782608695652175,1.0566037735849056,0.7304615384615385,0.26953846153846156,1625,438,0.3763440860215054,0.6363636363636364,55,93,115,17,sec_test_0001
m3_full,19521020,test,0.7,106,59,0.6101694915254238,0.33962264150943394,0.43636363636363634,0.2198581560283688,1.2075471698113207,0.7247665629168519,0.27523343708314807,2249,619,0.9285714285714286,0.4727272727272727,55,28,141,31,sec_test_0001
m3_full,19521020,test,0.0,114,29,0.7931034482758621,0.20175438596491227,0.32167832167832167,0.14049586776859505,1.1140350877192982,0.774859287054409,0.225140712945591,1599,360,0.2912621359223301,0.6382978723404256,47,103,121,17,sec_test_0002
m3_full,19521020,test,0.7,114,58,0.6206896551724138,0.3157894736842105,0.41860465116279066,0.2653061224489796,1.2719298245614035,0.7351050150021432,0.26489498499785685,2333,618,0.9259259259259259,0.5319148936170213,47,27,147,39,sec_test_0002
m3_full,19521020,test,0.0,111,39,0.7692307692307693,0.2702702702702703,0.4,0.14035087719298245,0.963963963963964,0.7464622641509434,0.2535377358490566,1696,430,0.32967032967032966,0.6,50,91,114,16,sec_test_0003
m3_full,19521020,test,0.7,111,63,0.746031746031746,0.42342342342342343,0.5402298850574712,0.2116788321167883,1.018018018018018,0.7235063235935455,0.27649367640645445,2293,634,0.8620689655172413,0.5,50,29,137,29,sec_test_0003
m3_full,19521020,test,0.0,109,36,0.8055555555555556,0.26605504587155965,0.4,0.16666666666666666,0.8899082568807339,0.7523117569352709,0.2476882430647292,1514,375,0.30275229357798167,0.6346153846153846,52,109,96,16,sec_test_0004
m3_full,19521020,test,0.7,109,62,0.8064516129032258,0.45871559633027525,0.5847953216374269,0.21374045801526717,0.9174311926605505,0.7399735566328779,0.2600264433671221,2269,590,0.8333333333333334,0.4807692307692308,52,30,131,28,sec_test_0004
m3_full,19521020,test,0.0,107,38,0.8157894736842105,0.2897196261682243,0.4275862068965517,0.16161616161616163,0.8878504672897196,0.7736233854520734,0.22637661454792657,1471,333,0.36936936936936937,0.7592592592592593,54,111,99,16,sec_test_0005
m3_full,19521020,test,0.7,107,65,0.7538461538461538,0.45794392523364486,0.5697674418604651,0.2366412213740458,0.9252336448598131,0.742996887505558,0.25700311249444197,2249,578,0.8666666666666667,0.48148148148148145,54,30,131,31,sec_test_0005
m3_full,19521020,test,0.0,108,36,0.75,0.25,0.375,0.1651376146788991,1.0185185185185186,0.7453341360626129,0.2546658639373871,1661,423,0.40217391304347827,0.6981132075471698,53,92,109,18,sec_test_0006
m3_full,19521020,test,0.7,108,50,0.74,0.3425925925925926,0.4683544303797469,0.2462686567164179,1.1574074074074074,0.7290379523389232,0.2709620476610768,2266,614,0.8620689655172413,0.4716981132075472,53,29,134,33,sec_test_0006
m3_full,19521020,test,0.0,112,44,0.6363636363636364,0.25,0.358974358974359,0.22429906542056074,1.0,0.7351413733410271,0.26485862665897286,1733,459,0.38202247191011235,0.6938775510204082,49,89,107,24,sec_test_0007
m3_full,19521020,test,0.7,112,63,0.6190476190476191,0.3482142857142857,0.44571428571428573,0.23308270676691728,1.0982142857142858,0.7168752697453604,0.28312473025463963,2317,656,0.9285714285714286,0.5306122448979592,49,28,133,31,sec_test_0007
m3_full,19521020,test,0.0,106,32,0.53125,0.16037735849056603,0.2463768115942029,0.18691588785046728,1.1037735849056605,0.7577426015141088,0.24225739848589126,1453,352,0.3153153153153153,0.6363636363636364,55,111,107,20,sec_test_0008
m3_full,19521020,test,0.7,106,57,0.5614035087719298,0.3018867924528302,0.39263803680981596,0.2805755395683453,1.2735849056603774,0.7424042272126816,0.2575957727873184,2271,585,0.9615384615384616,0.45454545454545453,55,26,139,39,sec_test_0008
m3_full,19521020,test,0.0,108,38,0.6578947368421053,0.23148148148148148,0.3424657534246575,0.1414141414141414,0.9444444444444444,0.783709787816564,0.216290212183436,1461,316,0.3008849557522124,0.6415094339622641,53,113,99,14,sec_test_0009
m3_full,19521020,test,0.7,108,64,0.65625,0.3888888888888889,0.4883720930232558,0.234375,1.0555555555555556,0.7447643979057592,0.25523560209424084,2292,585,0.9259259259259259,0.4716981132075472,53,27,128,30,sec_test_0009
m3_full,19521020,test,0.0,110,38,0.7368421052631579,0.2545454545454545,0.37837837837837834,0.15,1.0272727272727273,0.7885542168674698,0.21144578313253012,1660,351,0.3333333333333333,0.6078431372549019,51,93,120,18,sec_test_0010
m3_full,19521020,test,0.7,110,67,0.6716417910447762,0.4090909090909091,0.5084745762711865,0.2589928057553957,1.1090909090909091,0.7531236535975873,0.24687634640241277,2321,573,1.0,0.49019607843137253,51,25,139,36,sec_test_0010
m3_full,19521020,test,0.0,98,30,0.5666666666666667,0.17346938775510204,0.265625,0.18446601941747573,1.1020408163265305,0.7341191879502292,0.26588081204977076,1527,406,0.40625,0.6190476190476191,63,96,103,19,sec_test_0011
m3_full,19521020,test,0.7,98,54,0.6111111111111112,0.336734693877551,0.43421052631578944,0.24031007751937986,1.153061224489796,0.7151985394796896,0.28480146052031036,2191,624,1.0,0.42857142857142855,63,27,129,31,sec_test_0011
m3_full,19521020,test,0.0,116,34,0.7647058823529411,0.22413793103448276,0.3466666666666667,0.17757009345794392,0.9655172413793104,0.7559562137797811,0.24404378622021894,1553,379,0.27927927927927926,0.6888888888888889,45,111,107,19,sec_test_0012
m3_full,19521020,test,0.7,116,64,0.71875,0.39655172413793105,0.5111111111111112,0.24087591240875914,1.0344827586206897,0.7335316617084573,0.2664683382915427,2353,627,0.8928571428571429,0.5555555555555556,45,28,137,33,sec_test_0012
no_rel,19521011,dev,0.0,113,26,0.6923076923076923,0.1592920353982301,0.2589928057553957,0.19767441860465115,1.008849557522124,0.7657807308970099,0.23421926910299004,1204,282,0.2689655172413793,0.8125,48,145,86,17,sec_dev_0000
no_rel,19521011,dev,0.7,113,58,0.603448275862069,0.30973451327433627,0.40935672514619875,0.24647887323943662,1.1504424778761062,0.7458487084870848,0.25415129151291516,2168,551,0.5813953488372093,0.5208333333333334,48,43,142,35,sec_dev_0000
no_rel,19521011,dev,0.0,111,20,0.8,0.14414414414414414,0.24427480916030533,0.16417910447761194,0.963963963963964,0.7406216505894962,0.25937834941050375,933,242,0.23837209302325582,0.82,50,172,67,11,sec_dev_0001
no_rel,19521011,dev,0.7,111,51,0.6078431372549019,0.27927927927927926,0.38271604938271603,0.24060150375939848,1.1531531531531531,0.738083774675012,0.261916225324988,2077,544,0.5490196078431373,0.56,50,51,133,32,sec_dev_0001
no_rel,19521011,dev,0.0,112,14,0.6428571428571429,0.08035714285714286,0.14285714285714285,0.15254237288135594,0.9910714285714286,0.7208706786171575,0.2791293213828425,781,218,0.20634920634920634,0.7959183673469388,49,189,59,9,sec_dev_0002
no_rel,19521011,dev,0.7,112,45,0.6,0.24107142857142858,0.34394904458598724,0.2222222222222222,1.1696428571428572,0.7287469287469288,0.27125307125307124,2035,552,0.5,0.5714285714285714,49,56,135,30,sec_dev_0002
no_rel,19521011,dev,0.0,104,37,0.8378378378378378,0.2980769230769231,0.4397163120567376,0.15789473684210525,0.8653846153846154,0.7658181818181818,0.23418181818181819,1375,322,0.3389830508474576,0.7017543859649122,57,118,95,15,sec_dev_0003
no_rel,19521011,dev,0.7,104,59,0.7288135593220338,0.41346153846153844,0.5276073619631901,0.18181818181818182,1.0096153846153846,0.7377201112140871,0.2622798887859129,2158,566,0.75,0.47368421052631576,57,36,132,24,sec_dev_0003
no_rel,19521011,dev,0.0,117,19,0.7368421052631579,0.11965811965811966,0.20588235294117646,0.17721518987341772,1.0769230769230769,0.7178538390379279,0.2821461609620722,1081,305,0.2037037037037037,0.75,44,162,79,14,sec_dev_0004
no_rel,19521011,dev,0.7,117,56,0.6785714285714286,0.3247863247863248,0.43930635838150295,0.24444444444444444,1.1282051282051282,0.7250574712643678,0.2749425287356322,2175,598,0.574468085106383,0.6136363636363636,44,47,135,33,sec_dev_0004
no_rel,19521011,dev,0.0,121,34,0.8529411764705882,0.2396694214876033,0.3741935483870968,0.17346938775510204,0.9504132231404959,0.7547033285094067,0.24529667149059334,1382,339,0.23134328358208955,0.775,40,134,98,17,sec_dev_0005
no_rel,19521011,dev,0.7,121,62,0.7258064516129032,0.371900826446281,0.4918032786885245,0.28368794326241137,1.0909090909090908,0.7191107310816589,0.28088926891834115,2339,657,0.7352941176470589,0.625,40,34,141,40,sec_dev_0005
no_rel,19521011,dev,0.0,106,21,0.5714285714285714,0.11320754716981132,0.18897637795275593,0.14285714285714285,1.009433962264151,0.7648936170212766,0.2351063829787234,940,221,0.2289156626506024,0.6909090909090909,55,166,70,10,sec_dev_0006
no_rel,19521011,dev,0.7,106,54,0.5555555555555556,0.2830188679245283,0.375,0.21897810218978103,1.179245283018868,0.7468054898248935,0.25319451017510647,2113,535,0.6190476190476191,0.4727272727272727,55,42,137,30,sec_dev_0006
no_rel,19521011,dev,0.0,107,20,0.65,0.12149532710280374,0.2047244094488189,0.20833333333333334,0.9345794392523364,0.6778975741239892,0.3221024258760108,742,239,0.2328042328042328,0.8148148148148148,54,189,48,10,sec_dev_0007
no_rel,19521011,dev,0.7,107,49,0.5510204081632653,0.2523364485981308,0.34615384615384615,0.25663716814159293,1.0841121495327102,0.6703762586115527,0.32962374138844724,1887,622,0.45588235294117646,0.5740740740740741,54,68,113,29,sec_dev_0007
no_rel,19521011,dev,0.0,109,21,0.6666666666666666,0.12844036697247707,0.21538461538461537,0.1625,1.036697247706422,0.7206896551724138,0.2793103448275862,1160,324,0.2602739726027397,0.7307692307692307,52,146,80,13,sec_dev_0008
no_rel,19521011,dev,0.7,109,41,0.5609756097560976,0.21100917431192662,0.30666666666666664,0.2112676056338028,1.3577981651376148,0.7154059040590406,0.2845940959409594,2168,617,0.6410256410256411,0.4807692307692308,52,39,142,30,sec_dev_0008
no_rel,19521011,dev,0.0,110,23,0.6956521739130435,0.14545454545454545,0.24060150375939848,0.19480519480519481,1.0,0.7212822796081924,0.27871772039180764,1123,313,0.26490066225165565,0.7843137254901961,51,151,77,15,sec_dev_0009
no_rel,19521011,dev,0.7,110,59,0.5932203389830508,0.3181818181818182,0.4142011834319527,0.2595419847328244,1.1363636363636365,0.7339787920700784,0.2660212079299216,2169,577,0.6829268292682927,0.5490196078431373,51,41,131,34,sec_dev_0009
no_rel,19521011,dev,0.0,104,22,0.5454545454545454,0.11538461538461539,0.19047619047619047,0.16216216216216217,1.0288461538461537,0.7504970178926441,0.24950298210735586,1006,251,0.27388535031847133,0.7543859649122807,57,157,74,12,sec_dev_0010
no_rel,19521011,dev,0.7,104,56,0.5535714285714286,0.2980769230769231,0.38749999999999996,0.18796992481203006,1.1634615384615385,0.7286599904625656,0.2713400095374344,2097,569,0.6666666666666666,0.49122807017543857,57,42,133,25,sec_dev_0010
no_rel,19521011,dev,0.0,105,27,0.7777777777777778,0.2,0.3181818181818182,0.1348314606741573,0.9333333333333333,0.753796962430056,0.24620303756994405,1251,308,0.25757575757575757,0.6071428571428571,56,132,89,12,sec_dev_0011
no_rel,19521011,dev,0.7,105,55,0.6363636363636364,0.3333333333333333,0.43749999999999994,0.2692307692307692,1.0952380952380953,0.7372641509433961,0.2627358490566038,2120,557,0.6341463414634146,0.4642857142857143,56,41,130,35,sec_dev_0011
no_rel,19521011,test,0.0,110,30,0.6333333333333333,0.17272727272727273,0.2714285714285714,0.16853932584269662,0.9727272727272728,0.7537372147915027,0.24626278520849726,1271,313,0.24444444444444444,0.6470588235294118,51,135,89,15,sec_test_0000
no_rel,19521011,test,0.7,110,57,0.6666666666666666,0.34545454545454546,0.45508982035928136,0.22627737226277372,1.0909090909090908,0.7359424201529465,0.2640575798470535,2223,587,0.7428571428571429,0.5098039215686274,51,35,137,31,sec_test_0000
no_rel,19521011,test,0.0,106,27,0.5925925925925926,0.1509433962264151,0.2406015037593985,0.21951219512195122,1.0566037735849056,0.6938110749185668,0.30618892508143325,1228,376,0.3014705882352941,0.7454545454545455,55,136,82,18,sec_test_0001
no_rel,19521011,test,0.7,106,52,0.5961538461538461,0.29245283018867924,0.3924050632911393,0.21641791044776118,1.1981132075471699,0.7008547008547008,0.29914529914529914,2106,630,0.6511627906976745,0.509090909090909,55,43,134,29,sec_test_0001
no_rel,19521011,test,0.0,114,25,0.6,0.13157894736842105,0.21582733812949642,0.25862068965517243,0.9824561403508771,0.7085201793721974,0.2914798206278027,892,260,0.23333333333333334,0.8936170212765957,47,180,58,15,sec_test_0002
no_rel,19521011,test,0.7,114,54,0.5925925925925926,0.2807017543859649,0.38095238095238093,0.27906976744186046,1.1578947368421053,0.7191613846903949,0.2808386153096051,2051,576,0.47368421052631576,0.574468085106383,47,57,129,36,sec_test_0002
no_rel,19521011,test,0.0,111,24,0.6666666666666666,0.14414414414414414,0.23703703703703705,0.09782608695652174,1.045045045045045,0.7729549248747913,0.2270450751252087,1198,272,0.25874125874125875,0.74,50,143,92,9,sec_test_0003
no_rel,19521011,test,0.7,111,62,0.6451612903225806,0.36036036036036034,0.4624277456647399,0.23741007194244604,1.1261261261261262,0.7279964617425918,0.27200353825740825,2261,615,0.78125,0.5,50,32,139,33,sec_test_0003
no_rel,19521011,test,0.0,109,19,0.7368421052631579,0.12844036697247707,0.21875000000000003,0.16666666666666666,1.0458715596330275,0.712914485165794,0.2870855148342059,1146,329,0.2585034013605442,0.7307692307692307,52,147,84,14,sec_test_0004
no_rel,19521011,test,0.7,109,53,0.6226415094339622,0.30275229357798167,0.4074074074074074,0.26515151515151514,1.1743119266055047,0.7071362372567191,0.2928637627432808,2158,632,0.6829268292682927,0.5384615384615384,52,41,132,35,sec_test_0004
no_rel,19521011,test,0.0,107,15,0.6,0.08411214953271028,0.14754098360655737,0.14516129032258066,1.02803738317757,0.8007915567282322,0.19920844327176782,758,151,0.23655913978494625,0.8148148148148148,54,186,62,9,sec_test_0005
no_rel,19521011,test,0.7,107,50,0.6,0.2803738317757009,0.3821656050955414,0.203125,1.102803738317757,0.7688284518828452,0.23117154811715482,1912,442,0.453125,0.5370370370370371,54,64,128,26,sec_test_0005
no_rel,19521011,test,0.0,108,23,0.6521739130434783,0.1388888888888889,0.22900763358778628,0.17105263157894737,0.9722222222222222,0.7653256704980843,0.23467432950191572,1044,245,0.2611464968152866,0.7735849056603774,53,157,76,13,sec_test_0006
no_rel,19521011,test,0.7,108,54,0.6296296296296297,0.3148148148148148,0.4197530864197531,0.22727272727272727,1.1111111111111112,0.7566413662239089,0.24335863377609107,2108,513,0.5555555555555556,0.4716981132075472,53,45,132,30,sec_test_0006
no_rel,19521011,test,0.0,112,26,0.7307692307692307,0.16964285714285715,0.27536231884057977,0.1111111111111111,0.9732142857142857,0.7529305680793508,0.24706943192064923,1109,274,0.22077922077922077,0.6938775510204082,49,154,81,9,sec_test_0007
no_rel,19521011,test,0.7,112,62,0.6451612903225806,0.35714285714285715,0.4597701149425288,0.23529411764705882,1.0982142857142858,0.7367491166077739,0.26325088339222613,2264,596,0.7575757575757576,0.5102040816326531,49,33,136,32,sec_test_0007
no_rel,19521011,test,0.0,106,21,0.5714285714285714,0.11320754716981132,0.18897637795275593,0.2463768115942029,1.0377358490566038,0.7023208879919274,0.2976791120080727,991,295,0.2795031055900621,0.8181818181818182,55,161,69,17,sec_test_0008
no_rel,19521011,test,0.7,106,61,0.639344262295082,0.36792452830188677,0.467065868263473,0.2619047619047619,1.0754716981132075,0.7195914577530176,0.28040854224698236,2154,604,0.7435897435897436,0.5272727272727272,55,39,126,33,sec_test_0008
no_rel,19521011,test,0.0,108,12,0.8333333333333334,0.09259259259259259,0.16666666666666666,0.1206896551724138,0.9814814814814815,0.7576177285318559,0.24238227146814403,722,175,0.24083769633507854,0.8679245283018868,53,191,58,7,sec_test_0009
no_rel,19521011,test,0.7,108,42,0.6190476190476191,0.24074074074074073,0.3466666666666667,0.2283464566929134,1.1944444444444444,0.7552483358934972,0.24475166410650281,1953,478,0.4262295081967213,0.49056603773584906,53,61,127,29,sec_test_0009
no_rel,19521011,test,0.0,110,23,0.6956521739130435,0.14545454545454545,0.24060150375939848,0.16176470588235295,0.9818181818181818,0.7226487523992322,0.27735124760076774,1042,289,0.25,0.7843137254901961,51,160,68,11,sec_test_0010
no_rel,19521011,test,0.7,110,48,0.6458333333333334,0.2818181818181818,0.3924050632911392,0.24242424242424243,1.1727272727272726,0.7396535129932628,0.26034648700673724,2078,541,0.6,0.5882352941176471,51,50,132,32,sec_test_0010
no_rel,19521011,test,0.0,98,26,0.6538461538461539,0.17346938775510204,0.27419354838709675,0.21428571428571427,1.0612244897959184,0.7154605263157895,0.2845394736842105,1216,346,0.3488372093023256,0.7142857142857143,63,129,84,18,sec_test_0011
no_rel,19521011,test,0.7,98,49,0.5918367346938775,0.29591836734693877,0.3945578231292517,0.24444444444444444,1.2346938775510203,0.7208430913348947,0.2791569086651054,2135,596,0.78125,0.3968253968253968,63,32,135,33,sec_test_0011
no_rel,19521011,test,0.0,116,18,0.8888888888888888,0.13793103448275862,0.23880597014925373,0.06153846153846154,0.9224137931034483,0.7878787878787878,0.21212121212121213,825,175,0.20212765957446807,0.8444444444444444,45,188,65,4,sec_test_0012
no_rel,19521011,test,0.7,116,59,0.6779661016949152,0.3448275862068966,0.45714285714285713,0.2631578947368421,1.0517241379310345,0.7390904915020671,0.26090950849793293,2177,568,0.5652173913043478,0.5777777777777777,45,46,133,35,sec_test_0012
no_rel,19521012,dev,0.0,113,41,0.6341463414634146,0.23008849557522124,0.33766233766233766,0.1889763779527559,1.1592920353982301,0.7729468599033816,0.22705314009661837,1863,423,0.38666666666666666,0.6041666666666666,48,75,127,24,sec_dev_0000
no_rel,19521012,dev,0.7,113,53,0.6415094339622641,0.3008849557522124,0.4096385542168675,0.22602739726027396,1.2654867256637168,0.7439759036144578,0.2560240963855422,2324,595,0.9259259259259259,0.5208333333333334,48,27,146,33,sec_dev_0000
no_rel,19521012,dev,0.0,111,38,0.8157894736842105,0.27927927927927926,0.4161073825503355,0.18421052631578946,0.990990990990991,0.7625298329355609,0.23747016706443913,1676,398,0.3548387096774194,0.66,50,93,114,21,sec_dev_0001
no_rel,19521012,dev,0.7,111,57,0.7192982456140351,0.36936936936936937,0.4880952380952381,0.21678321678321677,1.1441441441441442,0.7308192457737321,0.26918075422626786,2307,621,0.9259259259259259,0.5,50,27,143,31,sec_dev_0001
no_rel,19521012,dev,0.0,112,41,0.7560975609756098,0.2767857142857143,0.4052287581699347,0.17543859649122806,0.9821428571428571,0.7286866359447004,0.27131336405529954,1736,471,0.32954545454545453,0.5918367346938775,49,88,114,20,sec_dev_0002
no_rel,19521012,dev,0.7,112,65,0.7384615384615385,0.42857142857142855,0.5423728813559321,0.23846153846153847,0.9821428571428571,0.6978448275862069,0.3021551724137931,2320,701,0.8928571428571429,0.5102040816326531,49,28,130,31,sec_dev_0002
no_rel,19521012,dev,0.0,104,44,0.7727272727272727,0.3269230769230769,0.45945945945945943,0.15833333333333333,0.9807692307692307,0.7497297297297297,0.25027027027027027,1850,463,0.45588235294117646,0.543859649122807,57,68,120,19,sec_dev_0003
no_rel,19521012,dev,0.7,104,56,0.7678571428571429,0.41346153846153844,0.5375,0.17857142857142858,1.0769230769230769,0.7455357142857143,0.2544642857142857,2240,570,0.9259259259259259,0.43859649122807015,57,27,140,25,sec_dev_0003
no_rel,19521012,dev,0.0,117,61,0.7868852459016393,0.41025641025641024,0.5393258426966293,0.1557377049180328,0.811965811965812,0.7639620653319283,0.23603793466807166,1898,448,0.34210526315789475,0.5909090909090909,44,76,122,19,sec_dev_0004
no_rel,19521012,dev,0.7,117,76,0.7631578947368421,0.49572649572649574,0.6010362694300518,0.2054794520547945,0.9230769230769231,0.7479026845637584,0.2520973154362416,2384,601,1.0,0.5681818181818182,44,25,146,30,sec_dev_0004
no_rel,19521012,dev,0.0,121,54,0.8148148148148148,0.36363636363636365,0.5028571428571429,0.17054263565891473,0.9256198347107438,0.7653866386112572,0.23461336138874278,1901,446,0.35443037974683544,0.7,40,79,129,22,sec_dev_0005
no_rel,19521012,dev,0.7,121,69,0.8260869565217391,0.47107438016528924,0.5999999999999999,0.24489795918367346,0.9834710743801653,0.73932863655201,0.2606713634479901,2413,629,0.9615384615384616,0.625,40,26,147,36,sec_dev_0005
no_rel,19521012,dev,0.0,106,50,0.78,0.36792452830188677,0.5,0.1746031746031746,0.9716981132075472,0.7546346782988005,0.24536532170119957,1834,450,0.4507042253521127,0.5818181818181818,55,71,126,22,sec_dev_0006
no_rel,19521012,dev,0.7,106,63,0.7619047619047619,0.4528301886792453,0.5680473372781065,0.20408163265306123,1.0,0.7455102934734998,0.2544897065265002,2283,581,1.0,0.43636363636363634,55,24,147,30,sec_dev_0006
no_rel,19521012,dev,0.0,107,43,0.7441860465116279,0.29906542056074764,0.42666666666666664,0.16379310344827586,0.9439252336448598,0.7395591647331787,0.2604408352668213,1724,449,0.40476190476190477,0.6296296296296297,54,84,116,19,sec_dev_0007
no_rel,19521012,dev,0.7,107,57,0.7368421052631579,0.3925233644859813,0.5121951219512195,0.21897810218978103,1.0560747663551402,0.7144108628996935,0.2855891371003066,2283,652,0.9615384615384616,0.46296296296296297,54,26,137,30,sec_dev_0007
no_rel,19521012,dev,0.0,109,42,0.8095238095238095,0.3119266055045872,0.45033112582781454,0.16379310344827586,0.981651376146789,0.7411308203991132,0.2588691796008869,1804,467,0.41025641025641024,0.6153846153846154,52,78,116,19,sec_dev_0008
no_rel,19521012,dev,0.7,109,55,0.7454545454545455,0.3761467889908257,0.5,0.18055555555555555,1.0825688073394495,0.752405949256343,0.24759405074365703,2286,566,0.8888888888888888,0.46153846153846156,52,27,144,26,sec_dev_0008
no_rel,19521012,dev,0.0,110,50,0.74,0.33636363636363636,0.46249999999999997,0.18333333333333332,0.9454545454545454,0.7779005524861878,0.22209944751381216,1810,402,0.34615384615384615,0.5294117647058824,51,78,120,22,sec_dev_0009
no_rel,19521012,dev,0.7,110,66,0.7121212121212122,0.42727272727272725,0.5340909090909091,0.2753623188405797,1.0454545454545454,0.736159169550173,0.263840830449827,2312,610,0.9230769230769231,0.47058823529411764,51,26,138,38,sec_dev_0009
no_rel,19521012,dev,0.0,104,57,0.7368421052631579,0.40384615384615385,0.5217391304347826,0.14285714285714285,0.8942307692307693,0.7425025853154085,0.25749741468459153,1934,498,0.4745762711864407,0.49122807017543857,57,59,126,18,sec_dev_0010
no_rel,19521012,dev,0.7,104,66,0.7424242424242424,0.47115384615384615,0.5764705882352942,0.18309859154929578,0.9615384615384616,0.7362099644128114,0.2637900355871886,2248,593,0.9615384615384616,0.43859649122807015,57,26,142,26,sec_dev_0010
no_rel,19521012,dev,0.0,105,36,0.7222222222222222,0.24761904761904763,0.3687943262411348,0.15254237288135594,1.0571428571428572,0.7886029411764706,0.2113970588235294,1632,345,0.3516483516483517,0.5714285714285714,56,91,118,18,sec_dev_0011
no_rel,19521012,dev,0.7,105,57,0.631578947368421,0.34285714285714286,0.4444444444444445,0.24285714285714285,1.180952380952381,0.7506726457399103,0.24932735426008967,2230,556,0.8275862068965517,0.42857142857142855,56,29,140,34,sec_dev_0011
no_rel,19521012,test,0.0,110,41,0.7317073170731707,0.2727272727272727,0.3973509933774834,0.14634146341463414,1.0272727272727273,0.7623817473567056,0.2376182526432944,1797,427,0.3291139240506329,0.5098039215686274,51,79,123,18,sec_test_0000
no_rel,19521012,test,0.7,110,60,0.7,0.38181818181818183,0.49411764705882355,0.2158273381294964,1.1,0.7483559842174485,0.2516440157825515,2281,574,0.8620689655172413,0.49019607843137253,51,29,139,30,sec_test_0000
no_rel,19521012,test,0.0,106,47,0.7446808510638298,0.330188679245283,0.4575163398692811,0.14912280701754385,0.9245283018867925,0.7218468468468469,0.27815315315315314,1776,494,0.41025641025641024,0.5818181818181818,55,78,114,17,sec_test_0001
no_rel,19521012,test,0.7,106,65,0.7384615384615385,0.4528301886792453,0.5614035087719299,0.21212121212121213,0.9339622641509434,0.7199297629499561,0.2800702370500439,2278,638,0.9615384615384616,0.45454545454545453,55,26,132,28,sec_test_0001
no_rel,19521012,test,0.0,114,45,0.7777777777777778,0.30701754385964913,0.44025157232704404,0.1557377049180328,0.9912280701754386,0.7179763186221744,0.28202368137782563,1858,524,0.33766233766233766,0.5531914893617021,47,77,122,19,sec_test_0002
no_rel,19521012,test,0.7,114,60,0.6833333333333333,0.35964912280701755,0.471264367816092,0.24647887323943662,1.1666666666666667,0.7091531223267751,0.290846877673225,2338,680,0.9629629629629629,0.5531914893617021,47,27,142,35,sec_test_0002
no_rel,19521012,test,0.0,111,33,0.5757575757575758,0.17117117117117117,0.2638888888888889,0.1206896551724138,1.1081081081081081,0.7727873183619551,0.22721268163804492,1514,344,0.30275229357798167,0.66,50,109,116,14,sec_test_0003
no_rel,19521012,test,0.7,111,63,0.5714285714285714,0.32432432432432434,0.41379310344827586,0.22794117647058823,1.1711711711711712,0.7105954465849387,0.28940455341506127,2284,661,0.8333333333333334,0.5,50,30,136,31,sec_test_0003
no_rel,19521012,test,0.0,109,46,0.782608695652174,0.3302752293577982,0.46451612903225803,0.1651376146788991,0.8715596330275229,0.7743715511955855,0.22562844880441446,1631,368,0.3125,0.5769230769230769,52,96,109,18,sec_test_0004
no_rel,19521012,test,0.7,109,64,0.75,0.44036697247706424,0.5549132947976879,0.21014492753623187,0.9541284403669725,0.7455595026642984,0.2544404973357016,2252,573,0.8064516129032258,0.4807692307692308,52,31,138,29,sec_test_0004
no_rel,19521012,test,0.0,107,49,0.7346938775510204,0.3364485981308411,0.46153846153846156,0.19658119658119658,0.9813084112149533,0.7371829465731247,0.26281705342687534,1853,487,0.43661971830985913,0.5740740740740741,54,71,117,23,sec_test_0005
no_rel,19521012,test,0.7,107,64,0.78125,0.4672897196261682,0.5847953216374269,0.22137404580152673,0.9252336448598131,0.7327775340061431,0.26722246599385696,2279,609,0.9259259259259259,0.46296296296296297,54,27,131,29,sec_test_0005
no_rel,19521012,test,0.0,108,50,0.74,0.3425925925925926,0.4683544303797469,0.1951219512195122,0.9814814814814815,0.7511860832894043,0.2488139167105957,1897,472,0.4925373134328358,0.6226415094339622,53,67,123,24,sec_test_0006
no_rel,19521012,test,0.7,108,64,0.71875,0.42592592592592593,0.5348837209302325,0.24444444444444444,1.037037037037037,0.734640522875817,0.265359477124183,2295,609,0.9615384615384616,0.4716981132075472,53,26,135,33,sec_test_0006
no_rel,19521012,test,0.0,112,50,0.72,0.32142857142857145,0.4444444444444445,0.13043478260869565,0.9285714285714286,0.7509641873278237,0.2490358126721763,1815,452,0.3375,0.5510204081632653,49,80,115,15,sec_test_0007
no_rel,19521012,test,0.7,112,69,0.6376811594202898,0.39285714285714285,0.4861878453038674,0.2196969696969697,1.0267857142857142,0.7269197584124245,0.2730802415875755,2318,633,0.8928571428571429,0.5102040816326531,49,28,132,29,sec_test_0007
no_rel,19521012,test,0.0,106,43,0.6744186046511628,0.27358490566037735,0.38926174496644295,0.2222222222222222,1.0377358490566038,0.7049941927990708,0.29500580720092917,1722,508,0.4523809523809524,0.6909090909090909,55,84,108,24,sec_test_0008
no_rel,19521012,test,0.7,106,58,0.5689655172413793,0.3113207547169811,0.4024390243902439,0.2748091603053435,1.1886792452830188,0.6931969764339707,0.30680302356602934,2249,690,0.8620689655172413,0.45454545454545453,55,29,131,36,sec_test_0008
no_rel,19521012,test,0.0,108,37,0.7567567567567568,0.25925925925925924,0.3862068965517241,0.1724137931034483,1.0462962962962963,0.7889294403892944,0.2110705596107056,1644,347,0.3548387096774194,0.6226415094339622,53,93,116,20,sec_test_0009
no_rel,19521012,test,0.7,108,61,0.6065573770491803,0.3425925925925926,0.43786982248520717,0.2753623188405797,1.1851851851851851,0.7482394366197183,0.2517605633802817,2272,572,0.8928571428571429,0.4716981132075472,53,28,138,38,sec_test_0009
no_rel,19521012,test,0.0,110,44,0.75,0.3,0.4285714285714285,0.1484375,0.9818181818181818,0.7969598262757872,0.20304017372421282,1842,374,0.40540540540540543,0.5882352941176471,51,74,128,19,sec_test_0010
no_rel,19521012,test,0.7,110,61,0.7049180327868853,0.39090909090909093,0.5029239766081871,0.1780821917808219,1.0727272727272728,0.7828371278458844,0.2171628721541156,2284,496,0.9285714285714286,0.5098039215686274,51,28,146,26,sec_test_0010
no_rel,19521012,test,0.0,98,36,0.8055555555555556,0.29591836734693877,0.4328358208955224,0.18691588785046728,0.9693877551020408,0.7369742623979911,0.2630257376020088,1593,419,0.4157303370786517,0.5873015873015873,63,89,107,20,sec_test_0011
no_rel,19521012,test,0.7,98,54,0.6851851851851852,0.37755102040816324,0.4868421052631579,0.23484848484848486,1.0816326530612246,0.7121771217712177,0.2878228782287823,2168,624,0.896551724137931,0.4126984126984127,63,29,132,31,sec_test_0011
no_rel,19521012,test,0.0,116,51,0.6862745098039216,0.3017241379310345,0.41916167664670656,0.145985401459854,1.043103448275862,0.7574382249117498,0.24256177508825014,1983,481,0.38461538461538464,0.5555555555555556,45,65,137,20,sec_test_0012
no_rel,19521012,test,0.7,116,63,0.6666666666666666,0.3620689655172414,0.4692737430167597,0.24305555555555555,1.1379310344827587,0.7359932088285229,0.2640067911714771,2356,622,0.9259259259259259,0.5555555555555556,45,27,144,35,sec_test_0012
no_rel,19521013,dev,0.0,113,26,0.7692307692307693,0.17699115044247787,0.2877697841726619,0.16,0.9911504424778761,0.7748837209302326,0.22511627906976744,1075,242,0.2389937106918239,0.7916666666666666,48,159,75,12,sec_dev_0000
no_rel,19521013,dev,0.7,113,58,0.6724137931034483,0.34513274336283184,0.456140350877193,0.2571428571428571,1.1415929203539823,0.7191304347826086,0.2808695652173913,2300,646,0.8333333333333334,0.5208333333333334,48,30,140,36,sec_dev_0000
no_rel,19521013,dev,0.0,111,26,0.6538461538461539,0.15315315315315314,0.24817518248175183,0.18181818181818182,1.027027027027027,0.7252657399836469,0.2747342600163532,1223,336,0.24647887323943662,0.7,50,142,77,14,sec_dev_0001
no_rel,19521013,dev,0.7,111,55,0.6909090909090909,0.34234234234234234,0.4578313253012048,0.22727272727272727,1.1081081081081081,0.6962081128747795,0.3037918871252205,2268,689,0.8125,0.52,50,32,132,30,sec_dev_0001
no_rel,19521013,dev,0.0,112,21,0.7619047619047619,0.14285714285714285,0.24060150375939848,0.1267605633802817,0.9553571428571429,0.8061767838125665,0.19382321618743345,939,182,0.22674418604651161,0.7959183673469388,49,172,71,9,sec_dev_0002
no_rel,19521013,dev,0.7,112,68,0.6764705882352942,0.4107142857142857,0.5111111111111111,0.25984251968503935,0.9642857142857143,0.7021748779405237,0.29782512205947625,2253,671,0.7714285714285715,0.5510204081632653,49,35,127,33,sec_dev_0002
no_rel,19521013,dev,0.0,104,26,0.7692307692307693,0.19230769230769232,0.3076923076923077,0.14084507042253522,0.9711538461538461,0.7667638483965015,0.23323615160349853,1029,240,0.2838709677419355,0.7719298245614035,57,155,71,10,sec_dev_0003
no_rel,19521013,dev,0.7,104,63,0.6190476190476191,0.375,0.46706586826347307,0.21481481481481482,1.125,0.7315192743764172,0.26848072562358277,2205,592,0.9032258064516129,0.49122807017543857,57,31,135,29,sec_dev_0003
no_rel,19521013,dev,0.0,117,34,0.7352941176470589,0.21367521367521367,0.3311258278145695,0.2261904761904762,0.9572649572649573,0.7597305389221557,0.2402694610778443,1336,321,0.2426470588235294,0.75,44,136,84,19,sec_dev_0004
no_rel,19521013,dev,0.7,117,63,0.6666666666666666,0.358974358974359,0.4666666666666667,0.2753623188405797,1.1196581196581197,0.728864218616567,0.27113578138343297,2342,635,0.8333333333333334,0.5681818181818182,44,30,138,38,sec_dev_0004
no_rel,19521013,dev,0.0,121,45,0.7333333333333333,0.2727272727272727,0.3975903614457832,0.22448979591836735,0.9834710743801653,0.7574578469520103,0.24254215304798962,1542,374,0.2711864406779661,0.8,40,118,98,22,sec_dev_0005
no_rel,19521013,dev,0.7,121,76,0.7368421052631579,0.4628099173553719,0.568527918781726,0.24113475177304963,0.9834710743801653,0.7357232180075031,0.2642767819924969,2399,634,0.9285714285714286,0.65,40,28,141,34,sec_dev_0005
no_rel,19521013,dev,0.0,106,25,0.48,0.11320754716981132,0.183206106870229,0.17721518987341772,1.1037735849056605,0.7938237965485921,0.2061762034514078,1101,227,0.2550335570469799,0.6909090909090909,55,149,79,14,sec_dev_0006
no_rel,19521013,dev,0.7,106,59,0.4915254237288136,0.27358490566037735,0.35151515151515145,0.26618705035971224,1.2452830188679245,0.7399366802351877,0.2600633197648123,2211,575,0.8125,0.4727272727272727,55,32,139,37,sec_dev_0006
no_rel,19521013,dev,0.0,107,41,0.6341463414634146,0.24299065420560748,0.3513513513513513,0.16842105263157894,0.9439252336448598,0.7120521172638437,0.28794788273615635,1535,442,0.3142857142857143,0.6111111111111112,54,105,95,16,sec_dev_0007
no_rel,19521013,dev,0.7,107,65,0.6153846153846154,0.37383177570093457,0.4651162790697674,0.1897810218978102,1.0841121495327102,0.7091146969036197,0.2908853030963803,2293,667,1.0,0.46296296296296297,54,25,137,26,sec_dev_0007
no_rel,19521013,dev,0.0,109,39,0.6666666666666666,0.23853211009174313,0.35135135135135137,0.19540229885057472,0.9908256880733946,0.7398485891259463,0.2601514108740537,1453,378,0.3103448275862069,0.6923076923076923,52,116,87,17,sec_dev_0008
no_rel,19521013,dev,0.7,109,59,0.6271186440677966,0.3394495412844037,0.44047619047619047,0.2222222222222222,1.1192660550458715,0.716043956043956,0.28395604395604396,2275,646,0.8620689655172413,0.4807692307692308,52,29,135,30,sec_dev_0008
no_rel,19521013,dev,0.0,110,32,0.875,0.2545454545454545,0.3943661971830986,0.16326530612244897,0.9454545454545454,0.7774607703281027,0.2225392296718973,1402,312,0.2644628099173554,0.6274509803921569,51,121,98,16,sec_dev_0009
no_rel,19521013,dev,0.7,110,64,0.671875,0.39090909090909093,0.4942528735632184,0.2517985611510791,1.1181818181818182,0.7406290392072383,0.25937096079276173,2321,602,0.96,0.47058823529411764,51,25,139,35,sec_dev_0009
no_rel,19521013,dev,0.0,104,26,0.6153846153846154,0.15384615384615385,0.24615384615384617,0.1590909090909091,1.0384615384615385,0.7789223454833598,0.22107765451664024,1262,279,0.3,0.6842105263157895,57,130,88,14,sec_dev_0010
no_rel,19521013,dev,0.7,104,56,0.5892857142857143,0.3173076923076923,0.4125,0.1925925925925926,1.1538461538461537,0.7395033860045146,0.26049661399548535,2215,577,0.9,0.47368421052631576,57,30,135,26,sec_dev_0010
no_rel,19521013,dev,0.0,105,29,0.7586206896551724,0.20952380952380953,0.3283582089552239,0.13541666666666666,1.0095238095238095,0.8013493253373314,0.19865067466266867,1334,265,0.2926829268292683,0.6428571428571429,56,123,96,13,sec_dev_0011
no_rel,19521013,dev,0.7,105,56,0.6964285714285714,0.37142857142857144,0.48447204968944096,0.2198581560283688,1.1428571428571428,0.74394006170119,0.2560599382988101,2269,581,0.96,0.42857142857142855,56,25,141,31,sec_dev_0011
no_rel,19521013,test,0.0,110,35,0.7428571428571429,0.23636363636363636,0.3586206896551724,0.15625,0.9818181818181818,0.7953869047619048,0.20461309523809523,1344,275,0.2677165354330709,0.6666666666666666,51,127,96,15,sec_test_0000
no_rel,19521013,test,0.7,110,60,0.7833333333333333,0.42727272727272725,0.5529411764705883,0.2,1.018181818181818,0.7489082969432315,0.25109170305676853,2290,575,0.9285714285714286,0.5098039215686274,51,28,140,28,sec_test_0000
no_rel,19521013,test,0.0,106,34,0.8235294117647058,0.2641509433962264,0.4,0.13829787234042554,0.9528301886792453,0.7691740412979351,0.2308259587020649,1356,313,0.36065573770491804,0.8,55,122,94,13,sec_test_0001
no_rel,19521013,test,0.7,106,64,0.6875,0.41509433962264153,0.5176470588235295,0.19708029197080293,1.0471698113207548,0.7318938371569951,0.2681061628430049,2223,596,0.8387096774193549,0.4727272727272727,55,31,137,27,sec_test_0001
no_rel,19521013,test,0.0,114,34,0.7352941176470589,0.21929824561403508,0.33783783783783783,0.22784810126582278,0.9385964912280702,0.7377911344853494,0.2622088655146506,1331,349,0.26119402985074625,0.7446808510638298,47,134,79,18,sec_test_0002
no_rel,19521013,test,0.7,114,58,0.7413793103448276,0.37719298245614036,0.5,0.25,1.0701754385964912,0.7145904436860069,0.2854095563139932,2344,669,0.9259259259259259,0.5319148936170213,47,27,136,34,sec_test_0002
no_rel,19521013,test,0.0,111,43,0.7906976744186046,0.3063063063063063,0.4415584415584415,0.18478260869565216,0.8648648648648649,0.7436974789915967,0.25630252100840334,1428,366,0.3,0.72,50,120,92,17,sec_test_0003
no_rel,19521013,test,0.7,111,70,0.7857142857142857,0.4954954954954955,0.6077348066298343,0.23134328358208955,0.9279279279279279,0.7160278745644599,0.28397212543554007,2296,652,0.896551724137931,0.52,50,29,134,31,sec_test_0003
no_rel,19521013,test,0.0,109,24,0.75,0.1651376146788991,0.2706766917293233,0.136986301369863,0.963302752293578,0.7612225405921681,0.2387774594078319,1047,250,0.23417721518987342,0.7115384615384616,52,158,73,10,sec_test_0004
no_rel,19521013,test,0.7,109,59,0.6610169491525424,0.3577981651376147,0.46428571428571425,0.2421875,1.036697247706422,0.7135036496350364,0.2864963503649635,2192,628,0.6842105263157895,0.5,52,38,128,31,sec_test_0004
no_rel,19521013,test,0.0,107,34,0.47058823529411764,0.14953271028037382,0.22695035460992904,0.21359223300970873,1.1495327102803738,0.7521423862887278,0.24785761371127224,1517,376,0.3018867924528302,0.5925925925925926,54,106,103,22,sec_test_0005
no_rel,19521013,test,0.7,107,59,0.5254237288135594,0.2897196261682243,0.3734939759036144,0.2463768115942029,1.2242990654205608,0.7310739436619718,0.2689260563380282,2272,611,0.9259259259259259,0.46296296296296297,54,27,138,34,sec_test_0005
no_rel,19521013,test,0.0,108,23,0.6956521739130435,0.14814814814814814,0.2442748091603053,0.18309859154929578,1.0185185185185186,0.8086359175662414,0.19136408243375858,1019,195,0.25,0.7547169811320755,53,160,71,13,sec_test_0006
no_rel,19521013,test,0.7,108,55,0.6727272727272727,0.3425925925925926,0.4539877300613497,0.22900763358778625,1.1296296296296295,0.7532820280669986,0.24671797193300135,2209,545,0.7142857142857143,0.4716981132075472,53,35,131,30,sec_test_0006
no_rel,19521013,test,0.0,112,36,0.8611111111111112,0.2767857142857143,0.41891891891891886,0.175,0.8482142857142857,0.7521739130434782,0.24782608695652175,1380,342,0.2755905511811024,0.7142857142857143,49,127,80,14,sec_test_0007
no_rel,19521013,test,0.7,112,59,0.7796610169491526,0.4107142857142857,0.5380116959064327,0.21481481481481482,0.9910714285714286,0.7294117647058824,0.27058823529411763,2295,621,0.8333333333333334,0.5102040816326531,49,30,135,29,sec_test_0007
no_rel,19521013,test,0.0,106,38,0.631578947368421,0.22641509433962265,0.3333333333333333,0.29545454545454547,1.009433962264151,0.709592641261498,0.290407358738502,1522,442,0.3584905660377358,0.6909090909090909,55,106,88,26,sec_test_0008
no_rel,19521013,test,0.7,106,59,0.6101694915254238,0.33962264150943394,0.43636363636363634,0.2748091603053435,1.1603773584905661,0.7042939353696326,0.2957060646303674,2259,668,0.9285714285714286,0.4727272727272727,55,28,131,36,sec_test_0008
no_rel,19521013,test,0.0,108,30,0.5333333333333333,0.14814814814814814,0.2318840579710145,0.19540229885057472,1.0833333333333333,0.7751343054489639,0.22486569455103608,1303,293,0.2846153846153846,0.6981132075471698,53,130,87,17,sec_test_0009
no_rel,19521013,test,0.7,108,57,0.5614035087719298,0.2962962962962963,0.3878787878787879,0.3046875,1.2037037037037037,0.7348816827344435,0.2651183172655565,2282,605,0.8571428571428571,0.4528301886792453,53,28,128,39,sec_test_0009
no_rel,19521013,test,0.0,110,34,0.9117647058823529,0.2818181818181818,0.4305555555555556,0.13924050632911392,0.8363636363636363,0.7840451248992748,0.21595487510072522,1241,268,0.2805755395683453,0.7647058823529411,51,139,79,11,sec_test_0010
no_rel,19521013,test,0.7,110,63,0.7619047619047619,0.43636363636363634,0.5549132947976878,0.2426470588235294,1.0272727272727273,0.7534722222222222,0.2465277777777778,2304,568,0.9259259259259259,0.49019607843137253,51,27,136,33,sec_test_0010
no_rel,19521013,test,0.0,98,29,0.5862068965517241,0.17346938775510204,0.2677165354330709,0.18888888888888888,1.0816326530612246,0.7567164179104477,0.24328358208955222,1340,326,0.3620689655172414,0.6666666666666666,63,116,90,17,sec_test_0011
no_rel,19521013,test,0.7,98,56,0.5357142857142857,0.30612244897959184,0.38961038961038963,0.24242424242424243,1.1938775510204083,0.7154059040590406,0.2845940959409594,2168,617,0.8620689655172413,0.3968253968253968,63,29,132,32,sec_test_0011
no_rel,19521013,test,0.0,116,32,0.75,0.20689655172413793,0.32432432432432434,0.10869565217391304,0.9568965517241379,0.7917329093799682,0.2082670906200318,1258,262,0.2112676056338028,0.6666666666666666,45,142,92,10,sec_test_0012
no_rel,19521013,test,0.7,116,66,0.6363636363636364,0.3620689655172414,0.4615384615384615,0.27941176470588236,1.146551724137931,0.7439759036144578,0.2560240963855422,2324,595,0.7741935483870968,0.5333333333333333,45,31,136,38,sec_test_0012
no_rel,19521014,dev,0.0,113,39,0.6923076923076923,0.23893805309734514,0.35526315789473684,0.2,0.9557522123893806,0.752442996742671,0.247557003257329,1535,380,0.2818181818181818,0.6458333333333334,48,110,105,21,sec_dev_0000
no_rel,19521014,dev,0.7,113,64,0.71875,0.40707964601769914,0.5197740112994351,0.2846715328467153,1.0530973451327434,0.7114810072556552,0.28851899274434484,2343,676,0.9615384615384616,0.5208333333333334,48,26,137,39,sec_dev_0000
no_rel,19521014,dev,0.0,111,39,0.717948717948718,0.25225225225225223,0.3733333333333333,0.1415929203539823,0.972972972972973,0.7705627705627706,0.22943722943722944,1617,371,0.30303030303030304,0.6,50,99,113,16,sec_dev_0001
no_rel,19521014,dev,0.7,111,61,0.6557377049180327,0.36036036036036034,0.46511627906976744,0.21830985915492956,1.09009009009009,0.7402088772845953,0.2597911227154047,2298,597,0.8571428571428571,0.48,50,28,142,31,sec_dev_0001
no_rel,19521014,dev,0.0,112,40,0.8,0.2857142857142857,0.4210526315789473,0.16666666666666666,0.8660714285714286,0.7677824267782427,0.23221757322175732,1434,333,0.26666666666666666,0.6530612244897959,49,120,96,16,sec_dev_0002
no_rel,19521014,dev,0.7,112,70,0.7,0.4375,0.5384615384615384,0.2713178294573643,0.9732142857142857,0.7084612012275318,0.2915387987724682,2281,665,0.78125,0.5102040816326531,49,32,129,35,sec_dev_0002
no_rel,19521014,dev,0.0,104,45,0.6222222222222222,0.2692307692307692,0.37583892617449666,0.13392857142857142,1.0,0.7569360675512666,0.24306393244873342,1658,403,0.36363636363636365,0.5614035087719298,57,88,112,15,sec_dev_0003
no_rel,19521014,dev,0.7,104,65,0.6,0.375,0.4615384615384615,0.18439716312056736,1.1538461538461537,0.7283236994219653,0.27167630057803466,2249,611,0.9615384615384616,0.43859649122807015,57,26,141,26,sec_dev_0003
no_rel,19521014,dev,0.0,117,39,0.6410256410256411,0.21367521367521367,0.3205128205128205,0.19327731092436976,1.1111111111111112,0.7606042998256828,0.23939570017431724,1721,412,0.35106382978723405,0.75,44,94,119,23,sec_dev_0004
no_rel,19521014,dev,0.7,117,62,0.6290322580645161,0.3333333333333333,0.435754189944134,0.2653061224489796,1.2222222222222223,0.7387273493468184,0.2612726506531816,2373,620,0.9615384615384616,0.5681818181818182,44,26,147,39,sec_dev_0004
no_rel,19521014,dev,0.0,121,48,0.7916666666666666,0.3140495867768595,0.44970414201183434,0.125,0.9752066115702479,0.7652310924369747,0.2347689075630252,1904,447,0.358974358974359,0.7,40,78,136,17,sec_dev_0005
no_rel,19521014,dev,0.7,121,64,0.796875,0.4214876033057851,0.5513513513513514,0.1935483870967742,1.0495867768595042,0.7338877338877339,0.2661122661122661,2405,640,0.9615384615384616,0.625,40,26,155,30,sec_dev_0005
no_rel,19521014,dev,0.0,106,43,0.6046511627906976,0.24528301886792453,0.348993288590604,0.1896551724137931,1.0566037735849056,0.7887323943661972,0.2112676056338028,1704,360,0.4117647058823529,0.6363636363636364,55,85,116,22,sec_dev_0006
no_rel,19521014,dev,0.7,106,62,0.5645161290322581,0.330188679245283,0.4166666666666667,0.2,1.2075471698113207,0.7556541019955654,0.2443458980044346,2255,551,0.8888888888888888,0.43636363636363634,55,27,145,29,sec_dev_0006
no_rel,19521014,dev,0.0,107,43,0.7906976744186046,0.3177570093457944,0.4533333333333333,0.18518518518518517,0.9065420560747663,0.7272196261682242,0.2727803738317757,1712,467,0.37209302325581395,0.5925925925925926,54,86,108,20,sec_dev_0007
no_rel,19521014,dev,0.7,107,62,0.7903225806451613,0.45794392523364486,0.5798816568047337,0.19696969696969696,0.9158878504672897,0.7203687445127305,0.2796312554872695,2278,637,0.9259259259259259,0.46296296296296297,54,27,132,26,sec_dev_0007
no_rel,19521014,dev,0.0,109,39,0.6153846153846154,0.22018348623853212,0.32432432432432434,0.23853211009174313,1.055045871559633,0.7289048473967684,0.2710951526032316,1671,453,0.358695652173913,0.6346153846153846,52,92,109,26,sec_dev_0008
no_rel,19521014,dev,0.7,109,59,0.6610169491525424,0.3577981651376147,0.46428571428571425,0.2814814814814815,1.1376146788990826,0.7240780911062907,0.2759219088937093,2305,636,0.9615384615384616,0.4807692307692308,52,26,135,38,sec_dev_0008
no_rel,19521014,dev,0.0,110,46,0.717391304347826,0.3,0.4230769230769231,0.19008264462809918,1.018181818181818,0.7657909446618223,0.23420905533817776,1789,419,0.375,0.5882352941176471,51,80,121,23,sec_dev_0009
no_rel,19521014,dev,0.7,110,63,0.6666666666666666,0.38181818181818183,0.4855491329479769,0.23448275862068965,1.1636363636363636,0.7584245076586433,0.24157549234135667,2285,552,0.8928571428571429,0.49019607843137253,51,28,145,34,sec_dev_0009
no_rel,19521014,dev,0.0,104,46,0.6956521739130435,0.3076923076923077,0.42666666666666664,0.23148148148148148,0.9519230769230769,0.7236095346197503,0.2763904653802497,1762,487,0.4358974358974359,0.5964912280701754,57,78,108,25,sec_dev_0010
no_rel,19521014,dev,0.7,104,59,0.6440677966101694,0.36538461538461536,0.4662576687116564,0.22962962962962963,1.0865384615384615,0.7175166297117517,0.2824833702882483,2255,637,0.9615384615384616,0.43859649122807015,57,26,135,31,sec_dev_0010
no_rel,19521014,dev,0.0,105,39,0.6923076923076923,0.2571428571428571,0.37499999999999994,0.15702479338842976,1.0952380952380953,0.7704918032786885,0.22950819672131148,1769,406,0.38961038961038963,0.5357142857142857,56,77,121,19,sec_dev_0011
no_rel,19521014,dev,0.7,105,50,0.6,0.2857142857142857,0.3870967741935483,0.2553191489361702,1.2857142857142858,0.7389951089373055,0.26100489106269453,2249,587,0.8888888888888888,0.42857142857142855,56,27,141,36,sec_dev_0011
no_rel,19521014,test,0.0,110,50,0.66,0.3,0.41250000000000003,0.17073170731707318,0.990909090909091,0.7692711064499214,0.23072889355007867,1907,440,0.4411764705882353,0.5882352941176471,51,68,123,21,sec_test_0000
no_rel,19521014,test,0.7,110,68,0.6323529411764706,0.39090909090909093,0.48314606741573035,0.22058823529411764,1.0363636363636364,0.7547332185886403,0.2452667814113597,2324,570,1.0,0.49019607843137253,51,25,136,30,sec_test_0000
no_rel,19521014,test,0.0,106,45,0.6888888888888889,0.29245283018867924,0.4105960264900662,0.136,1.0377358490566038,0.757422969187675,0.24257703081232493,1785,433,0.42105263157894735,0.5818181818181818,55,76,125,17,sec_test_0001
no_rel,19521014,test,0.7,106,64,0.6875,0.41509433962264153,0.5176470588235295,0.18055555555555555,1.0943396226415094,0.7289103690685412,0.2710896309314587,2276,617,1.0,0.45454545454545453,55,25,144,26,sec_test_0001
no_rel,19521014,test,0.0,114,45,0.6888888888888889,0.2719298245614035,0.389937106918239,0.23423423423423423,1.0,0.7442949093036864,0.25570509069631364,1709,437,0.3655913978494624,0.723404255319149,47,93,111,26,sec_test_0002
no_rel,19521014,test,0.7,114,59,0.6949152542372882,0.35964912280701755,0.4739884393063584,0.2695035460992908,1.1491228070175439,0.7233860624198376,0.27661393758016245,2339,647,0.9259259259259259,0.5319148936170213,47,27,141,38,sec_test_0002
no_rel,19521014,test,0.0,111,44,0.8409090909090909,0.3333333333333333,0.4774193548387096,0.1016949152542373,0.9099099099099099,0.7925089179548157,0.2074910820451843,1682,349,0.30434782608695654,0.56,50,92,118,12,sec_test_0003
no_rel,19521014,test,0.7,111,63,0.746031746031746,0.42342342342342343,0.5402298850574712,0.20714285714285716,1.018018018018018,0.7407079646017699,0.2592920353982301,2260,586,0.78125,0.5,50,32,140,29,sec_test_0003
no_rel,19521014,test,0.0,109,32,0.84375,0.24770642201834864,0.3829787234042553,0.1308411214953271,0.9541284403669725,0.7741065407956844,0.22589345920431558,1483,335,0.27927927927927926,0.5961538461538461,52,111,107,14,sec_test_0004
no_rel,19521014,test,0.7,109,57,0.631578947368421,0.3302752293577982,0.43373493975903615,0.23404255319148937,1.1559633027522935,0.7299237326155227,0.2700762673844773,2229,602,0.7878787878787878,0.5,52,33,141,33,sec_test_0004
no_rel,19521014,test,0.0,107,44,0.6590909090909091,0.27102803738317754,0.3841059602649006,0.1926605504587156,1.0,0.7754364840457556,0.22456351595424442,1661,373,0.37362637362637363,0.6296296296296297,54,91,109,21,sec_test_0005
no_rel,19521014,test,0.7,107,61,0.6885245901639344,0.3925233644859813,0.5,0.22388059701492538,1.02803738317757,0.7583108715184187,0.2416891284815813,2226,538,0.78125,0.46296296296296297,54,32,134,30,sec_test_0005
no_rel,19521014,test,0.0,108,37,0.7027027027027027,0.24074074074074073,0.3586206896551724,0.13761467889908258,0.9629629629629629,0.7730496453900709,0.22695035460992907,1551,352,0.33980582524271846,0.660377358490566,53,103,109,15,sec_test_0006
no_rel,19521014,test,0.7,108,61,0.6557377049180327,0.37037037037037035,0.47337278106508873,0.2302158273381295,1.1018518518518519,0.7563025210084033,0.24369747899159663,2261,551,0.8275862068965517,0.4528301886792453,53,29,139,32,sec_test_0006
no_rel,19521014,test,0.0,112,52,0.7307692307692307,0.3392857142857143,0.4634146341463415,0.18627450980392157,0.875,0.7456344586728754,0.2543655413271246,1718,437,0.34065934065934067,0.6326530612244898,49,91,102,19,sec_test_0007
no_rel,19521014,test,0.7,112,72,0.7083333333333334,0.45535714285714285,0.5543478260869564,0.22727272727272727,0.9464285714285714,0.7392611683848798,0.2607388316151203,2328,607,0.9629629629629629,0.5306122448979592,49,27,132,30,sec_test_0007
no_rel,19521014,test,0.0,106,40,0.8,0.3018867924528302,0.4383561643835617,0.1391304347826087,0.9528301886792453,0.76797583081571,0.23202416918429003,1655,384,0.43333333333333335,0.7090909090909091,55,90,115,16,sec_test_0008
no_rel,19521014,test,0.7,106,58,0.7241379310344828,0.39622641509433965,0.5121951219512195,0.21481481481481482,1.0566037735849056,0.7282850779510022,0.2717149220489978,2245,610,0.8620689655172413,0.45454545454545453,55,29,135,29,sec_test_0008
no_rel,19521014,test,0.0,108,38,0.7368421052631579,0.25925925925925924,0.3835616438356165,0.102803738317757,0.9537037037037037,0.782435129740519,0.21756487025948104,1503,327,0.3055555555555556,0.6226415094339622,53,108,107,11,sec_test_0009
no_rel,19521014,test,0.7,108,67,0.6567164179104478,0.4074074074074074,0.5028571428571429,0.21374045801526717,0.9722222222222222,0.7494466578131918,0.2505533421868083,2259,566,0.8333333333333334,0.4716981132075472,53,30,131,28,sec_test_0009
no_rel,19521014,test,0.0,110,52,0.6153846153846154,0.2909090909090909,0.3950617283950617,0.21052631578947367,0.9818181818181818,0.7893544733861835,0.21064552661381652,1766,372,0.3373493975903614,0.5490196078431373,51,83,114,24,sec_test_0010
no_rel,19521014,test,0.7,110,70,0.6857142857142857,0.43636363636363634,0.5333333333333333,0.25,1.0272727272727273,0.7647569444444444,0.23524305555555555,2304,542,0.9259259259259259,0.49019607843137253,51,27,136,34,sec_test_0010
no_rel,19521014,test,0.0,98,36,0.6666666666666666,0.24489795918367346,0.35820895522388063,0.16363636363636364,1.0816326530612246,0.7371951219512195,0.2628048780487805,1640,431,0.4166666666666667,0.5555555555555556,63,84,110,18,sec_test_0011
no_rel,19521014,test,0.7,98,59,0.6271186440677966,0.37755102040816324,0.4713375796178344,0.21641791044776118,1.153061224489796,0.7278133577310155,0.2721866422689844,2186,595,0.9629629629629629,0.4126984126984127,63,27,134,29,sec_test_0011
no_rel,19521014,test,0.0,116,38,0.8157894736842105,0.2672413793103448,0.40259740259740256,0.13513513513513514,0.9482758620689655,0.7743785850860421,0.22562141491395793,1569,354,0.29357798165137616,0.7111111111111111,45,109,111,15,sec_test_0012
no_rel,19521014,test,0.7,116,65,0.676923076923077,0.3793103448275862,0.48618784530386744,0.24305555555555555,1.1120689655172413,0.7444821731748726,0.25551782682512736,2356,602,0.9259259259259259,0.5555555555555556,45,27,144,35,sec_test_0012
no_rel,19521015,dev,0.0,113,34,0.5588235294117647,0.168141592920354,0.2585034013605442,0.17857142857142858,1.1238938053097345,0.769576379974326,0.23042362002567393,1558,359,0.29906542056074764,0.6666666666666666,48,107,112,20,sec_dev_0000
no_rel,19521015,dev,0.7,113,57,0.6140350877192983,0.30973451327433627,0.411764705882353,0.2727272727272727,1.2300884955752212,0.7287120239623449,0.2712879760376551,2337,634,0.9615384615384616,0.5208333333333334,48,26,143,39,sec_dev_0000
no_rel,19521015,dev,0.0,111,29,0.6551724137931034,0.17117117117117117,0.2714285714285714,0.17708333333333334,1.0360360360360361,0.7492977528089888,0.25070224719101125,1424,357,0.275,0.66,50,120,96,17,sec_dev_0001
no_rel,19521015,dev,0.7,111,54,0.6111111111111112,0.2972972972972973,0.39999999999999997,0.2198581560283688,1.2162162162162162,0.7133536320139191,0.2866463679860809,2299,659,0.8928571428571429,0.5,50,28,141,31,sec_dev_0001
no_rel,19521015,dev,0.0,112,36,0.7777777777777778,0.25,0.3783783783783784,0.16666666666666666,0.9196428571428571,0.7385752688172043,0.2614247311827957,1488,389,0.2631578947368421,0.6122448979591837,49,114,102,17,sec_dev_0002
no_rel,19521015,dev,0.7,112,69,0.6956521739130435,0.42857142857142855,0.5303867403314916,0.2803030303030303,1.0089285714285714,0.6963373083475298,0.3036626916524702,2348,713,1.0,0.5102040816326531,49,25,132,37,sec_dev_0002
no_rel,19521015,dev,0.0,104,44,0.7954545454545454,0.33653846153846156,0.47297297297297297,0.14414414414414414,0.9134615384615384,0.777218376337319,0.22278162366268092,1589,354,0.3894736842105263,0.6491228070175439,57,95,111,16,sec_dev_0003
no_rel,19521015,dev,0.7,104,63,0.746031746031746,0.4519230769230769,0.5628742514970061,0.16546762589928057,1.0,0.7374500222123501,0.26254997778764994,2251,591,0.9615384615384616,0.43859649122807015,57,26,139,23,sec_dev_0003
no_rel,19521015,dev,0.0,117,46,0.717391304347826,0.28205128205128205,0.4049079754601227,0.14414414414414414,0.9316239316239316,0.7516378796902918,0.24836212030970817,1679,417,0.29292929292929293,0.6590909090909091,44,99,111,16,sec_dev_0004
no_rel,19521015,dev,0.7,117,74,0.6891891891891891,0.4358974358974359,0.5340314136125653,0.2127659574468085,1.0085470085470085,0.7419083648591845,0.25809163514081546,2379,614,0.9615384615384616,0.5681818181818182,44,26,141,30,sec_dev_0004
no_rel,19521015,dev,0.0,121,45,0.8222222222222222,0.30578512396694213,0.44578313253012053,0.14912280701754385,0.9338842975206612,0.7725090036014406,0.22749099639855944,1666,379,0.2980769230769231,0.775,40,104,114,17,sec_dev_0005
no_rel,19521015,dev,0.7,121,69,0.7681159420289855,0.4380165289256198,0.5578947368421052,0.22972972972972974,1.0330578512396693,0.7367330016583749,0.2632669983416252,2412,635,0.9615384615384616,0.625,40,26,148,34,sec_dev_0005
no_rel,19521015,dev,0.0,106,32,0.59375,0.1792452830188679,0.2753623188405797,0.15384615384615385,1.028301886792453,0.7855440826052422,0.21445591739475775,1259,270,0.2878787878787879,0.6909090909090909,55,132,91,14,sec_dev_0006
no_rel,19521015,dev,0.7,106,62,0.6935483870967742,0.4056603773584906,0.5119047619047619,0.17391304347826086,1.0,0.7552703941338221,0.2447296058661778,2182,534,0.7142857142857143,0.45454545454545453,55,35,138,24,sec_dev_0006
no_rel,19521015,dev,0.0,107,26,0.7692307692307693,0.18691588785046728,0.3007518796992481,0.11627906976744186,0.9626168224299065,0.7755632582322357,0.2244367417677643,1154,259,0.2916666666666667,0.7777777777777778,54,144,86,10,sec_dev_0007
no_rel,19521015,dev,0.7,107,57,0.6491228070175439,0.34579439252336447,0.45121951219512196,0.20863309352517986,1.158878504672897,0.7019018133569217,0.2980981866430783,2261,674,0.8928571428571429,0.46296296296296297,54,28,139,29,sec_dev_0007
no_rel,19521015,dev,0.0,109,35,0.8285714285714286,0.26605504587155965,0.4027777777777778,0.2073170731707317,0.8623853211009175,0.7541729893778453,0.24582701062215478,1318,324,0.3,0.75,52,130,82,17,sec_dev_0008
no_rel,19521015,dev,0.7,109,63,0.746031746031746,0.43119266055045874,0.5465116279069767,0.248,0.9357798165137615,0.7231460674157304,0.27685393258426966,2225,616,0.7428571428571429,0.5,52,35,125,31,sec_dev_0008
no_rel,19521015,dev,0.0,110,34,0.7058823529411765,0.21818181818181817,0.33333333333333337,0.23157894736842105,0.9818181818181818,0.7637630662020906,0.23623693379790942,1435,339,0.2627118644067797,0.6078431372549019,51,118,95,22,sec_dev_0009
no_rel,19521015,dev,0.7,110,66,0.7424242424242424,0.44545454545454544,0.5568181818181818,0.2246376811594203,0.9818181818181818,0.7582897033158813,0.24171029668411867,2292,554,0.8928571428571429,0.49019607843137253,51,28,138,31,sec_dev_0009
no_rel,19521015,dev,0.0,104,37,0.7027027027027027,0.25,0.3687943262411348,0.16964285714285715,1.0,0.7722832722832723,0.2277167277167277,1638,373,0.4,0.631578947368421,57,90,112,19,sec_dev_0010
no_rel,19521015,dev,0.7,104,67,0.7014925373134329,0.4519230769230769,0.5497076023391814,0.208955223880597,0.9807692307692307,0.7311072056239016,0.2688927943760984,2276,612,1.0,0.42105263157894735,57,24,134,28,sec_dev_0010
no_rel,19521015,dev,0.0,105,40,0.825,0.3142857142857143,0.45517241379310347,0.15,0.8476190476190476,0.8013888888888889,0.1986111111111111,1440,286,0.3125,0.625,56,112,100,15,sec_dev_0011
no_rel,19521015,dev,0.7,105,66,0.7878787878787878,0.49523809523809526,0.6081871345029239,0.20300751879699247,0.8571428571428571,0.7545820295037997,0.24541797049620026,2237,549,0.8275862068965517,0.42857142857142855,56,29,133,27,sec_dev_0011
no_rel,19521015,test,0.0,110,33,0.6363636363636364,0.19090909090909092,0.29370629370629375,0.15306122448979592,1.0454545454545454,0.792042042042042,0.20795795795795796,1332,277,0.2890625,0.7254901960784313,51,128,98,15,sec_test_0000
no_rel,19521015,test,0.7,110,60,0.55,0.3,0.388235294117647,0.2328767123287671,1.2363636363636363,0.7552083333333334,0.24479166666666666,2304,564,0.9615384615384616,0.49019607843137253,51,26,146,34,sec_test_0000
no_rel,19521015,test,0.0,106,39,0.6410256410256411,0.2358490566037736,0.3448275862068966,0.16494845360824742,1.0188679245283019,0.7559224694903087,0.2440775305096913,1393,340,0.3474576271186441,0.7454545454545455,55,118,97,16,sec_test_0001
no_rel,19521015,test,0.7,106,69,0.6231884057971014,0.4056603773584906,0.49142857142857144,0.24427480916030533,1.0188679245283019,0.7056721750781598,0.2943278249218401,2239,659,0.8333333333333334,0.45454545454545453,55,30,131,32,sec_test_0001
no_rel,19521015,test,0.0,114,51,0.7647058823529411,0.34210526315789475,0.4727272727272727,0.24561403508771928,0.9649122807017544,0.7410617551462622,0.2589382448537378,1846,478,0.43037974683544306,0.723404255319149,47,79,114,28,sec_test_0002
no_rel,19521015,test,0.7,114,63,0.746031746031746,0.41228070175438597,0.5310734463276836,0.24305555555555555,1.105263157894737,0.7416879795396419,0.25831202046035806,2346,606,0.9615384615384616,0.5319148936170213,47,26,144,35,sec_test_0002
no_rel,19521015,test,0.0,111,45,0.6666666666666666,0.2702702702702703,0.3846153846153846,0.1592920353982301,0.9819819819819819,0.7594481103779245,0.24055188962207558,1667,401,0.32978723404255317,0.62,50,94,113,18,sec_test_0003
no_rel,19521015,test,0.7,111,67,0.6865671641791045,0.4144144144144144,0.5168539325842696,0.2116788321167883,1.0,0.7386018237082067,0.2613981762917933,2303,602,0.8928571428571429,0.5,50,28,137,29,sec_test_0003
no_rel,19521015,test,0.0,109,34,0.7941176470588235,0.24770642201834864,0.37762237762237766,0.15306122448979592,0.926605504587156,0.7690707350901526,0.23092926490984744,1442,333,0.3103448275862069,0.6923076923076923,52,116,98,15,sec_test_0004
no_rel,19521015,test,0.7,109,61,0.7049180327868853,0.3944954128440367,0.5058823529411764,0.22627737226277372,1.0275229357798166,0.7271134472185721,0.2728865527814279,2283,623,0.8928571428571429,0.4807692307692308,52,28,137,31,sec_test_0004
no_rel,19521015,test,0.0,107,31,0.8064516129032258,0.2336448598130841,0.3623188405797102,0.11764705882352941,0.897196261682243,0.8164609053497942,0.18353909465020576,1215,223,0.2463768115942029,0.6296296296296297,54,138,85,10,sec_test_0005
no_rel,19521015,test,0.7,107,63,0.7777777777777778,0.45794392523364486,0.5764705882352941,0.22727272727272727,0.9345794392523364,0.7544883303411131,0.2455116696588869,2228,547,0.78125,0.46296296296296297,54,32,132,30,sec_test_0005
no_rel,19521015,test,0.0,108,31,0.6774193548387096,0.19444444444444445,0.302158273381295,0.18681318681318682,1.037037037037037,0.798306389530408,0.201693610469592,1299,262,0.3153846153846154,0.7735849056603774,53,130,91,17,sec_test_0006
no_rel,19521015,test,0.7,108,58,0.6896551724137931,0.37037037037037035,0.48192771084337355,0.265625,1.1018518518518519,0.7284330985915493,0.2715669014084507,2272,617,0.8620689655172413,0.4716981132075472,53,29,128,34,sec_test_0006
no_rel,19521015,test,0.0,112,42,0.6428571428571429,0.24107142857142858,0.35064935064935066,0.20212765957446807,0.9375,0.7406417112299466,0.25935828877005346,1496,388,0.2894736842105263,0.673469387755102,49,114,94,19,sec_test_0007
no_rel,19521015,test,0.7,112,59,0.6779661016949152,0.35714285714285715,0.4678362573099415,0.2556390977443609,1.0892857142857142,0.7108329736728528,0.2891670263271472,2317,670,0.8928571428571429,0.5102040816326531,49,28,133,34,sec_test_0007
no_rel,19521015,test,0.0,106,28,0.75,0.19811320754716982,0.3134328358208955,0.17204301075268819,1.0,0.756021756021756,0.24397824397824397,1287,314,0.29457364341085274,0.6909090909090909,55,129,93,16,sec_test_0008
no_rel,19521015,test,0.7,106,58,0.7068965517241379,0.3867924528301887,0.5,0.2846153846153846,1.1037735849056605,0.7179372197309417,0.2820627802690583,2230,629,0.9032258064516129,0.509090909090909,55,31,130,37,sec_test_0008
no_rel,19521015,test,0.0,108,25,0.52,0.12037037037037036,0.19548872180451127,0.19318181818181818,1.0740740740740742,0.765422077922078,0.23457792207792208,1232,289,0.26277372262773724,0.6792452830188679,53,137,88,17,sec_test_0009
no_rel,19521015,test,0.7,108,60,0.6333333333333333,0.35185185185185186,0.4523809523809524,0.26865671641791045,1.1759259259259258,0.7319859402460457,0.2680140597539543,2276,610,0.8928571428571429,0.4716981132075472,53,28,134,36,sec_test_0009
no_rel,19521015,test,0.0,110,36,0.6666666666666666,0.21818181818181817,0.32876712328767127,0.168141592920354,1.0545454545454545,0.787571337983513,0.212428662016487,1577,335,0.3137254901960784,0.6274509803921569,51,102,113,19,sec_test_0010
no_rel,19521015,test,0.7,110,61,0.6885245901639344,0.38181818181818183,0.4912280701754386,0.2,1.1,0.7570498915401301,0.24295010845986983,2305,560,0.9615384615384616,0.49019607843137253,51,26,145,29,sec_test_0010
no_rel,19521015,test,0.0,98,24,0.5833333333333334,0.14285714285714285,0.22950819672131142,0.13829787234042554,1.1224489795918366,0.786624203821656,0.21337579617834396,1256,268,0.33064516129032256,0.6507936507936508,63,124,94,13,sec_test_0011
no_rel,19521015,test,0.7,98,52,0.5576923076923077,0.29591836734693877,0.3866666666666667,0.2631578947368421,1.2551020408163265,0.7180433779418551,0.2819566220581449,2167,611,0.896551724137931,0.4126984126984127,63,29,133,35,sec_test_0011
no_rel,19521015,test,0.0,116,38,0.7105263157894737,0.23275862068965517,0.35064935064935066,0.09803921568627451,0.9137931034482759,0.7989690721649485,0.20103092783505155,1358,273,0.21374045801526717,0.6222222222222222,45,131,102,10,sec_test_0012
no_rel,19521015,test,0.7,116,67,0.6567164179104478,0.3793103448275862,0.4808743169398907,0.2605633802816901,1.103448275862069,0.7551107325383305,0.2448892674616695,2348,575,0.8928571428571429,0.5555555555555556,45,28,142,37,sec_test_0012
no_rel,19521016,dev,0.0,113,29,0.7241379310344828,0.18584070796460178,0.295774647887324,0.23655913978494625,1.0530973451327434,0.7483540599853694,0.2516459400146306,1367,344,0.296875,0.7916666666666666,48,128,93,22,sec_dev_0000
no_rel,19521016,dev,0.7,113,55,0.7272727272727273,0.35398230088495575,0.4761904761904763,0.2753623188405797,1.1592920353982301,0.7237403928266439,0.2762596071733561,2342,647,0.9615384615384616,0.5208333333333334,48,26,138,38,sec_dev_0000
no_rel,19521016,dev,0.0,111,31,0.6451612903225806,0.18018018018018017,0.2816901408450704,0.14583333333333334,1.0,0.7641369047619048,0.23586309523809523,1344,317,0.265625,0.68,50,128,96,14,sec_dev_0001
no_rel,19521016,dev,0.7,111,60,0.6833333333333333,0.36936936936936937,0.4795321637426901,0.23741007194244604,1.1261261261261262,0.7346137058053253,0.2653862941946748,2291,608,0.896551724137931,0.52,50,29,139,33,sec_dev_0001
no_rel,19521016,dev,0.0,112,28,0.8571428571428571,0.21428571428571427,0.34285714285714286,0.14285714285714285,0.9017857142857143,0.7575250836120402,0.24247491638795987,1196,290,0.25517241379310346,0.7551020408163265,49,145,84,12,sec_dev_0002
no_rel,19521016,dev,0.7,112,67,0.7313432835820896,0.4375,0.547486033519553,0.21705426356589147,0.9375,0.7107001321003963,0.2892998678996037,2271,657,0.7878787878787878,0.5306122448979592,49,33,129,28,sec_dev_0002
no_rel,19521016,dev,0.0,104,31,0.7741935483870968,0.23076923076923078,0.3555555555555555,0.0761904761904762,0.9615384615384616,0.797752808988764,0.20224719101123595,1335,270,0.32231404958677684,0.6842105263157895,57,121,105,8,sec_dev_0003
no_rel,19521016,dev,0.7,104,59,0.711864406779661,0.40384615384615385,0.5153374233128835,0.1619718309859155,1.0673076923076923,0.7522644927536232,0.2477355072463768,2208,547,0.8666666666666667,0.45614035087719296,57,30,142,23,sec_dev_0003
no_rel,19521016,dev,0.0,117,23,0.7391304347826086,0.1452991452991453,0.24285714285714288,0.2127659574468085,1.0512820512820513,0.7274709302325582,0.27252906976744184,1376,375,0.2366412213740458,0.7045454545454546,44,131,94,20,sec_dev_0004
no_rel,19521016,dev,0.7,117,57,0.5614035087719298,0.27350427350427353,0.36781609195402304,0.2708333333333333,1.2478632478632479,0.7233589087809036,0.27664109121909636,2346,649,0.8620689655172413,0.5681818181818182,44,29,144,39,sec_dev_0004
no_rel,19521016,dev,0.0,121,31,0.9032258064516129,0.23140495867768596,0.368421052631579,0.11363636363636363,0.8512396694214877,0.786525974025974,0.21347402597402598,1232,263,0.21333333333333335,0.8,40,150,88,10,sec_dev_0005
no_rel,19521016,dev,0.7,121,71,0.7323943661971831,0.4297520661157025,0.5416666666666666,0.2482758620689655,1.0330578512396693,0.739622641509434,0.26037735849056604,2385,621,0.8620689655172413,0.625,40,29,145,36,sec_dev_0005
no_rel,19521016,dev,0.0,106,21,0.7142857142857143,0.14150943396226415,0.23622047244094488,0.14736842105263157,1.0660377358490567,0.8050209205020921,0.19497907949790794,1195,233,0.2898550724637681,0.7272727272727273,55,138,95,14,sec_dev_0006
no_rel,19521016,dev,0.7,106,59,0.6440677966101694,0.3584905660377358,0.4606060606060606,0.22377622377622378,1.150943396226415,0.7525589675122386,0.24744103248776145,2247,556,0.8928571428571429,0.45454545454545453,55,28,143,32,sec_dev_0006
no_rel,19521016,dev,0.0,107,28,0.6785714285714286,0.17757009345794392,0.28148148148148144,0.17777777777777778,1.0093457943925233,0.7376923076923076,0.2623076923076923,1300,341,0.2868217054263566,0.6851851851851852,54,129,90,16,sec_dev_0007
no_rel,19521016,dev,0.7,107,62,0.6935483870967742,0.40186915887850466,0.5088757396449705,0.2014388489208633,1.0560747663551402,0.7202095154954169,0.27979048450458316,2291,641,1.0,0.46296296296296297,54,25,139,28,sec_dev_0007
no_rel,19521016,dev,0.0,109,36,0.6666666666666666,0.22018348623853212,0.33103448275862074,0.16666666666666666,1.0,0.7417654808959157,0.25823451910408435,1518,392,0.3055555555555556,0.6346153846153846,52,108,102,17,sec_dev_0008
no_rel,19521016,dev,0.7,109,65,0.676923076923077,0.4036697247706422,0.5057471264367817,0.23529411764705882,1.0458715596330275,0.7376325088339223,0.2623674911660777,2264,594,0.8333333333333334,0.4807692307692308,52,30,136,32,sec_dev_0008
no_rel,19521016,dev,0.0,110,20,0.6,0.10909090909090909,0.1846153846153846,0.1702127659574468,1.0636363636363637,0.7650501672240803,0.23494983277591974,1196,281,0.2676056338028169,0.7450980392156863,51,142,94,16,sec_dev_0009
no_rel,19521016,dev,0.7,110,54,0.6851851851851852,0.33636363636363636,0.451219512195122,0.2638888888888889,1.209090909090909,0.7282229965156795,0.27177700348432055,2296,624,0.9259259259259259,0.49019607843137253,51,27,144,38,sec_dev_0009
no_rel,19521016,dev,0.0,104,28,0.8928571428571429,0.2403846153846154,0.37878787878787884,0.11224489795918367,0.9038461538461539,0.7849462365591398,0.21505376344086022,1302,280,0.296,0.6491228070175439,57,125,98,11,sec_dev_0010
no_rel,19521016,dev,0.7,104,64,0.78125,0.4807692307692308,0.5952380952380952,0.1619718309859155,0.9519230769230769,0.74977856510186,0.25022143489813997,2258,565,1.0,0.43859649122807015,57,25,142,23,sec_dev_0010
no_rel,19521016,dev,0.0,105,32,0.71875,0.21904761904761905,0.3357664233576642,0.19047619047619047,0.9142857142857143,0.7622432859399684,0.2377567140600316,1266,301,0.3282442748091603,0.7678571428571429,56,131,84,16,sec_dev_0011
no_rel,19521016,dev,0.7,105,62,0.6612903225806451,0.3904761904761905,0.49101796407185627,0.25384615384615383,0.9904761904761905,0.740909090909091,0.2590909090909091,2200,570,0.7878787878787878,0.4642857142857143,56,33,130,33,sec_dev_0011
no_rel,19521016,test,0.0,110,23,0.8260869565217391,0.17272727272727273,0.28571428571428575,0.06666666666666667,0.8818181818181818,0.8060301507537688,0.19396984924623115,995,193,0.21341463414634146,0.6862745098039216,51,164,75,5,sec_test_0000
no_rel,19521016,test,0.7,110,63,0.6666666666666666,0.38181818181818183,0.4855491329479769,0.22794117647058823,1.0818181818181818,0.7409850483729112,0.2590149516270888,2274,589,0.8333333333333334,0.49019607843137253,51,30,136,31,sec_test_0000
no_rel,19521016,test,0.0,106,38,0.7894736842105263,0.2830188679245283,0.4166666666666667,0.1686746987951807,0.8490566037735849,0.7533281127642913,0.24667188723570868,1277,315,0.32061068702290074,0.7636363636363637,55,131,83,14,sec_test_0001
no_rel,19521016,test,0.7,106,69,0.7971014492753623,0.5188679245283019,0.6285714285714286,0.17424242424242425,0.8207547169811321,0.7403932082216265,0.25960679177837354,2238,581,0.9,0.4909090909090909,55,30,132,23,sec_test_0001
no_rel,19521016,test,0.0,114,25,0.88,0.19298245614035087,0.31654676258992803,0.16455696202531644,0.9385964912280702,0.7894736842105263,0.21052631578947367,1121,236,0.25161290322580643,0.8297872340425532,47,155,79,13,sec_test_0002
no_rel,19521016,test,0.7,114,64,0.765625,0.4298245614035088,0.550561797752809,0.23357664233576642,0.9912280701754386,0.7239424334932403,0.2760575665067597,2293,633,0.78125,0.5319148936170213,47,32,137,32,sec_test_0002
no_rel,19521016,test,0.0,111,23,0.7391304347826086,0.15315315315315314,0.25373134328358204,0.09411764705882353,0.9459459459459459,0.8285714285714285,0.17142857142857143,1085,186,0.23225806451612904,0.72,50,155,85,8,sec_test_0003
no_rel,19521016,test,0.7,111,65,0.8,0.46846846846846846,0.5909090909090909,0.15714285714285714,0.9099099099099099,0.76,0.24,2250,540,0.7575757575757576,0.5,50,33,140,22,sec_test_0003
no_rel,19521016,test,0.0,109,22,0.8181818181818182,0.1651376146788991,0.2748091603053435,0.14492753623188406,0.9174311926605505,0.7306562193927522,0.2693437806072478,1021,275,0.22981366459627328,0.7115384615384616,52,161,69,10,sec_test_0004
no_rel,19521016,test,0.7,109,62,0.7096774193548387,0.4036697247706422,0.5146198830409358,0.22388059701492538,1.0275229357798166,0.7276386404293381,0.2723613595706619,2236,609,0.7575757575757576,0.4807692307692308,52,33,134,30,sec_test_0004
no_rel,19521016,test,0.0,107,30,0.8333333333333334,0.2336448598130841,0.364963503649635,0.16129032258064516,0.9252336448598131,0.7940947940947941,0.20590520590520592,1287,265,0.3076923076923077,0.7407407407407407,54,130,93,15,sec_test_0005
no_rel,19521016,test,0.7,107,66,0.7575757575757576,0.4672897196261682,0.5780346820809248,0.24427480916030533,0.9532710280373832,0.743556138051551,0.2564438619484491,2289,587,0.9615384615384616,0.46296296296296297,54,26,131,32,sec_test_0005
no_rel,19521016,test,0.0,108,16,0.625,0.09259259259259259,0.16129032258064516,0.1625,1.0555555555555556,0.7913461538461538,0.20865384615384616,1040,217,0.267515923566879,0.7924528301886793,53,157,80,13,sec_test_0006
no_rel,19521016,test,0.7,108,58,0.6379310344827587,0.3425925925925926,0.44578313253012053,0.23529411764705882,1.1851851851851851,0.7420494699646643,0.2579505300353357,2264,584,0.8620689655172413,0.4716981132075472,53,29,136,32,sec_test_0006
no_rel,19521016,test,0.0,112,21,0.5714285714285714,0.10714285714285714,0.18045112781954886,0.10810810810810811,1.0267857142857142,0.7530737704918032,0.24692622950819673,976,241,0.2261904761904762,0.7755102040816326,49,168,74,8,sec_test_0007
no_rel,19521016,test,0.7,112,58,0.5689655172413793,0.29464285714285715,0.3882352941176471,0.2740740740740741,1.2053571428571428,0.7252796420581655,0.27472035794183447,2235,614,0.7222222222222222,0.5306122448979592,49,36,135,37,sec_test_0007
no_rel,19521016,test,0.0,106,31,0.9032258064516129,0.2641509433962264,0.4087591240875912,0.1038961038961039,0.8490566037735849,0.7651858567543064,0.23481414324569355,1103,259,0.28859060402684567,0.7818181818181819,55,149,77,8,sec_test_0008
no_rel,19521016,test,0.7,106,69,0.7101449275362319,0.46226415094339623,0.56,0.1897810218978102,0.9905660377358491,0.7430093209054593,0.2569906790945406,2253,579,0.9285714285714286,0.4727272727272727,55,28,137,26,sec_test_0008
no_rel,19521016,test,0.0,108,18,0.6666666666666666,0.1111111111111111,0.1904761904761905,0.15384615384615385,0.9814814814814815,0.7634285714285715,0.23657142857142857,875,207,0.22857142857142856,0.7547169811320755,53,175,65,10,sec_test_0009
no_rel,19521016,test,0.7,108,55,0.6545454545454545,0.3333333333333333,0.44171779141104295,0.2692307692307692,1.1481481481481481,0.7509009009009009,0.2490990990990991,2220,553,0.7352941176470589,0.4716981132075472,53,34,130,35,sec_test_0009
no_rel,19521016,test,0.0,110,29,0.8275862068965517,0.21818181818181817,0.34532374100719426,0.1595744680851064,0.9454545454545454,0.7978883861236803,0.20211161387631976,1326,268,0.2558139534883721,0.6470588235294118,51,129,94,15,sec_test_0010
no_rel,19521016,test,0.7,110,69,0.7101449275362319,0.44545454545454544,0.5474860335195532,0.22962962962962963,0.9818181818181818,0.761925601750547,0.23807439824945295,2285,544,0.8620689655172413,0.49019607843137253,51,29,135,31,sec_test_0010
no_rel,19521016,test,0.0,98,23,0.7391304347826086,0.17346938775510204,0.2809917355371901,0.10752688172043011,1.0510204081632653,0.7763048881524441,0.22369511184755592,1207,270,0.3178294573643411,0.6507936507936508,63,129,93,10,sec_test_0011
no_rel,19521016,test,0.7,98,52,0.6346153846153846,0.336734693877551,0.43999999999999995,0.1619718309859155,1.1734693877551021,0.7409638554216867,0.25903614457831325,2158,559,0.896551724137931,0.4126984126984127,63,29,142,23,sec_test_0011
no_rel,19521016,test,0.0,116,26,0.6538461538461539,0.14655172413793102,0.23943661971830985,0.15476190476190477,1.043103448275862,0.7886323268206039,0.2113676731793961,1126,238,0.23076923076923078,0.8,45,156,84,13,sec_test_0012
no_rel,19521016,test,0.7,116,66,0.6515151515151515,0.3706896551724138,0.47252747252747257,0.2624113475177305,1.146551724137931,0.7318007662835249,0.2681992337164751,2349,630,0.8928571428571429,0.5555555555555556,45,28,141,37,sec_test_0012
no_rel,19521017,dev,0.0,113,46,0.7391304347826086,0.3008849557522124,0.4276729559748428,0.17857142857142858,1.0265486725663717,0.7519908987485779,0.24800910125142206,1758,436,0.3793103448275862,0.6875,48,87,112,20,sec_dev_0000
no_rel,19521017,dev,0.7,113,60,0.75,0.39823008849557523,0.5202312138728324,0.24817518248175183,1.0619469026548674,0.7385340762966138,0.26146592370338617,2333,610,0.9259259259259259,0.5208333333333334,48,27,137,34,sec_dev_0000
no_rel,19521017,dev,0.0,111,37,0.5675675675675675,0.1891891891891892,0.28378378378378377,0.23404255319148937,1.045045045045045,0.7180989583333333,0.2819010416666667,1536,433,0.27522935779816515,0.6,50,109,94,22,sec_dev_0001
no_rel,19521017,dev,0.7,111,65,0.5846153846153846,0.34234234234234234,0.4318181818181819,0.29545454545454547,1.1441441441441442,0.7070446735395188,0.2929553264604811,2328,682,0.9615384615384616,0.5,50,26,132,39,sec_dev_0001
no_rel,19521017,dev,0.0,112,30,0.7,0.1875,0.2957746478873239,0.19047619047619047,0.9910714285714286,0.7322006472491909,0.26779935275080907,1236,331,0.2624113475177305,0.7551020408163265,49,141,84,16,sec_dev_0002
no_rel,19521017,dev,0.7,112,67,0.6567164179104478,0.39285714285714285,0.49162011173184356,0.25190839694656486,1.0535714285714286,0.7028767711464148,0.2971232288535852,2329,692,0.9259259259259259,0.5102040816326531,49,27,131,33,sec_dev_0002
no_rel,19521017,dev,0.0,104,42,0.6190476190476191,0.25,0.3561643835616438,0.2288135593220339,1.0961538461538463,0.7426636568848759,0.25733634311512416,1772,456,0.4342105263157895,0.5789473684210527,57,76,118,27,sec_dev_0003
no_rel,19521017,dev,0.7,104,54,0.6111111111111112,0.3173076923076923,0.4177215189873418,0.2647058823529412,1.1923076923076923,0.7231588287488908,0.27684117125110913,2254,624,0.9615384615384616,0.43859649122807015,57,26,136,36,sec_dev_0003
no_rel,19521017,dev,0.0,117,35,0.6,0.1794871794871795,0.2763157894736842,0.23148148148148148,1.0940170940170941,0.752157829839704,0.24784217016029594,1622,402,0.29523809523809524,0.7045454545454546,44,105,108,25,sec_dev_0004
no_rel,19521017,dev,0.7,117,57,0.6842105263157895,0.3333333333333333,0.44827586206896547,0.23972602739726026,1.188034188034188,0.7280033840947546,0.2719966159052453,2364,643,0.9629629629629629,0.5909090909090909,44,27,146,35,sec_dev_0004
no_rel,19521017,dev,0.0,121,52,0.75,0.32231404958677684,0.45086705202312133,0.1774193548387097,0.9834710743801653,0.7435098650051921,0.2564901349948079,1926,494,0.36363636363636365,0.7,40,77,124,22,sec_dev_0005
no_rel,19521017,dev,0.7,121,65,0.7076923076923077,0.38016528925619836,0.4946236559139785,0.2534246575342466,1.1074380165289257,0.7300332778702163,0.2699667221297837,2404,649,0.9259259259259259,0.625,40,27,146,37,sec_dev_0005
no_rel,19521017,dev,0.0,106,35,0.6571428571428571,0.2169811320754717,0.3262411347517731,0.1559633027522936,1.0754716981132075,0.785572468563865,0.21442753143613502,1511,324,0.34285714285714286,0.6545454545454545,55,105,109,17,sec_dev_0006
no_rel,19521017,dev,0.7,106,64,0.640625,0.3867924528301887,0.4823529411764706,0.21739130434782608,1.0754716981132075,0.7387267904509284,0.2612732095490716,2262,591,0.9259259259259259,0.45454545454545453,55,27,138,30,sec_dev_0006
no_rel,19521017,dev,0.0,107,36,0.6111111111111112,0.205607476635514,0.30769230769230765,0.22727272727272727,1.0934579439252337,0.7106508875739646,0.2893491124260355,1690,489,0.3522727272727273,0.5740740740740741,54,88,110,25,sec_dev_0007
no_rel,19521017,dev,0.7,107,55,0.6727272727272727,0.34579439252336447,0.45679012345679004,0.2518518518518518,1.158878504672897,0.7050328227571117,0.2949671772428884,2285,674,0.9615384615384616,0.46296296296296297,54,26,135,34,sec_dev_0007
no_rel,19521017,dev,0.0,109,40,0.55,0.2018348623853211,0.2953020134228188,0.21904761904761905,1.055045871559633,0.7317507418397626,0.26824925816023737,1685,452,0.32967032967032966,0.5769230769230769,52,91,105,23,sec_dev_0008
no_rel,19521017,dev,0.7,109,54,0.5740740740740741,0.28440366972477066,0.3803680981595092,0.27205882352941174,1.2568807339449541,0.71484375,0.28515625,2304,657,0.9615384615384616,0.4807692307692308,52,26,136,37,sec_dev_0008
no_rel,19521017,dev,0.0,110,32,0.8125,0.23636363636363636,0.36619718309859156,0.15178571428571427,1.018181818181818,0.7692307692307692,0.23076923076923078,1508,348,0.3486238532110092,0.7450980392156863,51,109,112,17,sec_dev_0009
no_rel,19521017,dev,0.7,110,57,0.7543859649122807,0.39090909090909093,0.5149700598802396,0.2112676056338028,1.1090909090909091,0.7445604873803306,0.2554395126196693,2298,587,0.9259259259259259,0.49019607843137253,51,27,142,30,sec_dev_0009
no_rel,19521017,dev,0.0,104,51,0.6862745098039216,0.33653846153846156,0.4516129032258065,0.18699186991869918,0.9615384615384616,0.7341373885684321,0.2658626114315679,1907,507,0.5161290322580645,0.5614035087719298,57,62,123,23,sec_dev_0010
no_rel,19521017,dev,0.7,104,64,0.703125,0.4326923076923077,0.5357142857142857,0.21374045801526717,0.9615384615384616,0.7162461266046923,0.28375387339530767,2259,641,0.9615384615384616,0.43859649122807015,57,26,131,28,sec_dev_0010
no_rel,19521017,dev,0.0,105,41,0.6585365853658537,0.2571428571428571,0.3698630136986301,0.14285714285714285,1.0952380952380953,0.7946577629382303,0.20534223706176963,1797,369,0.410958904109589,0.5357142857142857,56,73,133,19,sec_dev_0011
no_rel,19521017,dev,0.7,105,60,0.6833333333333333,0.3904761904761905,0.49696969696969706,0.22695035460992907,1.1142857142857143,0.74173644777435,0.25826355222565006,2269,586,0.96,0.42857142857142855,56,25,141,32,sec_dev_0011
no_rel,19521017,test,0.0,110,49,0.6938775510204082,0.3090909090909091,0.4276729559748428,0.19642857142857142,0.9272727272727272,0.7597330367074527,0.24026696329254726,1798,432,0.375,0.5882352941176471,51,80,112,22,sec_test_0000
no_rel,19521017,test,0.7,110,64,0.671875,0.39090909090909093,0.4942528735632184,0.2631578947368421,1.0454545454545454,0.7335655202437963,0.26643447975620377,2297,612,0.8928571428571429,0.49019607843137253,51,28,133,35,sec_test_0000
no_rel,19521017,test,0.0,106,45,0.7555555555555555,0.32075471698113206,0.4503311258278146,0.16101694915254236,0.9905660377358491,0.746311010215664,0.25368898978433596,1762,447,0.3924050632911392,0.5636363636363636,55,79,118,19,sec_test_0001
no_rel,19521017,test,0.7,106,60,0.7833333333333333,0.44339622641509435,0.5662650602409638,0.21830985915492956,1.0471698113207548,0.7364924712134633,0.26350752878653677,2258,595,0.9629629629629629,0.4727272727272727,55,27,142,31,sec_test_0001
no_rel,19521017,test,0.0,114,32,0.65625,0.18421052631578946,0.2876712328767123,0.18446601941747573,1.0,0.7619367854741089,0.23806321452589105,1487,354,0.28448275862068967,0.7021276595744681,47,116,103,19,sec_test_0002
no_rel,19521017,test,0.7,114,57,0.7192982456140351,0.35964912280701755,0.4795321637426901,0.2714285714285714,1.131578947368421,0.7175965665236052,0.28240343347639485,2330,658,0.9285714285714286,0.5531914893617021,47,28,140,38,sec_test_0002
no_rel,19521017,test,0.0,111,52,0.6153846153846154,0.2882882882882883,0.39263803680981596,0.192,1.0360360360360361,0.7404699738903394,0.2595300261096606,1915,497,0.39705882352941174,0.54,50,68,125,24,sec_test_0003
no_rel,19521017,test,0.7,111,65,0.6153846153846154,0.36036036036036034,0.45454545454545453,0.23076923076923078,1.162162162162162,0.724967769660507,0.2750322303394929,2327,640,1.0,0.5,50,25,143,33,sec_test_0003
no_rel,19521017,test,0.0,109,37,0.7027027027027027,0.23853211009174313,0.3561643835616438,0.20353982300884957,1.0642201834862386,0.7403787416004888,0.2596212583995113,1637,425,0.3263157894736842,0.5961538461538461,52,95,113,23,sec_test_0004
no_rel,19521017,test,0.7,109,56,0.6428571428571429,0.3302752293577982,0.4363636363636364,0.3088235294117647,1.2110091743119267,0.693171996542783,0.30682800345721695,2314,710,1.0,0.4807692307692308,52,25,136,42,sec_test_0004
no_rel,19521017,test,0.0,107,38,0.7105263157894737,0.2523364485981308,0.37241379310344824,0.16326530612244897,0.9439252336448598,0.7961165048543689,0.20388349514563106,1442,294,0.2807017543859649,0.5925925925925926,54,114,98,16,sec_test_0005
no_rel,19521017,test,0.7,107,65,0.7076923076923077,0.42990654205607476,0.5348837209302326,0.24242424242424243,0.9906542056074766,0.7621789193976971,0.23782108060230292,2258,537,0.8620689655172413,0.46296296296296297,54,29,132,32,sec_test_0005
no_rel,19521017,test,0.0,108,33,0.8181818181818182,0.25,0.38297872340425526,0.18,0.9537037037037037,0.7648648648648648,0.23513513513513515,1480,348,0.2882882882882883,0.6037735849056604,53,111,100,18,sec_test_0006
no_rel,19521017,test,0.7,108,64,0.75,0.4444444444444444,0.5581395348837209,0.24812030075187969,1.0,0.7496706192358367,0.2503293807641634,2277,570,0.8928571428571429,0.4716981132075472,53,28,133,33,sec_test_0006
no_rel,19521017,test,0.0,112,52,0.7307692307692307,0.3392857142857143,0.4634146341463415,0.1984126984126984,0.9553571428571429,0.7353228962818004,0.26467710371819964,2044,541,0.4642857142857143,0.5306122448979592,49,56,126,25,sec_test_0007
no_rel,19521017,test,0.7,112,64,0.6875,0.39285714285714285,0.5,0.22627737226277372,1.0446428571428572,0.7248178311187312,0.27518216888126873,2333,642,0.9615384615384616,0.5102040816326531,49,26,137,31,sec_test_0007
no_rel,19521017,test,0.0,106,34,0.6176470588235294,0.19811320754716982,0.3,0.2571428571428571,1.1132075471698113,0.7206153846153847,0.2793846153846154,1625,454,0.39361702127659576,0.6727272727272727,55,94,105,27,sec_test_0008
no_rel,19521017,test,0.7,106,53,0.6981132075471698,0.3490566037735849,0.4654088050314465,0.2748091603053435,1.150943396226415,0.6928162185985016,0.30718378140149843,2269,697,0.9259259259259259,0.45454545454545453,55,27,131,36,sec_test_0008
no_rel,19521017,test,0.0,108,23,0.4782608695652174,0.10185185185185185,0.16793893129770993,0.21978021978021978,1.1018518518518519,0.7768662838392124,0.22313371616078753,1219,272,0.2826086956521739,0.7358490566037735,53,138,91,20,sec_test_0009
no_rel,19521017,test,0.7,108,57,0.5263157894736842,0.2777777777777778,0.36363636363636365,0.30303030303030304,1.2592592592592593,0.7347027972027972,0.2652972027972028,2288,607,0.9259259259259259,0.4716981132075472,53,27,132,40,sec_test_0009
no_rel,19521017,test,0.0,110,36,0.7777777777777778,0.2545454545454545,0.38356164383561636,0.13861386138613863,0.9272727272727272,0.794961511546536,0.20503848845346395,1429,293,0.2966101694915254,0.6862745098039216,51,118,101,14,sec_test_0010
no_rel,19521017,test,0.7,110,64,0.71875,0.41818181818181815,0.528735632183908,0.18439716312056736,1.0,0.7792891619131198,0.22071083808688022,2279,503,0.896551724137931,0.5098039215686274,51,29,141,26,sec_test_0010
no_rel,19521017,test,0.0,98,36,0.6111111111111112,0.22448979591836735,0.3283582089552239,0.17094017094017094,1.0918367346938775,0.7395295467584624,0.26047045324153756,1743,454,0.4383561643835616,0.5079365079365079,63,73,117,20,sec_test_0011
no_rel,19521017,test,0.7,98,53,0.6415094339622641,0.3469387755102041,0.45033112582781454,0.22556390977443608,1.153061224489796,0.7190756683280471,0.28092433167195285,2207,620,1.0,0.3968253968253968,63,25,133,30,sec_test_0011
no_rel,19521017,test,0.0,116,28,0.75,0.1810344827586207,0.2916666666666667,0.1509433962264151,1.0172413793103448,0.8019525801952581,0.19804741980474197,1434,284,0.2764227642276423,0.7555555555555555,45,123,106,16,sec_test_0012
no_rel,19521017,test,0.7,116,66,0.7272727272727273,0.41379310344827586,0.5274725274725275,0.25547445255474455,1.043103448275862,0.7458912768647281,0.25410872313527183,2373,603,0.9615384615384616,0.5555555555555556,45,26,137,35,sec_test_0012
no_rel,19521018,dev,0.0,113,19,0.7368421052631579,0.12389380530973451,0.21212121212121213,0.16901408450704225,1.0,0.7471620227038184,0.2528379772961816,969,245,0.2411764705882353,0.8541666666666666,48,170,71,12,sec_dev_0000
no_rel,19521018,dev,0.7,113,52,0.6923076923076923,0.3185840707964602,0.43636363636363634,0.19148936170212766,1.1238938053097345,0.7462900909526089,0.2537099090473911,2089,530,0.5490196078431373,0.5833333333333334,48,51,141,27,sec_dev_0000
no_rel,19521018,dev,0.0,111,11,0.9090909090909091,0.09009009009009009,0.1639344262295082,0.08,0.954954954954955,0.8016129032258065,0.19838709677419356,620,123,0.2,0.82,50,205,50,4,sec_dev_0001
no_rel,19521018,dev,0.7,111,47,0.7021276595744681,0.2972972972972973,0.4177215189873418,0.2440944881889764,1.0990990990990992,0.7298530157121135,0.27014698428788647,1973,533,0.5,0.62,50,62,127,31,sec_dev_0001
no_rel,19521018,dev,0.0,112,9,0.8888888888888888,0.07142857142857142,0.1322314049586777,0.11864406779661017,1.0,0.7777777777777778,0.2222222222222222,711,158,0.20408163265306123,0.8163265306122449,49,196,59,7,sec_dev_0002
no_rel,19521018,dev,0.7,112,51,0.7058823529411765,0.32142857142857145,0.44171779141104295,0.2627118644067797,0.9821428571428571,0.7128661087866108,0.2871338912133891,1912,549,0.44285714285714284,0.6326530612244898,49,70,118,31,sec_dev_0002
no_rel,19521018,dev,0.0,104,16,0.8125,0.125,0.21666666666666667,0.11428571428571428,1.0384615384615385,0.7666666666666666,0.23333333333333334,900,210,0.26785714285714285,0.7894736842105263,57,168,70,8,sec_dev_0003
no_rel,19521018,dev,0.7,104,53,0.7358490566037735,0.375,0.4968152866242037,0.2074074074074074,1.1153846153846154,0.7261390887290168,0.2738609112709832,2085,571,0.7209302325581395,0.543859649122807,57,43,135,28,sec_dev_0003
no_rel,19521018,dev,0.0,117,22,0.7272727272727273,0.13675213675213677,0.23021582733812954,0.1267605633802817,0.9658119658119658,0.8008611410118407,0.1991388589881593,929,185,0.21348314606741572,0.8636363636363636,44,178,71,9,sec_dev_0004
no_rel,19521018,dev,0.7,117,57,0.631578947368421,0.3076923076923077,0.41379310344827586,0.25735294117647056,1.1196581196581197,0.7502321262766946,0.24976787372330547,2154,538,0.5306122448979592,0.5909090909090909,44,49,136,35,sec_dev_0004
no_rel,19521018,dev,0.0,121,19,0.7368421052631579,0.11570247933884298,0.20000000000000004,0.10606060606060606,0.9669421487603306,0.8033175355450237,0.1966824644549763,844,166,0.16753926701570682,0.8,40,191,66,7,sec_dev_0005
no_rel,19521018,dev,0.7,121,55,0.6181818181818182,0.2809917355371901,0.3863636363636364,0.2846715328467153,1.1487603305785123,0.7347886669763122,0.2652113330236879,2153,571,0.4716981132075472,0.625,40,53,137,39,sec_dev_0005
no_rel,19521018,dev,0.0,106,11,0.8181818181818182,0.08490566037735849,0.15384615384615385,0.09615384615384616,0.9905660377358491,0.7824074074074074,0.2175925925925926,648,141,0.2233502538071066,0.8,55,197,52,5,sec_dev_0006
no_rel,19521018,dev,0.7,106,54,0.5740740740740741,0.29245283018867924,0.3875,0.22556390977443608,1.1037735849056605,0.7550319096710849,0.24496809032891506,2037,499,0.6,0.5454545454545454,55,50,133,30,sec_dev_0006
no_rel,19521018,dev,0.0,107,12,0.75,0.08411214953271028,0.15126050420168066,0.16071428571428573,0.9906542056074766,0.7542613636363636,0.24573863636363635,704,173,0.24479166666666666,0.8703703703703703,54,192,56,9,sec_dev_0007
no_rel,19521018,dev,0.7,107,51,0.6078431372549019,0.2897196261682243,0.39240506329113917,0.22764227642276422,1.1308411214953271,0.6842907981698017,0.3157092018301983,1967,621,0.4915254237288136,0.5370370370370371,54,59,123,28,sec_dev_0007
no_rel,19521018,dev,0.0,109,19,0.6842105263157895,0.11926605504587157,0.203125,0.22388059701492538,1.0091743119266054,0.7183967112024666,0.2816032887975334,973,274,0.24096385542168675,0.7692307692307693,52,166,67,15,sec_dev_0008
no_rel,19521018,dev,0.7,109,54,0.5925925925925926,0.29357798165137616,0.392638036809816,0.3162393162393162,1.1192660550458715,0.6976090014064698,0.30239099859353025,2133,645,0.6444444444444445,0.5576923076923077,52,45,117,37,sec_dev_0008
no_rel,19521018,dev,0.0,110,14,0.7857142857142857,0.1,0.1774193548387097,0.11320754716981132,0.9727272727272728,0.7651403249630724,0.23485967503692762,677,159,0.2222222222222222,0.8627450980392157,51,198,53,6,sec_dev_0009
no_rel,19521018,dev,0.7,110,42,0.6428571428571429,0.24545454545454545,0.3552631578947368,0.25,1.1545454545454545,0.7237837837837837,0.2762162162162162,1850,511,0.44594594594594594,0.6470588235294118,51,74,120,30,sec_dev_0009
no_rel,19521018,dev,0.0,104,16,0.625,0.09615384615384616,0.16666666666666669,0.14545454545454545,0.9807692307692307,0.7294117647058824,0.27058823529411763,765,207,0.25136612021857924,0.8070175438596491,57,183,55,8,sec_dev_0010
no_rel,19521018,dev,0.7,104,41,0.7317073170731707,0.28846153846153844,0.4137931034482758,0.2153846153846154,1.1442307692307692,0.7390862944162436,0.2609137055837564,1970,514,0.5454545454545454,0.5263157894736842,57,55,130,28,sec_dev_0010
no_rel,19521018,dev,0.0,105,19,0.6842105263157895,0.12380952380952381,0.20967741935483872,0.075,1.0666666666666667,0.7831683168316832,0.21683168316831683,1010,219,0.2484076433121019,0.6964285714285714,56,157,80,6,sec_dev_0011
no_rel,19521018,dev,0.7,105,55,0.6363636363636364,0.3333333333333333,0.43749999999999994,0.21052631578947367,1.1238095238095238,0.7346747777257838,0.2653252222742162,2137,567,0.717948717948718,0.5,56,39,133,28,sec_dev_0011
no_rel,19521018,test,0.0,110,12,0.8333333333333334,0.09090909090909091,0.16393442622950818,0.06896551724137931,1.0,0.848314606741573,0.15168539325842698,712,108,0.18556701030927836,0.7058823529411765,51,194,58,4,sec_test_0000
no_rel,19521018,test,0.7,110,53,0.6037735849056604,0.2909090909090909,0.39263803680981596,0.2781954887218045,1.1818181818181819,0.7479829140958709,0.2520170859041291,2107,531,0.5531914893617021,0.5098039215686274,51,47,133,37,sec_test_0000
no_rel,19521018,test,0.0,106,18,0.6111111111111112,0.10377358490566038,0.1774193548387097,0.14492753623188406,1.0,0.7551020408163265,0.24489795918367346,931,228,0.25748502994011974,0.7818181818181819,55,167,69,10,sec_test_0001
no_rel,19521018,test,0.7,106,55,0.6,0.3113207547169811,0.40993788819875776,0.2196969696969697,1.1132075471698113,0.7196307094266278,0.28036929057337223,2058,577,0.625,0.5454545454545454,55,48,132,29,sec_test_0001
no_rel,19521018,test,0.0,114,12,0.8333333333333334,0.08771929824561403,0.15873015873015872,0.07142857142857142,1.0263157894736843,0.8060975609756098,0.19390243902439025,820,159,0.20430107526881722,0.8085106382978723,47,186,70,5,sec_test_0002
no_rel,19521018,test,0.7,114,51,0.6666666666666666,0.2982456140350877,0.41212121212121217,0.2198581560283688,1.1929824561403508,0.7248702218027372,0.27512977819726286,2119,583,0.5918367346938775,0.6170212765957447,47,49,141,31,sec_test_0002
no_rel,19521018,test,0.0,111,33,0.7272727272727273,0.21621621621621623,0.33333333333333337,0.0875,0.9009009009009009,0.7686440677966102,0.23135593220338982,1180,273,0.2534246575342466,0.74,50,146,80,7,sec_test_0003
no_rel,19521018,test,0.7,111,57,0.6666666666666666,0.34234234234234234,0.4523809523809524,0.21052631578947367,1.063063063063063,0.7253100597152045,0.2746899402847956,2177,598,0.6341463414634146,0.52,50,41,133,28,sec_test_0003
no_rel,19521018,test,0.0,109,9,0.7777777777777778,0.06422018348623854,0.11864406779661019,0.15789473684210525,1.055045871559633,0.7427385892116183,0.2572614107883817,723,186,0.21875,0.8076923076923077,52,192,57,9,sec_test_0004
no_rel,19521018,test,0.7,109,47,0.7446808510638298,0.3211009174311927,0.44871794871794873,0.2153846153846154,1.073394495412844,0.7456852791878172,0.25431472081218276,1970,501,0.5166666666666667,0.5961538461538461,52,60,130,28,sec_test_0004
no_rel,19521018,test,0.0,107,18,0.7222222222222222,0.12149532710280374,0.20800000000000002,0.09615384615384616,0.9626168224299065,0.8037790697674418,0.19622093023255813,688,135,0.2422680412371134,0.8703703703703703,54,194,52,5,sec_test_0005
no_rel,19521018,test,0.7,107,50,0.66,0.308411214953271,0.4203821656050955,0.2,1.074766355140187,0.7736842105263158,0.22631578947368422,1900,430,0.46153846153846156,0.5555555555555556,54,65,130,26,sec_test_0005
no_rel,19521018,test,0.0,108,20,0.75,0.1388888888888889,0.23437500000000003,0.125,0.9629629629629629,0.7801339285714286,0.21986607142857142,896,197,0.24855491329479767,0.8113207547169812,53,173,64,8,sec_test_0006
no_rel,19521018,test,0.7,108,55,0.7272727272727273,0.37037037037037035,0.4907975460122699,0.20155038759689922,1.0740740740740742,0.7496430271299381,0.25035697287006187,2101,526,0.5869565217391305,0.5094339622641509,53,46,129,26,sec_test_0006
no_rel,19521018,test,0.0,112,19,0.47368421052631576,0.08035714285714286,0.13740458015267176,0.2191780821917808,1.0714285714285714,0.7176835573940021,0.2823164426059979,967,273,0.22485207100591717,0.7755102040816326,49,169,73,16,sec_test_0007
no_rel,19521018,test,0.7,112,51,0.5882352941176471,0.26785714285714285,0.36809815950920244,0.24817518248175183,1.2767857142857142,0.7130591956619973,0.28694080433800273,2213,635,0.6578947368421053,0.5102040816326531,49,38,137,34,sec_test_0007
no_rel,19521018,test,0.0,106,19,0.6842105263157895,0.12264150943396226,0.208,0.14473684210526316,1.028301886792453,0.7720739219712526,0.22792607802874743,974,222,0.2716049382716049,0.8,55,162,76,11,sec_test_0008
no_rel,19521018,test,0.7,106,52,0.6153846153846154,0.3018867924528302,0.4050632911392405,0.2028985507246377,1.1981132075471699,0.7321428571428572,0.26785714285714285,2072,555,0.5869565217391305,0.4909090909090909,55,46,138,28,sec_test_0008
no_rel,19521018,test,0.0,108,7,0.42857142857142855,0.027777777777777776,0.05217391304347826,0.1282051282051282,1.0185185185185186,0.7864271457085829,0.21357285429141717,501,107,0.22325581395348837,0.9056603773584906,53,215,39,5,sec_test_0009
no_rel,19521018,test,0.7,108,36,0.4722222222222222,0.1574074074074074,0.2361111111111111,0.22033898305084745,1.2407407407407407,0.7494226327944573,0.25057736720554274,1732,434,0.40476190476190477,0.6415094339622641,53,84,118,26,sec_test_0009
no_rel,19521018,test,0.0,110,20,0.75,0.13636363636363635,0.23076923076923075,0.1095890410958904,0.9818181818181818,0.8155339805825242,0.18446601941747573,927,171,0.2222222222222222,0.7450980392156863,51,171,73,8,sec_test_0010
no_rel,19521018,test,0.7,110,56,0.6607142857142857,0.33636363636363636,0.44578313253012053,0.17857142857142858,1.0818181818181818,0.7746411483253588,0.22535885167464115,2090,471,0.5416666666666666,0.5098039215686274,51,48,140,25,sec_test_0010
no_rel,19521018,test,0.0,98,24,0.625,0.15306122448979592,0.2459016393442623,0.1917808219178082,1.030612244897959,0.7125119388729704,0.2874880611270296,1047,301,0.3197278911564626,0.746031746031746,63,147,73,14,sec_test_0011
no_rel,19521018,test,0.7,98,53,0.6792452830188679,0.3673469387755102,0.4768211920529801,0.17557251908396945,1.0714285714285714,0.7422940879231935,0.2577059120768065,1979,510,0.6041666666666666,0.4603174603174603,63,48,131,23,sec_test_0011
no_rel,19521018,test,0.0,116,18,0.9444444444444444,0.14655172413793102,0.25373134328358204,0.1111111111111111,0.9655172413793104,0.7864644107351225,0.21353558926487748,857,183,0.2,0.8222222222222222,45,185,63,7,sec_test_0012
no_rel,19521018,test,0.7,116,47,0.723404255319149,0.29310344827586204,0.4171779141104294,0.25396825396825395,1.1206896551724137,0.7177103718199609,0.28228962818003916,2044,577,0.45,0.6,45,60,126,32,sec_test_0012
no_rel,19521019,dev,0.0,113,57,0.6842105263157895,0.34513274336283184,0.4588235294117647,0.21705426356589147,1.0176991150442478,0.7515923566878981,0.2484076433121019,2041,507,0.49122807017543857,0.5833333333333334,48,57,129,28,sec_dev_0000
no_rel,19521019,dev,0.7,113,67,0.6865671641791045,0.40707964601769914,0.5111111111111112,0.2446043165467626,1.0619469026548674,0.7328796256911952,0.26712037430880475,2351,628,1.0,0.5208333333333334,48,25,139,34,sec_dev_0000
no_rel,19521019,dev,0.0,111,47,0.7872340425531915,0.3333333333333333,0.4683544303797468,0.1810344827586207,0.8918918918918919,0.7421790722761596,0.25782092772384035,1854,478,0.4,0.6,50,75,116,21,sec_dev_0001
no_rel,19521019,dev,0.7,111,59,0.7457627118644068,0.3963963963963964,0.5176470588235293,0.24087591240875914,1.045045045045045,0.715884631941455,0.284115368058545,2323,660,0.9615384615384616,0.5,50,26,137,33,sec_dev_0001
no_rel,19521019,dev,0.0,112,48,0.75,0.32142857142857145,0.45000000000000007,0.14516129032258066,0.9821428571428571,0.7410337552742616,0.25896624472573837,1896,491,0.4084507042253521,0.5918367346938775,49,71,124,18,sec_dev_0002
no_rel,19521019,dev,0.7,112,67,0.7014925373134329,0.41964285714285715,0.5251396648044693,0.20863309352517986,1.0446428571428572,0.7233950883239983,0.2766049116760017,2321,642,0.9259259259259259,0.5102040816326531,49,27,139,29,sec_dev_0002
no_rel,19521019,dev,0.0,104,57,0.6842105263157895,0.375,0.4844720496894411,0.15267175572519084,1.0288461538461537,0.754291319274154,0.245708680725846,2039,501,0.5625,0.47368421052631576,57,48,131,20,sec_dev_0003
no_rel,19521019,dev,0.7,104,65,0.6923076923076923,0.4326923076923077,0.5325443786982249,0.1619718309859155,1.0673076923076923,0.7559787422497786,0.24402125775022143,2258,551,1.0,0.43859649122807015,57,25,142,23,sec_dev_0003
no_rel,19521019,dev,0.0,117,55,0.6727272727272727,0.3162393162393162,0.43023255813953487,0.1937984496124031,1.0085470085470085,0.7681380010147134,0.23186199898528664,1971,457,0.39705882352941174,0.6136363636363636,44,68,129,25,sec_dev_0004
no_rel,19521019,dev,0.7,117,71,0.6197183098591549,0.37606837606837606,0.4680851063829787,0.2605633802816901,1.0940170940170941,0.7476871320437342,0.2523128679562658,2378,600,0.9615384615384616,0.5681818181818182,44,26,142,37,sec_dev_0004
no_rel,19521019,dev,0.0,121,57,0.6842105263157895,0.32231404958677684,0.43820224719101125,0.22058823529411764,1.0661157024793388,0.7366920152091254,0.2633079847908745,2104,554,0.43103448275862066,0.625,40,58,136,30,sec_dev_0005
no_rel,19521019,dev,0.7,121,68,0.6911764705882353,0.3884297520661157,0.49735449735449727,0.25333333333333335,1.1239669421487604,0.7308333333333333,0.26916666666666667,2400,646,0.9259259259259259,0.625,40,27,150,38,sec_dev_0005
no_rel,19521019,dev,0.0,106,60,0.6166666666666667,0.3490566037735849,0.4457831325301205,0.23333333333333334,0.9622641509433962,0.7415841584158416,0.2584158415841584,2020,522,0.5849056603773585,0.5636363636363636,55,53,120,28,sec_dev_0006
no_rel,19521019,dev,0.7,106,70,0.6142857142857143,0.4056603773584906,0.4886363636363637,0.22388059701492538,1.009433962264151,0.7378048780487805,0.2621951219512195,2296,602,1.0,0.43636363636363634,55,24,134,30,sec_dev_0006
no_rel,19521019,dev,0.0,107,46,0.782608695652174,0.3364485981308411,0.47058823529411764,0.1487603305785124,0.9345794392523364,0.7388978063135366,0.26110219368646337,1869,488,0.37681159420289856,0.48148148148148145,54,69,121,18,sec_dev_0007
no_rel,19521019,dev,0.7,107,58,0.7413793103448276,0.40186915887850466,0.5212121212121212,0.20437956204379562,1.0467289719626167,0.7078063672045356,0.29219363279546445,2293,670,1.0,0.46296296296296297,54,25,137,28,sec_dev_0007
no_rel,19521019,dev,0.0,109,49,0.5918367346938775,0.26605504587155965,0.3670886075949367,0.19827586206896552,1.055045871559633,0.7287685774946921,0.27123142250530785,1884,511,0.42857142857142855,0.5769230769230769,52,70,116,23,sec_dev_0008
no_rel,19521019,dev,0.7,109,65,0.5846153846153846,0.3486238532110092,0.4367816091954023,0.21897810218978103,1.1009174311926606,0.7333912288319584,0.26660877116804166,2303,614,0.9230769230769231,0.46153846153846156,52,26,137,30,sec_dev_0008
no_rel,19521019,dev,0.0,110,52,0.6538461538461539,0.3090909090909091,0.41975308641975306,0.24427480916030533,1.1272727272727272,0.7516339869281046,0.24836601307189543,1989,494,0.4915254237288136,0.5686274509803921,51,59,131,32,sec_dev_0009
no_rel,19521019,dev,0.7,110,66,0.6212121212121212,0.37272727272727274,0.46590909090909094,0.2978723404255319,1.1818181818181819,0.7479428323949762,0.25205716760502384,2309,582,0.9230769230769231,0.47058823529411764,51,26,141,42,sec_dev_0009
no_rel,19521019,dev,0.0,104,52,0.5961538461538461,0.2980769230769231,0.39743589743589747,0.2222222222222222,1.0096153846153846,0.6952180767209669,0.3047819232790331,1903,580,0.4603174603174603,0.5087719298245614,57,63,117,26,sec_dev_0010
no_rel,19521019,dev,0.7,104,64,0.640625,0.3942307692307692,0.4880952380952381,0.2462686567164179,1.0961538461538463,0.6840949033391915,0.31590509666080846,2276,719,1.0,0.42105263157894735,57,24,134,33,sec_dev_0010
no_rel,19521019,dev,0.0,105,52,0.8269230769230769,0.4095238095238095,0.5477707006369426,0.152,0.8761904761904762,0.7667574931880109,0.2332425068119891,1835,428,0.44285714285714284,0.5535714285714286,56,70,125,19,sec_dev_0011
no_rel,19521019,dev,0.7,105,65,0.7538461538461538,0.4666666666666667,0.5764705882352941,0.18620689655172415,1.0,0.7617582417582418,0.23824175824175825,2275,542,1.0,0.42857142857142855,56,24,145,27,sec_dev_0011
no_rel,19521019,test,0.0,110,54,0.7592592592592593,0.37272727272727274,0.5,0.19166666666666668,0.9181818181818182,0.7790575916230367,0.22094240837696336,1910,422,0.45588235294117646,0.6078431372549019,51,68,120,23,sec_test_0000
no_rel,19521019,test,0.7,110,65,0.676923076923077,0.4,0.5028571428571429,0.2391304347826087,1.0636363636363637,0.7749782797567333,0.22502172024326672,2302,518,0.9629629629629629,0.5098039215686274,51,27,138,33,sec_test_0000
no_rel,19521019,test,0.0,106,45,0.8222222222222222,0.3490566037735849,0.49006622516556286,0.15503875968992248,1.0,0.7516743946419371,0.24832560535806286,1941,482,0.5,0.5454545454545454,55,60,129,20,sec_test_0001
no_rel,19521019,test,0.7,106,60,0.75,0.42452830188679247,0.5421686746987951,0.18055555555555555,1.0471698113207548,0.7506619593998235,0.24933804060017653,2266,565,0.9615384615384616,0.45454545454545453,55,26,144,26,sec_test_0001
no_rel,19521019,test,0.0,114,42,0.6666666666666666,0.24561403508771928,0.358974358974359,0.22580645161290322,1.0964912280701755,0.7349949135300102,0.2650050864699898,1966,521,0.4393939393939394,0.6170212765957447,47,66,124,28,sec_test_0002
no_rel,19521019,test,0.7,114,59,0.6779661016949152,0.3508771929824561,0.4624277456647398,0.2740740740740741,1.1140350877192982,0.7189765458422175,0.2810234541577825,2345,659,0.9259259259259259,0.5319148936170213,47,27,135,37,sec_test_0002
no_rel,19521019,test,0.0,111,43,0.6744186046511628,0.26126126126126126,0.37662337662337664,0.203125,1.1261261261261262,0.7598299681190224,0.24017003188097769,1882,452,0.38028169014084506,0.54,50,71,128,26,sec_test_0003
no_rel,19521019,test,0.7,111,64,0.625,0.36036036036036034,0.45714285714285713,0.24087591240875914,1.1261261261261262,0.7342477496785256,0.2657522503214745,2333,620,0.96,0.48,50,25,137,33,sec_test_0003
no_rel,19521019,test,0.0,109,43,0.6046511627906976,0.23853211009174313,0.34210526315789475,0.22131147540983606,1.1376146788990826,0.7364217252396166,0.26357827476038337,1878,495,0.4142857142857143,0.5576923076923077,52,70,122,27,sec_test_0004
no_rel,19521019,test,0.7,109,61,0.5901639344262295,0.3302752293577982,0.4235294117647059,0.2805755395683453,1.1926605504587156,0.7152747728256166,0.28472522717438337,2311,658,1.0,0.4807692307692308,52,25,139,39,sec_test_0004
no_rel,19521019,test,0.0,107,53,0.6792452830188679,0.3364485981308411,0.45,0.22321428571428573,0.9626168224299065,0.7617773019271948,0.23822269807280513,1868,445,0.45714285714285713,0.5925925925925926,54,70,112,25,sec_test_0005
no_rel,19521019,test,0.7,107,63,0.6666666666666666,0.3925233644859813,0.49411764705882355,0.24806201550387597,1.0467289719626167,0.7433435181143606,0.25665648188563944,2291,588,0.9615384615384616,0.46296296296296297,54,26,129,32,sec_test_0005
no_rel,19521019,test,0.0,108,51,0.5686274509803921,0.26851851851851855,0.36477987421383645,0.22900763358778625,1.1666666666666667,0.7618809404702351,0.2381190595297649,1999,476,0.48214285714285715,0.5094339622641509,53,56,131,30,sec_test_0006
no_rel,19521019,test,0.7,108,62,0.5483870967741935,0.3148148148148148,0.39999999999999997,0.2571428571428571,1.2592592592592593,0.7506550218340611,0.24934497816593887,2290,571,0.9615384615384616,0.4716981132075472,53,26,140,36,sec_test_0006
no_rel,19521019,test,0.0,112,53,0.7547169811320755,0.35714285714285715,0.48484848484848486,0.15966386554621848,0.9107142857142857,0.7369238736406007,0.26307612635939925,1931,508,0.45588235294117646,0.6326530612244898,49,68,119,19,sec_test_0007
no_rel,19521019,test,0.7,112,64,0.703125,0.4017857142857143,0.5113636363636362,0.17142857142857143,1.0535714285714286,0.7277777777777779,0.2722222222222222,2340,637,1.0,0.5102040816326531,49,25,140,24,sec_test_0007
no_rel,19521019,test,0.0,106,52,0.7115384615384616,0.3490566037735849,0.46835443037974683,0.23931623931623933,1.0,0.7393589069889648,0.2606410930110352,1903,496,0.49230769230769234,0.5818181818181818,55,65,117,28,sec_test_0008
no_rel,19521019,test,0.7,106,61,0.7049180327868853,0.4056603773584906,0.5149700598802396,0.23357664233576642,1.0849056603773586,0.735873850197109,0.26412614980289095,2283,603,0.96,0.43636363636363634,55,25,137,32,sec_test_0008
no_rel,19521019,test,0.0,108,37,0.6216216216216216,0.21296296296296297,0.3172413793103448,0.2169811320754717,1.0740740740740742,0.744391971664699,0.25560802833530105,1694,433,0.33707865168539325,0.5660377358490566,53,89,106,23,sec_test_0009
no_rel,19521019,test,0.7,108,54,0.5925925925925926,0.2962962962962963,0.3950617283950617,0.2932330827067669,1.2037037037037037,0.7344658024139472,0.26553419758605273,2237,594,0.75,0.4528301886792453,53,32,133,39,sec_test_0009
no_rel,19521019,test,0.0,110,43,0.4883720930232558,0.19090909090909092,0.2745098039215686,0.23255813953488372,1.2363636363636363,0.7715451300356961,0.22845486996430392,1961,448,0.43548387096774194,0.5294117647058824,51,62,129,30,sec_test_0010
no_rel,19521019,test,0.7,110,64,0.5625,0.32727272727272727,0.41379310344827586,0.27007299270072993,1.2,0.758071459319845,0.24192854068015499,2323,562,1.0,0.49019607843137253,51,25,137,37,sec_test_0010
no_rel,19521019,test,0.0,98,49,0.5918367346938775,0.29591836734693877,0.3945578231292517,0.23636363636363636,1.0510204081632653,0.7134408602150537,0.28655913978494624,1860,533,0.5483870967741935,0.5396825396825397,63,62,110,26,sec_test_0011
no_rel,19521019,test,0.7,98,57,0.6140350877192983,0.35714285714285715,0.4516129032258065,0.2619047619047619,1.1122448979591837,0.7046490428441203,0.29535095715587967,2194,648,0.9259259259259259,0.3968253968253968,63,27,126,33,sec_test_0011
no_rel,19521019,test,0.0,116,58,0.7758620689655172,0.3879310344827586,0.5172413793103449,0.1532258064516129,0.8879310344827587,0.7572314049586777,0.2427685950413223,1936,470,0.39436619718309857,0.6222222222222222,45,71,124,19,sec_test_0012
no_rel,19521019,test,0.7,116,76,0.7105263157894737,0.46551724137931033,0.5625,0.25,0.9827586206896551,0.7365771812080537,0.2634228187919463,2384,628,0.96,0.5333333333333333,45,25,136,34,sec_test_0012
no_rel,19521020,dev,0.0,113,27,0.8518518518518519,0.20353982300884957,0.32857142857142857,0.10227272727272728,0.9646017699115044,0.7846534653465347,0.21534653465346534,1212,261,0.24305555555555555,0.7291666666666666,48,144,88,9,sec_dev_0000
no_rel,19521020,dev,0.7,113,58,0.8275862068965517,0.4247787610619469,0.5614035087719298,0.21323529411764705,1.0,0.7377994676131322,0.2622005323868678,2254,591,0.7428571428571429,0.5416666666666666,48,35,136,29,sec_dev_0000
no_rel,19521020,dev,0.0,111,37,0.8108108108108109,0.2702702702702703,0.40540540540540543,0.1411764705882353,0.8828828828828829,0.7837837837837838,0.21621621621621623,1295,280,0.26119402985074625,0.7,50,134,85,12,sec_dev_0001
no_rel,19521020,dev,0.7,111,61,0.6885245901639344,0.3783783783783784,0.48837209302325585,0.2713178294573643,1.063063063063063,0.7343270495396756,0.2656729504603244,2281,606,0.8064516129032258,0.5,50,31,129,35,sec_dev_0001
no_rel,19521020,dev,0.0,112,21,0.8571428571428571,0.16071428571428573,0.27067669172932335,0.06153846153846154,0.8839285714285714,0.8118343195266272,0.1881656804733728,845,159,0.21428571428571427,0.7959183673469388,49,182,65,4,sec_dev_0002
no_rel,19521020,dev,0.7,112,61,0.7540983606557377,0.4107142857142857,0.5317919075144508,0.19548872180451127,0.9553571428571429,0.7321844434094085,0.26781555659059153,2147,575,0.5555555555555556,0.5102040816326531,49,45,133,26,sec_dev_0002
no_rel,19521020,dev,0.0,104,30,0.7,0.20192307692307693,0.31343283582089554,0.14705882352941177,0.9038461538461539,0.7476894639556377,0.25231053604436227,1082,273,0.2733333333333333,0.7192982456140351,57,150,68,10,sec_dev_0003
no_rel,19521020,dev,0.7,104,58,0.5689655172413793,0.3173076923076923,0.4074074074074074,0.1925925925925926,1.1730769230769231,0.7388505747126437,0.2611494252873563,2175,568,0.7941176470588235,0.47368421052631576,57,34,135,26,sec_dev_0003
no_rel,19521020,dev,0.0,117,45,0.8444444444444444,0.3247863247863248,0.4691358024691358,0.17346938775510204,0.8461538461538461,0.7586427656850192,0.2413572343149808,1562,377,0.2857142857142857,0.7272727272727273,44,112,98,17,sec_dev_0004
no_rel,19521020,dev,0.7,117,72,0.8055555555555556,0.49572649572649574,0.6137566137566137,0.21481481481481482,0.8717948717948718,0.7334754797441365,0.26652452025586354,2345,625,0.8333333333333334,0.5681818181818182,44,30,135,29,sec_dev_0004
no_rel,19521020,dev,0.0,121,40,0.675,0.2231404958677686,0.3354037267080745,0.24489795918367346,1.0,0.737597911227154,0.26240208877284593,1532,402,0.2605042016806723,0.775,40,119,98,24,sec_dev_0005
no_rel,19521020,dev,0.7,121,72,0.7916666666666666,0.47107438016528924,0.5906735751295337,0.2753623188405797,0.9752066115702479,0.716624685138539,0.28337531486146095,2382,675,0.9,0.675,40,30,138,38,sec_dev_0005
no_rel,19521020,dev,0.0,106,36,0.7777777777777778,0.2641509433962264,0.39436619718309857,0.14772727272727273,0.8962264150943396,0.7811501597444089,0.21884984025559107,1252,274,0.3007518796992481,0.7272727272727273,55,133,88,13,sec_dev_0006
no_rel,19521020,dev,0.7,106,64,0.734375,0.44339622641509435,0.5529411764705883,0.22794117647058823,0.9811320754716981,0.7285456187895212,0.27145438121047877,2214,601,0.8125,0.4727272727272727,55,32,136,31,sec_dev_0006
no_rel,19521020,dev,0.0,107,30,0.6,0.16822429906542055,0.2627737226277372,0.25925925925925924,1.0093457943925233,0.6935105551211884,0.3064894448788116,1279,392,0.2803030303030303,0.6851851851851852,54,132,81,21,sec_dev_0007
no_rel,19521020,dev,0.7,107,57,0.631578947368421,0.3364485981308411,0.4390243902439024,0.23076923076923078,1.0934579439252337,0.6982062780269058,0.3017937219730942,2230,673,0.8125,0.48148148148148145,54,32,130,30,sec_dev_0007
no_rel,19521020,dev,0.0,109,33,0.7272727272727273,0.22018348623853212,0.33802816901408456,0.18947368421052632,0.981651376146789,0.7364620938628159,0.26353790613718414,1385,365,0.30327868852459017,0.7115384615384616,52,122,95,18,sec_dev_0008
no_rel,19521020,dev,0.7,109,63,0.6666666666666666,0.3853211009174312,0.48837209302325585,0.2755905511811024,1.0458715596330275,0.737460460912788,0.26253953908721195,2213,581,0.7777777777777778,0.5384615384615384,52,36,127,35,sec_dev_0008
no_rel,19521020,dev,0.0,110,29,0.7931034482758621,0.20909090909090908,0.33093525179856115,0.19,1.0363636363636364,0.7835714285714286,0.21642857142857144,1400,303,0.3140495867768595,0.7450980392156863,51,121,100,19,sec_dev_0009
no_rel,19521020,dev,0.7,110,56,0.6607142857142857,0.33636363636363636,0.44578313253012053,0.2536231884057971,1.1818181818181819,0.7454387489139878,0.2545612510860122,2302,586,0.9259259259259259,0.49019607843137253,51,27,138,35,sec_dev_0009
no_rel,19521020,dev,0.0,104,36,0.8333333333333334,0.28846153846153844,0.42857142857142855,0.15384615384615385,0.8653846153846154,0.7523739956172388,0.24762600438276114,1369,339,0.3277310924369748,0.6842105263157895,57,119,91,14,sec_dev_0010
no_rel,19521020,dev,0.7,104,60,0.75,0.4326923076923077,0.5487804878048781,0.19708029197080293,1.0,0.7239042024401265,0.27609579755987346,2213,611,0.8666666666666667,0.45614035087719296,57,30,137,27,sec_dev_0010
no_rel,19521020,dev,0.0,105,39,0.7948717948717948,0.29523809523809524,0.4305555555555556,0.11650485436893204,0.9142857142857143,0.7787491593813046,0.22125084061869535,1487,329,0.2897196261682243,0.5535714285714286,56,107,103,12,sec_dev_0011
no_rel,19521020,dev,0.7,105,57,0.7368421052631579,0.4,0.5185185185185185,0.2,1.0380952380952382,0.7534246575342466,0.2465753424657534,2190,540,0.7575757575757576,0.44642857142857145,56,33,140,28,sec_dev_0011
no_rel,19521020,test,0.0,110,30,0.7,0.19090909090909092,0.3,0.1935483870967742,1.009090909090909,0.7570295602018746,0.24297043979812544,1387,337,0.3170731707317073,0.7647058823529411,51,123,93,18,sec_test_0000
no_rel,19521020,test,0.7,110,67,0.6865671641791045,0.41818181818181815,0.519774011299435,0.2366412213740458,1.0,0.742177170559718,0.25782282944028206,2269,585,0.8709677419354839,0.5294117647058824,51,31,131,31,sec_test_0000
no_rel,19521020,test,0.0,106,27,0.8888888888888888,0.22641509433962265,0.3609022556390977,0.16666666666666666,0.9245283018867925,0.7314974182444062,0.2685025817555938,1162,312,0.3006993006993007,0.7818181818181819,55,143,78,13,sec_test_0001
no_rel,19521020,test,0.7,106,63,0.6984126984126984,0.41509433962264153,0.5207100591715976,0.23484848484848486,1.009433962264151,0.7142857142857143,0.2857142857142857,2198,628,0.7941176470588235,0.4909090909090909,55,34,132,31,sec_test_0001
no_rel,19521020,test,0.0,114,26,0.7307692307692307,0.16666666666666666,0.2714285714285714,0.16049382716049382,0.9912280701754386,0.7693646649260226,0.23063533507397738,1149,265,0.2236842105263158,0.723404255319149,47,152,81,13,sec_test_0002
no_rel,19521020,test,0.7,114,60,0.6666666666666666,0.3508771929824561,0.4597701149425287,0.2814814814814815,1.1140350877192982,0.7261538461538461,0.27384615384615385,2275,623,0.7941176470588235,0.574468085106383,47,34,135,38,sec_test_0002
no_rel,19521020,test,0.0,111,36,0.7222222222222222,0.23423423423423423,0.35374149659863946,0.10377358490566038,0.954954954954955,0.7752732240437159,0.22472677595628415,1464,329,0.2782608695652174,0.64,50,115,106,11,sec_test_0003
no_rel,19521020,test,0.7,111,67,0.6865671641791045,0.4144144144144144,0.5168539325842696,0.2028985507246377,1.0,0.736842105263158,0.2631578947368421,2242,590,0.7647058823529411,0.52,50,34,138,28,sec_test_0003
no_rel,19521020,test,0.0,109,26,0.7692307692307693,0.1834862385321101,0.2962962962962963,0.13333333333333333,0.926605504587156,0.7529411764705882,0.24705882352941178,1105,273,0.24342105263157895,0.7115384615384616,52,152,75,10,sec_test_0004
no_rel,19521020,test,0.7,109,54,0.7222222222222222,0.3577981651376147,0.47852760736196326,0.22556390977443608,1.0458715596330275,0.7129672358098754,0.2870327641901246,2167,622,0.675,0.5192307692307693,52,40,133,30,sec_test_0004
no_rel,19521020,test,0.0,107,41,0.8292682926829268,0.3177570093457944,0.45945945945945943,0.17777777777777778,0.8037383177570093,0.7446666666666666,0.25533333333333336,1500,383,0.3302752293577982,0.6666666666666666,54,109,90,16,sec_test_0005
no_rel,19521020,test,0.7,107,63,0.7936507936507936,0.4672897196261682,0.5882352941176471,0.2,0.8598130841121495,0.7446902654867257,0.2553097345132743,2260,577,0.8620689655172413,0.46296296296296297,54,29,130,26,sec_test_0005
no_rel,19521020,test,0.0,108,23,0.6086956521739131,0.12962962962962962,0.21374045801526717,0.18181818181818182,1.0,0.7470119521912351,0.25298804780876494,1004,254,0.24691358024691357,0.7547169811320755,53,162,66,12,sec_test_0006
no_rel,19521020,test,0.7,108,60,0.6333333333333333,0.35185185185185186,0.4523809523809524,0.25806451612903225,1.0462962962962963,0.7241537053979872,0.2758462946020128,2186,603,0.6842105263157895,0.49056603773584906,53,38,124,32,sec_test_0006
no_rel,19521020,test,0.0,112,41,0.7317073170731707,0.26785714285714285,0.3921568627450981,0.21052631578947367,0.9375,0.740327868852459,0.259672131147541,1525,396,0.3063063063063063,0.6938775510204082,49,111,95,20,sec_test_0007
no_rel,19521020,test,0.7,112,60,0.7,0.375,0.48837209302325574,0.2727272727272727,1.0982142857142858,0.725625539257981,0.274374460742019,2318,636,0.8928571428571429,0.5102040816326531,49,28,132,36,sec_test_0007
no_rel,19521020,test,0.0,106,39,0.8205128205128205,0.3018867924528302,0.4413793103448276,0.17708333333333334,0.9056603773584906,0.7469050894085282,0.2530949105914718,1454,368,0.36607142857142855,0.7454545454545455,55,112,96,17,sec_test_0008
no_rel,19521020,test,0.7,106,57,0.7719298245614035,0.41509433962264153,0.5398773006134969,0.2116788321167883,1.009433962264151,0.7250341997264023,0.2749658002735978,2193,603,0.8235294117647058,0.509090909090909,55,34,137,29,sec_test_0008
no_rel,19521020,test,0.0,108,37,0.8108108108108109,0.2777777777777778,0.4137931034482759,0.11392405063291139,0.8333333333333334,0.7663174858984689,0.233682514101531,1241,290,0.25547445255474455,0.660377358490566,53,137,79,9,sec_test_0009
no_rel,19521020,test,0.7,108,72,0.6805555555555556,0.4537037037037037,0.5444444444444445,0.208,0.9166666666666666,0.7429844097995546,0.25701559020044545,2245,577,0.75,0.4528301886792453,53,32,125,26,sec_test_0009
no_rel,19521020,test,0.0,110,20,0.65,0.11818181818181818,0.19999999999999998,0.13636363636363635,1.0272727272727273,0.8318077803203661,0.16819221967963388,874,147,0.23163841807909605,0.803921568627451,51,177,66,9,sec_test_0010
no_rel,19521020,test,0.7,110,60,0.6333333333333333,0.34545454545454546,0.4470588235294118,0.22058823529411764,1.0909090909090908,0.7615526802218114,0.23844731977818853,2164,516,0.6341463414634146,0.5098039215686274,51,41,136,30,sec_test_0010
no_rel,19521020,test,0.0,98,32,0.75,0.24489795918367346,0.3692307692307692,0.18085106382978725,0.9897959183673469,0.7277556440903055,0.27224435590969454,1506,410,0.3838383838383838,0.6031746031746031,63,99,94,17,sec_test_0011
no_rel,19521020,test,0.7,98,55,0.7272727272727273,0.40816326530612246,0.5228758169934641,0.21774193548387097,0.9591836734693877,0.7140896614821592,0.2859103385178408,2186,625,0.8928571428571429,0.3968253968253968,63,28,124,27,sec_test_0011
no_rel,19521020,test,0.0,116,34,0.8823529411764706,0.25862068965517243,0.4,0.125,0.9051724137931034,0.7758369723435226,0.22416302765647744,1374,308,0.2153846153846154,0.6222222222222222,45,130,96,12,sec_test_0012
no_rel,19521020,test,0.7,116,64,0.828125,0.45689655172413796,0.588888888888889,0.2727272727272727,0.9568965517241379,0.7357330992098332,0.2642669007901668,2278,602,0.6944444444444444,0.5555555555555556,45,36,132,36,sec_test_0012
