variant,seed,split,margin,n_gold_matches,n_pred_matches,precision,recall,f1,wrong_merge_rate,fragmentation_rate,trajectory_consistency_rate,impossible_transition_rate,n_transitions,n_impossible_transitions,dangling_precision,dangling_recall,n_gold_dangling,n_pred_dangling,n_pred_identities,n_wrong_merges,scenario_id
m3_full,19521011,dev,0.0,113,13,0.6153846153846154,0.07079646017699115,0.12698412698412698,0.225,1.0265486725663717,0.7234375,0.2765625,640,177,0.2087378640776699,0.8958333333333334,48,206,40,9,sec_dev_0000
m3_full,19521011,dev,0.7,113,42,0.5476190476190477,0.20353982300884957,0.29677419354838713,0.32456140350877194,1.2212389380530972,0.6948640483383686,0.30513595166163143,1986,606,0.4375,0.5833333333333334,48,64,114,37,sec_dev_0000
m3_full,19521011,dev,0.0,111,13,0.6923076923076923,0.08108108108108109,0.14516129032258066,0.5652173913043478,0.972972972972973,0.6380255941499087,0.3619744058500914,547,198,0.20930232558139536,0.9,50,215,23,13,sec_dev_0001
m3_full,19521011,dev,0.7,111,35,0.6857142857142857,0.21621621621621623,0.32876712328767127,0.391304347826087,1.0990990990990992,0.6684334511189635,0.33156654888103654,1698,563,0.34408602150537637,0.64,50,93,92,36,sec_dev_0001
m3_full,19521011,dev,0.0,112,5,0.6,0.026785714285714284,0.05128205128205128,0.18181818181818182,0.9732142857142857,0.7396449704142012,0.2603550295857988,169,44,0.1843137254901961,0.9591836734693877,49,255,11,2,sec_dev_0002
m3_full,19521011,dev,0.7,112,34,0.5,0.15178571428571427,0.2328767123287671,0.3,1.1160714285714286,0.6703703703703704,0.3296296296296296,1350,445,0.26153846153846155,0.6938775510204082,49,130,80,24,sec_dev_0002
m3_full,19521011,dev,0.0,104,5,0.6,0.028846153846153848,0.05504587155963303,0.09090909090909091,0.9903846153846154,0.7388059701492538,0.26119402985074625,268,70,0.23728813559322035,0.9824561403508771,57,236,22,2,sec_dev_0003
m3_full,19521011,dev,0.7,104,37,0.5135135135135135,0.18269230769230768,0.2695035460992907,0.23,1.1538461538461537,0.7024844720496894,0.29751552795031055,1610,479,0.4148936170212766,0.6842105263157895,57,94,100,23,sec_dev_0003
m3_full,19521011,dev,0.0,117,2,1.0,0.017094017094017096,0.033613445378151266,0.0,0.9914529914529915,0.930635838150289,0.06936416184971098,173,12,0.16988416988416988,1.0,44,259,17,0,sec_dev_0004
m3_full,19521011,dev,0.7,117,40,0.65,0.2222222222222222,0.33121019108280253,0.22,1.0769230769230769,0.7228395061728394,0.2771604938271605,1620,449,0.29245283018867924,0.7045454545454546,44,106,100,22,sec_dev_0004
m3_full,19521011,dev,0.0,121,13,0.7692307692307693,0.08264462809917356,0.14925373134328357,0.125,0.9504132231404959,0.7542735042735043,0.24572649572649571,468,115,0.16379310344827586,0.95,40,232,32,4,sec_dev_0005
m3_full,19521011,dev,0.7,121,35,0.6,0.17355371900826447,0.2692307692307693,0.2897196261682243,1.165289256198347,0.6862521391899601,0.3137478608100399,1753,550,0.3229166666666667,0.775,40,96,107,31,sec_dev_0005
m3_full,19521011,dev,0.0,106,9,0.6666666666666666,0.05660377358490566,0.10434782608695653,0.22727272727272727,0.9622641509433962,0.7959770114942528,0.20402298850574713,348,71,0.21739130434782608,0.9090909090909091,55,230,22,5,sec_dev_0006
m3_full,19521011,dev,0.7,106,34,0.6470588235294118,0.20754716981132076,0.3142857142857143,0.26136363636363635,1.0471698113207548,0.7210051546391752,0.27899484536082475,1552,433,0.33980582524271846,0.6363636363636364,55,103,88,23,sec_dev_0006
m3_full,19521011,dev,0.0,107,7,0.5714285714285714,0.037383177570093455,0.07017543859649122,0.16,0.9906542056074766,0.7746031746031746,0.2253968253968254,315,71,0.2094017094017094,0.9074074074074074,54,234,25,4,sec_dev_0007
m3_full,19521011,dev,0.7,107,40,0.6,0.22429906542056074,0.326530612244898,0.24719101123595505,1.0373831775700935,0.6816143497757847,0.3183856502242152,1561,497,0.34951456310679613,0.6666666666666666,54,103,89,22,sec_dev_0007
m3_full,19521011,dev,0.0,109,8,0.75,0.05504587155963303,0.10256410256410257,0.1,0.944954128440367,0.7655172413793103,0.23448275862068965,290,68,0.200836820083682,0.9230769230769231,52,239,20,2,sec_dev_0008
m3_full,19521011,dev,0.7,109,36,0.6666666666666666,0.22018348623853212,0.33103448275862074,0.25316455696202533,0.9908256880733946,0.6840253342716397,0.3159746657283603,1421,449,0.275,0.6346153846153846,52,120,79,20,sec_dev_0008
m3_full,19521011,dev,0.0,110,17,0.9411764705882353,0.14545454545454545,0.25196850393700787,0.125,0.8818181818181818,0.7918032786885246,0.2081967213114754,610,127,0.21844660194174756,0.8823529411764706,51,206,40,5,sec_dev_0009
m3_full,19521011,dev,0.7,110,44,0.7272727272727273,0.2909090909090909,0.4155844155844156,0.2037037037037037,0.9636363636363636,0.7482876712328768,0.2517123287671233,1752,441,0.3411764705882353,0.5686274509803921,51,85,108,22,sec_dev_0009
m3_full,19521011,dev,0.0,104,8,0.875,0.0673076923076923,0.125,0.2,0.9423076923076923,0.8026666666666666,0.19733333333333333,375,74,0.2311111111111111,0.9122807017543859,57,225,25,5,sec_dev_0010
m3_full,19521011,dev,0.7,104,39,0.6666666666666666,0.25,0.36363636363636365,0.2872340425531915,1.0480769230769231,0.6944444444444444,0.3055555555555556,1656,506,0.3888888888888889,0.6140350877192983,57,90,94,27,sec_dev_0010
m3_full,19521011,dev,0.0,105,12,0.75,0.08571428571428572,0.15384615384615383,0.22580645161290322,0.9523809523809523,0.7334669338677355,0.2665330661322645,499,133,0.22065727699530516,0.8392857142857143,56,213,31,7,sec_dev_0011
m3_full,19521011,dev,0.7,105,46,0.6304347826086957,0.2761904761904762,0.3841059602649007,0.25263157894736843,0.9714285714285714,0.7306990881458967,0.2693009118541033,1645,443,0.40217391304347827,0.6607142857142857,56,92,95,24,sec_dev_0011
m3_full,19521011,test,0.0,110,7,1.0,0.06363636363636363,0.11965811965811964,0.14814814814814814,0.9545454545454546,0.839142091152815,0.16085790884718498,373,60,0.19047619047619047,0.8627450980392157,51,231,27,4,sec_test_0000
m3_full,19521011,test,0.7,110,39,0.5384615384615384,0.19090909090909092,0.28187919463087246,0.30612244897959184,1.1454545454545455,0.7009512485136742,0.2990487514863258,1682,503,0.3548387096774194,0.6470588235294118,51,93,98,30,sec_test_0000
m3_full,19521011,test,0.0,106,13,0.7692307692307693,0.09433962264150944,0.16806722689075632,0.1111111111111111,0.9245283018867925,0.7457627118644068,0.2542372881355932,413,105,0.23318385650224216,0.9454545454545454,55,223,27,3,sec_test_0001
m3_full,19521011,test,0.7,106,47,0.5957446808510638,0.2641509433962264,0.36601307189542487,0.18627450980392157,0.9716981132075472,0.7181705809641532,0.28182941903584674,1618,456,0.3368421052631579,0.5818181818181818,55,95,102,19,sec_test_0001
m3_full,19521011,test,0.0,114,9,0.6666666666666666,0.05263157894736842,0.09756097560975609,0.2413793103448276,0.9824561403508771,0.7276507276507276,0.27234927234927236,481,131,0.1875,0.8936170212765957,47,224,29,7,sec_test_0002
m3_full,19521011,test,0.7,114,33,0.5454545454545454,0.15789473684210525,0.24489795918367344,0.3333333333333333,1.131578947368421,0.6531020680453636,0.3468979319546364,1499,520,0.27350427350427353,0.6808510638297872,47,117,81,27,sec_test_0002
m3_full,19521011,test,0.0,111,6,0.6666666666666666,0.036036036036036036,0.06837606837606838,0.125,1.009009009009009,0.8179347826086957,0.18206521739130435,368,67,0.19827586206896552,0.92,50,232,32,4,sec_test_0003
m3_full,19521011,test,0.7,111,45,0.4888888888888889,0.1981981981981982,0.28205128205128205,0.3119266055045872,1.1441441441441442,0.6897870016384489,0.3102129983615511,1831,568,0.38461538461538464,0.6,50,78,109,34,sec_test_0003
m3_full,19521011,test,0.0,109,8,0.875,0.06422018348623854,0.11965811965811966,0.125,0.9541284403669725,0.7341040462427746,0.2658959537572254,346,92,0.19742489270386265,0.8846153846153846,52,233,24,3,sec_test_0004
m3_full,19521011,test,0.7,109,40,0.725,0.26605504587155965,0.38926174496644295,0.25882352941176473,0.944954128440367,0.6799999999999999,0.32,1575,504,0.3269230769230769,0.6538461538461539,52,104,85,22,sec_test_0004
m3_full,19521011,test,0.0,107,3,1.0,0.028037383177570093,0.05454545454545455,0.0,0.9906542056074766,0.8415300546448088,0.15846994535519127,183,29,0.2056451612903226,0.9444444444444444,54,248,17,0,sec_test_0005
m3_full,19521011,test,0.7,107,43,0.6046511627906976,0.24299065420560748,0.3466666666666667,0.2727272727272727,0.9719626168224299,0.7080665813060179,0.2919334186939821,1562,456,0.30097087378640774,0.5740740740740741,54,103,88,24,sec_test_0005
m3_full,19521011,test,0.0,108,0,0.0,0.0,0.0,0.15789473684210525,1.037037037037037,0.7759336099585062,0.22406639004149378,241,54,0.19753086419753085,0.9056603773584906,53,243,19,3,sec_test_0006
m3_full,19521011,test,0.7,108,31,0.41935483870967744,0.12037037037037036,0.1870503597122302,0.2736842105263158,1.25,0.7074918566775245,0.29250814332247554,1535,449,0.32075471698113206,0.6415094339622641,53,106,95,26,sec_test_0006
m3_full,19521011,test,0.0,112,12,0.5833333333333334,0.0625,0.11290322580645161,0.25,1.0178571428571428,0.6695205479452055,0.3304794520547945,584,193,0.2037914691943128,0.8775510204081632,49,211,36,9,sec_test_0007
m3_full,19521011,test,0.7,112,37,0.6486486486486487,0.21428571428571427,0.3221476510067114,0.3010752688172043,1.0625,0.6700058927519151,0.32999410724808487,1697,560,0.35106382978723405,0.673469387755102,49,94,93,28,sec_test_0007
m3_full,19521011,test,0.0,106,8,0.75,0.05660377358490566,0.10526315789473685,0.25,0.9905660377358491,0.7524271844660194,0.24757281553398058,412,102,0.21524663677130046,0.8727272727272727,55,223,28,7,sec_test_0008
m3_full,19521011,test,0.7,106,40,0.725,0.27358490566037735,0.3972602739726028,0.2708333333333333,0.9811320754716981,0.726474278544542,0.27352572145545795,1594,436,0.35714285714285715,0.6363636363636364,55,98,96,26,sec_test_0008
m3_full,19521011,test,0.0,108,5,1.0,0.046296296296296294,0.08849557522123894,0.25,0.9537037037037037,0.7171717171717171,0.2828282828282828,198,56,0.2056451612903226,0.9622641509433962,53,248,12,3,sec_test_0009
m3_full,19521011,test,0.7,108,32,0.71875,0.21296296296296297,0.3285714285714285,0.21978021978021978,1.0740740740740742,0.7456567060458652,0.2543432939541348,1439,366,0.3103448275862069,0.6792452830188679,53,116,91,20,sec_test_0009
m3_full,19521011,test,0.0,110,4,0.5,0.01818181818181818,0.03508771929824561,0.09523809523809523,0.9818181818181818,0.8473895582329317,0.15261044176706828,249,38,0.19262295081967212,0.9215686274509803,51,244,21,2,sec_test_0010
m3_full,19521011,test,0.7,110,39,0.5641025641025641,0.2,0.2953020134228188,0.25301204819277107,1.0454545454545454,0.6919973100201748,0.30800268997982516,1487,458,0.2982456140350877,0.6666666666666666,51,114,83,21,sec_test_0010
m3_full,19521011,test,0.0,98,5,0.6,0.030612244897959183,0.058252427184466014,0.14814814814814814,1.0,0.7717717717717718,0.22822822822822822,333,76,0.2556053811659193,0.9047619047619048,63,223,27,4,sec_test_0011
m3_full,19521011,test,0.7,98,36,0.6388888888888888,0.23469387755102042,0.34328358208955223,0.2717391304347826,1.0918367346938775,0.6681643132220796,0.3318356867779204,1558,517,0.39361702127659576,0.5873015873015873,63,94,92,25,sec_test_0011
m3_full,19521011,test,0.0,116,8,0.625,0.04310344827586207,0.08064516129032258,0.11764705882352941,0.9913793103448276,0.7575107296137339,0.24248927038626608,466,113,0.18061674008810572,0.9111111111111111,45,227,34,4,sec_test_0012
m3_full,19521011,test,0.7,116,50,0.7,0.3017241379310345,0.4216867469879518,0.26666666666666666,1.0086206896551724,0.7156498673740053,0.2843501326259947,1885,536,0.3333333333333333,0.5777777777777777,45,78,105,28,sec_test_0012
m3_full,19521012,dev,0.0,113,11,0.7272727272727273,0.07079646017699115,0.12903225806451613,0.17777777777777778,1.0176991150442478,0.8153846153846154,0.18461538461538463,585,108,0.1895734597156398,0.8333333333333334,48,211,45,8,sec_dev_0000
m3_full,19521012,dev,0.7,113,51,0.5882352941176471,0.26548672566371684,0.36585365853658536,0.2867647058823529,1.2566371681415929,0.7127949183303085,0.2872050816696915,2204,633,0.625,0.5208333333333334,48,40,136,39,sec_dev_0000
m3_full,19521012,dev,0.0,111,13,0.6153846153846154,0.07207207207207207,0.12903225806451613,0.15789473684210525,0.963963963963964,0.783203125,0.216796875,512,111,0.2119815668202765,0.92,50,217,38,6,sec_dev_0001
m3_full,19521012,dev,0.7,111,55,0.6181818181818182,0.3063063063063063,0.40963855421686746,0.2975206611570248,1.117117117117117,0.6966188050023159,0.3033811949976841,2159,655,0.5909090909090909,0.52,50,44,121,36,sec_dev_0001
m3_full,19521012,dev,0.0,112,11,0.6363636363636364,0.0625,0.11382113821138211,0.2571428571428571,0.9642857142857143,0.7371428571428571,0.26285714285714284,525,138,0.1889400921658986,0.8367346938775511,49,217,35,9,sec_dev_0002
m3_full,19521012,dev,0.7,112,53,0.660377358490566,0.3125,0.42424242424242425,0.23809523809523808,1.0982142857142858,0.7065619223659889,0.2934380776340111,2164,635,0.6363636363636364,0.5714285714285714,49,44,126,30,sec_dev_0002
m3_full,19521012,dev,0.0,104,18,0.6111111111111112,0.10576923076923077,0.18032786885245902,0.22413793103448276,1.0288461538461537,0.7134570765661252,0.2865429234338747,862,247,0.27167630057803466,0.8245614035087719,57,173,58,13,sec_dev_0003
m3_full,19521012,dev,0.7,104,50,0.52,0.25,0.33766233766233766,0.21641791044776118,1.2692307692307692,0.7253000923361035,0.27469990766389657,2166,595,0.7714285714285715,0.47368421052631576,57,35,134,29,sec_dev_0003
m3_full,19521012,dev,0.0,117,13,0.6923076923076923,0.07692307692307693,0.13846153846153847,0.15555555555555556,0.9829059829059829,0.7934959349593496,0.20650406504065041,615,127,0.1792452830188679,0.8636363636363636,44,212,45,7,sec_dev_0004
m3_full,19521012,dev,0.7,117,54,0.6296296296296297,0.2905982905982906,0.3976608187134503,0.26618705035971224,1.188034188034188,0.729765590446705,0.27023440955329503,2261,611,0.6842105263157895,0.5909090909090909,44,38,139,37,sec_dev_0004
m3_full,19521012,dev,0.0,121,16,0.8125,0.10743801652892562,0.18978102189781024,0.18181818181818182,0.9338842975206612,0.7662538699690402,0.23374613003095976,646,151,0.16901408450704225,0.9,40,213,44,8,sec_dev_0005
m3_full,19521012,dev,0.7,121,60,0.6833333333333333,0.33884297520661155,0.4530386740331492,0.29411764705882354,1.0991735537190082,0.73046875,0.26953125,2304,621,0.6842105263157895,0.65,40,38,136,40,sec_dev_0005
m3_full,19521012,dev,0.0,106,6,0.8333333333333334,0.04716981132075472,0.0892857142857143,0.03571428571428571,1.0,0.8313253012048193,0.1686746987951807,332,56,0.21645021645021645,0.9090909090909091,55,231,28,1,sec_dev_0006
m3_full,19521012,dev,0.7,106,53,0.5849056603773585,0.29245283018867924,0.389937106918239,0.23387096774193547,1.1415094339622642,0.7146365422396856,0.28536345776031435,2036,581,0.5098039215686274,0.4727272727272727,55,51,124,29,sec_dev_0006
m3_full,19521012,dev,0.0,107,14,0.5,0.06542056074766354,0.11570247933884296,0.15789473684210525,0.9719626168224299,0.7010309278350515,0.29896907216494845,582,174,0.20388349514563106,0.7777777777777778,54,206,38,6,sec_dev_0007
m3_full,19521012,dev,0.7,107,58,0.6551724137931034,0.35514018691588783,0.4606060606060606,0.1864406779661017,0.9532710280373832,0.6661998132586369,0.3338001867413632,2142,715,0.6666666666666666,0.5185185185185185,54,42,118,22,sec_dev_0007
m3_full,19521012,dev,0.0,109,12,0.5,0.05504587155963303,0.09917355371900827,0.14634146341463414,0.9724770642201835,0.7469244288224957,0.2530755711775044,569,144,0.20574162679425836,0.8269230769230769,52,209,41,6,sec_dev_0008
m3_full,19521012,dev,0.7,109,58,0.5,0.26605504587155965,0.3473053892215569,0.25196850393700787,1.2293577981651376,0.7154582763337893,0.28454172366621067,2193,624,0.7105263157894737,0.5192307692307693,52,38,127,32,sec_dev_0008
m3_full,19521012,dev,0.0,110,11,0.9090909090909091,0.09090909090909091,0.1652892561983471,0.15,0.9727272727272728,0.7589285714285714,0.24107142857142858,560,135,0.22274881516587677,0.9215686274509803,51,211,40,6,sec_dev_0009
m3_full,19521012,dev,0.7,110,45,0.7777777777777778,0.3181818181818182,0.45161290322580644,0.24087591240875914,1.1454545454545455,0.7436723423838012,0.2563276576161988,2173,557,0.625,0.49019607843137253,51,40,137,33,sec_dev_0009
m3_full,19521012,dev,0.0,104,16,0.8125,0.125,0.21666666666666667,0.16,0.9519230769230769,0.7619718309859155,0.2380281690140845,710,169,0.26455026455026454,0.8771929824561403,57,189,50,8,sec_dev_0010
m3_full,19521012,dev,0.7,104,60,0.7,0.40384615384615385,0.5121951219512195,0.2265625,1.0,0.7238667900092507,0.2761332099907493,2162,597,0.75,0.47368421052631576,57,36,128,29,sec_dev_0010
m3_full,19521012,dev,0.0,105,10,0.9,0.08571428571428572,0.1565217391304348,0.04878048780487805,0.9523809523809523,0.8156312625250501,0.1843687374749499,499,92,0.23113207547169812,0.875,56,212,41,2,sec_dev_0011
m3_full,19521012,dev,0.7,105,57,0.6842105263157895,0.37142857142857144,0.4814814814814815,0.24060150375939848,1.0476190476190477,0.7510431154381085,0.24895688456189152,2157,537,0.6486486486486487,0.42857142857142855,56,37,133,32,sec_dev_0011
m3_full,19521012,test,0.0,110,6,0.6666666666666666,0.03636363636363636,0.06896551724137931,0.03333333333333333,0.9818181818181818,0.84,0.16,350,56,0.1888412017167382,0.8627450980392157,51,233,30,1,sec_test_0000
m3_full,19521012,test,0.7,110,60,0.65,0.35454545454545455,0.4588235294117647,0.19083969465648856,1.0545454545454545,0.7581792318634424,0.24182076813655762,2109,510,0.6170212765957447,0.5686274509803921,51,47,131,25,sec_test_0000
m3_full,19521012,test,0.0,106,14,0.8571428571428571,0.11320754716981132,0.2,0.09090909090909091,0.9433962264150944,0.785234899328859,0.21476510067114093,596,128,0.24630541871921183,0.9090909090909091,55,203,44,4,sec_test_0001
m3_full,19521012,test,0.7,106,64,0.734375,0.44339622641509435,0.5529411764705883,0.24,0.9528301886792453,0.7235697940503433,0.2764302059496567,2185,604,0.7777777777777778,0.509090909090909,55,36,125,30,sec_test_0001
m3_full,19521012,test,0.0,114,10,0.8,0.07017543859649122,0.12903225806451613,0.0851063829787234,0.9736842105263158,0.8313659359190556,0.16863406408094436,593,100,0.1990521327014218,0.8936170212765957,47,211,47,4,sec_test_0002
m3_full,19521012,test,0.7,114,59,0.6271186440677966,0.32456140350877194,0.4277456647398844,0.2727272727272727,1.1754385964912282,0.707105719237435,0.292894280762565,2308,676,0.8387096774193549,0.5531914893617021,47,31,132,36,sec_test_0002
m3_full,19521012,test,0.0,111,14,0.6428571428571429,0.08108108108108109,0.14400000000000002,0.15,0.954954954954955,0.746551724137931,0.253448275862069,580,147,0.19523809523809524,0.82,50,210,40,6,sec_test_0003
m3_full,19521012,test,0.7,111,63,0.746031746031746,0.42342342342342343,0.5402298850574712,0.20155038759689922,0.9369369369369369,0.7339114559561843,0.2660885440438156,2191,583,0.7,0.56,50,40,129,26,sec_test_0003
m3_full,19521012,test,0.0,109,3,1.0,0.027522935779816515,0.05357142857142857,0.047619047619047616,0.981651376146789,0.8602620087336245,0.13973799126637554,229,32,0.19591836734693877,0.9230769230769231,52,245,21,1,sec_test_0004
m3_full,19521012,test,0.7,109,47,0.6170212765957447,0.26605504587155965,0.3717948717948718,0.2558139534883721,1.165137614678899,0.7488584474885844,0.2511415525114155,1971,495,0.45,0.5192307692307693,52,60,129,33,sec_test_0004
m3_full,19521012,test,0.0,107,14,0.7857142857142857,0.102803738317757,0.18181818181818182,0.1346153846153846,0.9719626168224299,0.7733516483516484,0.22664835164835165,728,165,0.22631578947368422,0.7962962962962963,54,190,52,7,sec_test_0005
m3_full,19521012,test,0.7,107,61,0.6557377049180327,0.37383177570093457,0.4761904761904762,0.2558139534883721,1.0654205607476634,0.7283053157655611,0.2716946842344389,2201,598,0.7428571428571429,0.48148148148148145,54,35,129,33,sec_test_0005
m3_full,19521012,test,0.0,108,6,0.8333333333333334,0.046296296296296294,0.08771929824561403,0.037037037037037035,0.9722222222222222,0.8111455108359134,0.18885448916408668,323,61,0.19658119658119658,0.8679245283018868,53,234,27,1,sec_test_0006
m3_full,19521012,test,0.7,108,51,0.6274509803921569,0.2962962962962963,0.4025157232704403,0.203125,1.1018518518518519,0.7727717923604309,0.22722820763956905,2042,464,0.4807692307692308,0.4716981132075472,53,52,128,26,sec_test_0006
m3_full,19521012,test,0.0,112,5,1.0,0.044642857142857144,0.08547008547008547,0.02702702702702703,0.9821428571428571,0.7869249394673123,0.21307506053268765,413,88,0.19298245614035087,0.8979591836734694,49,228,37,1,sec_test_0007
m3_full,19521012,test,0.7,112,58,0.7241379310344828,0.375,0.4941176470588236,0.232,0.9732142857142857,0.7290780141843971,0.27092198581560284,2115,573,0.5102040816326531,0.5102040816326531,49,49,125,29,sec_test_0007
m3_full,19521012,test,0.0,106,8,0.875,0.0660377358490566,0.12280701754385966,0.1282051282051282,0.9811320754716981,0.8045738045738046,0.19542619542619544,481,94,0.22790697674418606,0.8909090909090909,55,215,39,5,sec_test_0008
m3_full,19521012,test,0.7,106,61,0.6065573770491803,0.3490566037735849,0.4431137724550898,0.25984251968503935,1.1132075471698113,0.7017783857729138,0.2982216142270862,2193,654,0.7714285714285715,0.4909090909090909,55,35,127,33,sec_test_0008
m3_full,19521012,test,0.0,108,6,0.8333333333333334,0.046296296296296294,0.08771929824561403,0.14285714285714285,1.0,0.7853403141361257,0.21465968586387435,382,82,0.2236842105263158,0.9622641509433962,53,228,28,4,sec_test_0009
m3_full,19521012,test,0.7,108,41,0.5121951219512195,0.19444444444444445,0.28187919463087246,0.24812030075187969,1.3425925925925926,0.7510832932113626,0.24891670678863745,2077,517,0.6041666666666666,0.5471698113207547,53,48,133,33,sec_test_0009
m3_full,19521012,test,0.0,110,5,0.8,0.03636363636363636,0.06956521739130435,0.1,0.990909090909091,0.8722222222222222,0.12777777777777777,360,46,0.19827586206896552,0.9019607843137255,51,232,30,3,sec_test_0010
m3_full,19521012,test,0.7,110,50,0.76,0.34545454545454546,0.475,0.2440944881889764,1.0363636363636364,0.7650273224043715,0.23497267759562843,2013,473,0.5263157894736842,0.5882352941176471,51,57,127,31,sec_test_0010
m3_full,19521012,test,0.0,98,18,0.5,0.09183673469387756,0.15517241379310345,0.20754716981132076,1.010204081632653,0.7318932655654384,0.2681067344345616,787,211,0.2571428571428571,0.7142857142857143,63,175,53,11,sec_test_0011
m3_full,19521012,test,0.7,98,49,0.46938775510204084,0.23469387755102042,0.3129251700680272,0.27906976744186046,1.3061224489795917,0.7191813422179915,0.28081865778200854,2101,590,0.75,0.42857142857142855,63,36,129,36,sec_test_0011
m3_full,19521012,test,0.0,116,6,0.6666666666666666,0.034482758620689655,0.06557377049180328,0.1,0.9741379310344828,0.7837837837837838,0.21621621621621623,370,80,0.1729957805907173,0.9111111111111111,45,237,30,3,sec_test_0012
m3_full,19521012,test,0.7,116,68,0.7205882352941176,0.4224137931034483,0.532608695652174,0.232,0.9224137931034483,0.7564625850340136,0.24353741496598638,2205,537,0.6136363636363636,0.6,45,44,125,29,sec_test_0012
m3_full,19521013,dev,0.0,113,16,0.75,0.10619469026548672,0.18604651162790697,0.16666666666666666,0.9646017699115044,0.8058659217877095,0.1941340782122905,716,139,0.2233502538071066,0.9166666666666666,48,197,54,9,sec_dev_0000
m3_full,19521013,dev,0.7,113,47,0.6808510638297872,0.2831858407079646,0.4,0.22556390977443608,1.1504424778761062,0.7395281656234954,0.26047183437650456,2077,541,0.5094339622641509,0.5625,48,53,133,30,sec_dev_0000
m3_full,19521013,dev,0.0,111,22,0.8181818181818182,0.16216216216216217,0.27067669172932335,0.18333333333333332,0.9459459459459459,0.768041237113402,0.23195876288659795,970,225,0.23076923076923078,0.78,50,169,60,11,sec_dev_0001
m3_full,19521013,dev,0.7,111,47,0.6808510638297872,0.2882882882882883,0.4050632911392405,0.19230769230769232,1.0990990990990992,0.7222222222222222,0.2777777777777778,2070,575,0.5192307692307693,0.54,50,52,130,25,sec_dev_0001
m3_full,19521013,dev,0.0,112,8,0.875,0.0625,0.11666666666666667,0.043478260869565216,0.9464285714285714,0.7980456026058632,0.20195439739413681,307,62,0.19583333333333333,0.9591836734693877,49,240,23,1,sec_dev_0002
m3_full,19521013,dev,0.7,112,56,0.6964285714285714,0.3482142857142857,0.46428571428571425,0.21367521367521367,0.9375,0.7132616487455197,0.2867383512544803,1953,560,0.42424242424242425,0.5714285714285714,49,66,117,25,sec_dev_0002
m3_full,19521013,dev,0.0,104,16,0.875,0.1346153846153846,0.23333333333333334,0.06060606060606061,0.9903846153846154,0.7985436893203883,0.20145631067961164,824,166,0.25,0.7719298245614035,57,176,66,4,sec_dev_0003
m3_full,19521013,dev,0.7,104,59,0.6271186440677966,0.3557692307692308,0.45398773006134974,0.19083969465648856,1.0576923076923077,0.7419818094782192,0.25801819052178077,2089,539,0.6511627906976745,0.49122807017543857,57,43,131,25,sec_dev_0003
m3_full,19521013,dev,0.0,117,16,0.8125,0.1111111111111111,0.19548872180451127,0.10344827586206896,0.9743589743589743,0.8082901554404145,0.19170984455958548,772,148,0.1794871794871795,0.7954545454545454,44,195,58,6,sec_dev_0004
m3_full,19521013,dev,0.7,117,57,0.7368421052631579,0.358974358974359,0.4827586206896552,0.2230769230769231,1.0256410256410255,0.741588785046729,0.258411214953271,2140,553,0.5294117647058824,0.6136363636363636,44,51,130,29,sec_dev_0004
m3_full,19521013,dev,0.0,121,27,0.9629629629629629,0.21487603305785125,0.3513513513513513,0.10810810810810811,0.9173553719008265,0.8011472275334608,0.1988527724665392,1046,208,0.20588235294117646,0.875,40,170,74,8,sec_dev_0005
m3_full,19521013,dev,0.7,121,66,0.8181818181818182,0.4462809917355372,0.5775401069518717,0.2463768115942029,0.9669421487603306,0.7248028045574058,0.2751971954425942,2282,628,0.675,0.675,40,40,138,34,sec_dev_0005
m3_full,19521013,dev,0.0,106,13,0.8461538461538461,0.10377358490566038,0.18487394957983197,0.1,0.9622641509433962,0.7871428571428571,0.21285714285714286,700,149,0.22916666666666666,0.8,55,192,50,5,sec_dev_0006
m3_full,19521013,dev,0.7,106,45,0.7777777777777778,0.330188679245283,0.46357615894039733,0.16923076923076924,1.0377358490566038,0.7520408163265306,0.2479591836734694,1960,486,0.4827586206896552,0.509090909090909,55,58,130,22,sec_dev_0006
m3_full,19521013,dev,0.0,107,24,0.7083333333333334,0.1588785046728972,0.2595419847328244,0.13043478260869565,0.9719626168224299,0.7245206861755802,0.27547931382441976,991,273,0.2777777777777778,0.8333333333333334,54,162,69,9,sec_dev_0007
m3_full,19521013,dev,0.7,107,56,0.6071428571428571,0.3177570093457944,0.4171779141104295,0.21875,1.1401869158878504,0.6942909760589319,0.30570902394106814,2172,664,0.6578947368421053,0.46296296296296297,54,38,128,28,sec_dev_0007
m3_full,19521013,dev,0.0,109,22,0.8181818181818182,0.1651376146788991,0.2748091603053435,0.125,0.981651376146789,0.7410207939508506,0.2589792060491493,1058,274,0.2611464968152866,0.7884615384615384,52,157,72,9,sec_dev_0008
m3_full,19521013,dev,0.7,109,54,0.6296296296296297,0.3119266055045872,0.4171779141104295,0.18604651162790697,1.128440366972477,0.7280909521553767,0.2719090478446234,2111,574,0.5869565217391305,0.5192307692307693,52,46,129,24,sec_dev_0008
m3_full,19521013,dev,0.0,110,17,0.8235294117647058,0.12727272727272726,0.2204724409448819,0.1694915254237288,0.9363636363636364,0.7210718635809987,0.2789281364190012,821,229,0.23497267759562843,0.8431372549019608,51,183,59,10,sec_dev_0009
m3_full,19521013,dev,0.7,110,61,0.7377049180327869,0.4090909090909091,0.5263157894736843,0.22137404580152673,0.9727272727272728,0.7363677332131591,0.26363226678684093,2219,585,0.6944444444444444,0.49019607843137253,51,36,131,29,sec_dev_0009
m3_full,19521013,dev,0.0,104,20,0.85,0.16346153846153846,0.2741935483870968,0.18461538461538463,0.9519230769230769,0.7492227979274612,0.25077720207253884,965,242,0.2839506172839506,0.8070175438596491,57,162,65,12,sec_dev_0010
m3_full,19521013,dev,0.7,104,50,0.68,0.3269230769230769,0.44155844155844154,0.24806201550387597,1.1153846153846154,0.7301285102332222,0.2698714897667777,2101,567,0.6190476190476191,0.45614035087719296,57,42,129,32,sec_dev_0010
m3_full,19521013,dev,0.0,105,24,0.9166666666666666,0.20952380952380953,0.34108527131782945,0.11290322580645161,0.8952380952380953,0.8129175946547884,0.1870824053452116,898,168,0.2529411764705882,0.7678571428571429,56,170,62,7,sec_dev_0011
m3_full,19521013,dev,0.7,105,58,0.7758620689655172,0.42857142857142855,0.5521472392638037,0.14074074074074075,0.8952380952380953,0.7694510739856801,0.2305489260143198,2095,483,0.5581395348837209,0.42857142857142855,56,43,135,19,sec_dev_0011
m3_full,19521013,test,0.0,110,18,0.8888888888888888,0.14545454545454545,0.25,0.11538461538461539,0.9363636363636364,0.8102981029810298,0.1897018970189702,738,140,0.24479166666666666,0.9215686274509803,51,192,52,6,sec_test_0000
m3_full,19521013,test,0.7,110,53,0.7547169811320755,0.36363636363636365,0.49079754601227,0.2,1.0,0.7712871287128713,0.22871287128712872,2020,462,0.5178571428571429,0.5686274509803921,51,56,130,26,sec_test_0000
m3_full,19521013,test,0.0,106,24,0.8333333333333334,0.18867924528301888,0.3076923076923077,0.08064516129032258,0.8867924528301887,0.7828507795100222,0.21714922048997773,898,195,0.26900584795321636,0.8363636363636363,55,171,62,5,sec_test_0001
m3_full,19521013,test,0.7,106,59,0.6779661016949152,0.37735849056603776,0.4848484848484849,0.19696969696969696,1.009433962264151,0.731203007518797,0.26879699248120303,2128,572,0.6585365853658537,0.4909090909090909,55,41,132,26,sec_test_0001
m3_full,19521013,test,0.0,114,29,0.7931034482758621,0.20175438596491227,0.32167832167832167,0.21212121212121213,0.8859649122807017,0.7189849624060151,0.28101503759398494,1064,299,0.25308641975308643,0.8723404255319149,47,162,66,14,sec_test_0002
m3_full,19521013,test,0.7,114,60,0.7166666666666667,0.37719298245614036,0.4942528735632184,0.2578125,1.0,0.7056705670567056,0.29432943294329433,2222,654,0.65,0.5531914893617021,47,40,128,33,sec_test_0002
m3_full,19521013,test,0.0,111,21,0.9047619047619048,0.17117117117117117,0.2878787878787879,0.0967741935483871,0.8918918918918919,0.7641509433962264,0.2358490566037736,848,200,0.23204419889502761,0.84,50,181,62,6,sec_test_0003
m3_full,19521013,test,0.7,111,54,0.7962962962962963,0.38738738738738737,0.5212121212121211,0.16030534351145037,0.9369369369369369,0.7506160670280927,0.24938393297190733,2029,506,0.5,0.56,50,56,131,21,sec_test_0003
m3_full,19521013,test,0.0,109,13,0.8461538461538461,0.10091743119266056,0.18032786885245905,0.029411764705882353,0.926605504587156,0.8175965665236051,0.18240343347639484,466,85,0.19545454545454546,0.8269230769230769,52,220,34,1,sec_test_0004
m3_full,19521013,test,0.7,109,53,0.6792452830188679,0.3302752293577982,0.4444444444444444,0.15079365079365079,0.9357798165137615,0.75,0.25,2004,501,0.47368421052631576,0.5192307692307693,52,57,126,19,sec_test_0004
m3_full,19521013,test,0.0,107,24,0.7083333333333334,0.1588785046728972,0.2595419847328244,0.11940298507462686,0.9158878504672897,0.8026998961578401,0.19730010384215993,963,190,0.23636363636363636,0.7222222222222222,54,165,67,8,sec_test_0005
m3_full,19521013,test,0.7,107,56,0.6964285714285714,0.3644859813084112,0.4785276073619632,0.208,0.9813084112149533,0.7572446555819478,0.24275534441805224,2105,511,0.5777777777777777,0.48148148148148145,54,45,125,26,sec_test_0005
m3_full,19521013,test,0.0,108,10,0.8,0.07407407407407407,0.13559322033898305,0.05128205128205128,0.9537037037037037,0.8428874734607219,0.15711252653927812,471,74,0.22018348623853212,0.9056603773584906,53,218,39,2,sec_test_0006
m3_full,19521013,test,0.7,108,52,0.6346153846153846,0.3055555555555556,0.41250000000000003,0.17355371900826447,1.0462962962962963,0.7615753060138372,0.23842469398616284,1879,448,0.43478260869565216,0.5660377358490566,53,69,121,21,sec_test_0006
m3_full,19521013,test,0.0,112,22,0.6363636363636364,0.125,0.208955223880597,0.2833333333333333,1.0357142857142858,0.7656565656565657,0.23434343434343435,990,232,0.23809523809523808,0.8163265306122449,49,168,60,17,sec_test_0007
m3_full,19521013,test,0.7,112,51,0.6470588235294118,0.29464285714285715,0.40490797546012275,0.25203252032520324,1.1339285714285714,0.7204556241101092,0.27954437588989084,2107,589,0.52,0.5306122448979592,49,50,123,31,sec_test_0007
m3_full,19521013,test,0.0,106,28,0.7142857142857143,0.18867924528301888,0.2985074626865672,0.18309859154929578,0.9528301886792453,0.7279344858962693,0.27206551410373064,1099,299,0.26666666666666666,0.7272727272727273,55,150,71,13,sec_test_0008
m3_full,19521013,test,0.7,106,57,0.7192982456140351,0.3867924528301887,0.5030674846625767,0.216,1.0,0.7148235294117646,0.2851764705882353,2125,606,0.6904761904761905,0.5272727272727272,55,42,125,27,sec_test_0008
m3_full,19521013,test,0.0,108,18,0.6666666666666666,0.1111111111111111,0.1904761904761905,0.2033898305084746,1.0092592592592593,0.766546329723225,0.23345367027677497,831,194,0.23333333333333334,0.7924528301886793,53,180,59,12,sec_test_0009
m3_full,19521013,test,0.7,108,52,0.6730769230769231,0.32407407407407407,0.4375,0.2692307692307692,1.1481481481481481,0.7462616822429906,0.25373831775700934,2140,543,0.6428571428571429,0.5094339622641509,53,42,130,35,sec_test_0009
m3_full,19521013,test,0.0,110,13,0.9230769230769231,0.10909090909090909,0.1951219512195122,0.061224489795918366,0.9272727272727272,0.8314238952536825,0.1685761047463175,611,103,0.2146341463414634,0.8627450980392157,51,205,49,3,sec_test_0010
m3_full,19521013,test,0.7,110,45,0.6666666666666666,0.2727272727272727,0.3870967741935484,0.21705426356589147,1.1272727272727272,0.7679755226925038,0.23202447730749617,1961,455,0.45161290322580644,0.5490196078431373,51,62,129,28,sec_test_0010
m3_full,19521013,test,0.0,98,19,0.8421052631578947,0.16326530612244897,0.2735042735042735,0.0967741935483871,0.9081632653061225,0.7747747747747747,0.22522522522522523,888,200,0.2926829268292683,0.7619047619047619,63,164,62,6,sec_test_0011
m3_full,19521013,test,0.7,98,46,0.6086956521739131,0.2857142857142857,0.3888888888888889,0.2153846153846154,1.183673469387755,0.7343283582089553,0.2656716417910448,2010,534,0.6,0.42857142857142855,63,45,130,28,sec_test_0011
m3_full,19521013,test,0.0,116,16,0.9375,0.12931034482758622,0.22727272727272727,0.07142857142857142,0.9224137931034483,0.773841961852861,0.22615803814713897,734,166,0.18686868686868688,0.8222222222222222,45,198,56,4,sec_test_0012
m3_full,19521013,test,0.7,116,59,0.8305084745762712,0.4224137931034483,0.5599999999999999,0.23846153846153847,0.9310344827586207,0.7297674418604652,0.2702325581395349,2150,581,0.5306122448979592,0.5777777777777777,45,49,130,31,sec_test_0012
m3_full,19521014,dev,0.0,113,23,0.7391304347826086,0.1504424778761062,0.25,0.2631578947368421,0.9557522123893806,0.7590361445783133,0.24096385542168675,913,220,0.22033898305084745,0.8125,48,177,57,15,sec_dev_0000
m3_full,19521014,dev,0.7,113,53,0.6792452830188679,0.3185840707964602,0.43373493975903615,0.27419354838709675,1.0884955752212389,0.7169117647058824,0.28308823529411764,2176,616,0.6363636363636364,0.5833333333333334,48,44,124,34,sec_dev_0000
m3_full,19521014,dev,0.0,111,37,0.5135135135135135,0.17117117117117117,0.25675675675675674,0.38571428571428573,1.054054054054054,0.6837209302325582,0.31627906976744186,1290,408,0.2647058823529412,0.72,50,136,70,27,sec_dev_0001
m3_full,19521014,dev,0.7,111,57,0.47368421052631576,0.24324324324324326,0.3214285714285714,0.371900826446281,1.2522522522522523,0.6727856815052777,0.3272143184947223,2179,713,0.6190476190476191,0.52,50,42,121,45,sec_dev_0001
m3_full,19521014,dev,0.0,112,17,0.8235294117647058,0.125,0.21705426356589147,0.14285714285714285,0.9464285714285714,0.7825567502986858,0.2174432497013142,837,182,0.21311475409836064,0.7959183673469388,49,183,63,9,sec_dev_0002
m3_full,19521014,dev,0.7,112,62,0.7258064516129032,0.4017857142857143,0.517241379310345,0.2689075630252101,0.9285714285714286,0.7086280056577086,0.2913719943422914,2121,618,0.5306122448979592,0.5306122448979592,49,49,119,32,sec_dev_0002
m3_full,19521014,dev,0.0,104,9,0.5555555555555556,0.04807692307692308,0.08849557522123894,0.2692307692307692,1.0192307692307692,0.642512077294686,0.357487922705314,414,148,0.248868778280543,0.9649122807017544,57,221,26,7,sec_dev_0003
m3_full,19521014,dev,0.7,104,44,0.7045454545454546,0.2980769230769231,0.4189189189189189,0.2376237623762376,1.0288461538461537,0.6694772344013491,0.3305227655986509,1779,588,0.44155844155844154,0.5964912280701754,57,77,101,24,sec_dev_0003
m3_full,19521014,dev,0.0,117,15,0.6666666666666666,0.08547008547008547,0.15151515151515152,0.11627906976744186,0.9658119658119658,0.7874794069192751,0.21252059308072488,607,129,0.18309859154929578,0.8863636363636364,44,213,43,5,sec_dev_0004
m3_full,19521014,dev,0.7,117,56,0.6071428571428571,0.2905982905982906,0.393063583815029,0.2972972972972973,1.0769230769230769,0.6816165598817152,0.31838344011828484,2029,646,0.4375,0.6363636363636364,44,64,111,33,sec_dev_0004
m3_full,19521014,dev,0.0,121,22,0.7272727272727273,0.1322314049586777,0.22377622377622378,0.25806451612903225,0.9834710743801653,0.6533066132264529,0.3466933867735471,998,346,0.1875,0.825,40,176,62,16,sec_dev_0005
m3_full,19521014,dev,0.7,121,60,0.6333333333333333,0.3140495867768595,0.4198895027624309,0.45614035087719296,1.1322314049586777,0.648506151142355,0.351493848857645,2276,800,0.627906976744186,0.675,40,43,114,52,sec_dev_0005
m3_full,19521014,dev,0.0,106,13,0.9230769230769231,0.11320754716981132,0.20168067226890757,0.09375,0.9245283018867925,0.7478632478632479,0.25213675213675213,468,118,0.2350230414746544,0.9272727272727272,55,217,32,3,sec_dev_0006
m3_full,19521014,dev,0.7,106,43,0.7209302325581395,0.29245283018867924,0.4161073825503355,0.19801980198019803,0.9716981132075472,0.7046135410425405,0.2953864589574596,1669,493,0.37777777777777777,0.6181818181818182,55,90,101,20,sec_dev_0006
m3_full,19521014,dev,0.0,107,24,0.7083333333333334,0.1588785046728972,0.2595419847328244,0.15,0.9439252336448598,0.7423913043478261,0.2576086956521739,920,237,0.24705882352941178,0.7777777777777778,54,170,60,9,sec_dev_0007
m3_full,19521014,dev,0.7,107,59,0.6101694915254238,0.3364485981308411,0.43373493975903615,0.2564102564102564,1.0841121495327102,0.692853762423095,0.3071462375769049,2113,649,0.5777777777777777,0.48148148148148145,54,45,117,30,sec_dev_0007
m3_full,19521014,dev,0.0,109,24,0.5,0.11009174311926606,0.1804511278195489,0.2727272727272727,1.0091743119266054,0.6906077348066298,0.30939226519337015,905,280,0.25287356321839083,0.8461538461538461,52,174,55,15,sec_dev_0008
m3_full,19521014,dev,0.7,109,48,0.5625,0.24770642201834864,0.34394904458598724,0.35135135135135137,1.201834862385321,0.674591381872214,0.32540861812778604,2019,657,0.49122807017543857,0.5384615384615384,52,57,111,39,sec_dev_0008
m3_full,19521014,dev,0.0,110,14,0.7142857142857143,0.09090909090909091,0.16129032258064518,0.2222222222222222,0.9727272727272728,0.7177700348432056,0.28222996515679444,574,162,0.21428571428571427,0.8823529411764706,51,210,36,8,sec_dev_0009
m3_full,19521014,dev,0.7,110,44,0.6363636363636364,0.2545454545454545,0.36363636363636365,0.23148148148148148,1.018181818181818,0.7155756207674944,0.28442437923250563,1772,504,0.37349397590361444,0.6078431372549019,51,83,108,25,sec_dev_0009
m3_full,19521014,dev,0.0,104,14,0.7857142857142857,0.10576923076923077,0.1864406779661017,0.15217391304347827,0.9615384615384616,0.749211356466877,0.250788643533123,634,159,0.24873096446700507,0.8596491228070176,57,197,46,7,sec_dev_0010
m3_full,19521014,dev,0.7,104,55,0.6181818181818182,0.3269230769230769,0.4276729559748428,0.30275229357798167,1.0576923076923077,0.6642048252092565,0.3357951747907435,2031,682,0.5490196078431373,0.49122807017543857,57,51,109,33,sec_dev_0010
m3_full,19521014,dev,0.0,105,18,0.7222222222222222,0.12380952380952381,0.21138211382113822,0.21739130434782608,0.9809523809523809,0.7384196185286104,0.2615803814713896,734,192,0.2553191489361702,0.8571428571428571,56,188,46,10,sec_dev_0011
m3_full,19521014,dev,0.7,105,44,0.6818181818181818,0.2857142857142857,0.40268456375838924,0.2636363636363636,1.0095238095238095,0.6973118279569892,0.30268817204301074,1860,563,0.391304347826087,0.48214285714285715,56,69,110,29,sec_dev_0011
m3_full,19521014,test,0.0,110,23,0.6956521739130435,0.14545454545454545,0.24060150375939848,0.24,0.9454545454545454,0.7404761904761905,0.25952380952380955,840,218,0.23076923076923078,0.8235294117647058,51,182,50,12,sec_test_0000
m3_full,19521014,test,0.7,110,55,0.6181818181818182,0.3090909090909091,0.4121212121212121,0.21238938053097345,1.0363636363636364,0.7416538263995891,0.2583461736004109,1947,503,0.46153846153846156,0.5882352941176471,51,65,113,24,sec_test_0000
m3_full,19521014,test,0.0,106,13,0.6923076923076923,0.08490566037735849,0.15126050420168066,0.20408163265306123,1.0660377358490567,0.7275320970042796,0.2724679029957204,701,191,0.23958333333333334,0.8363636363636363,55,192,49,10,sec_test_0001
m3_full,19521014,test,0.7,106,47,0.6382978723404256,0.2830188679245283,0.3921568627450981,0.25,1.1226415094339623,0.6954449152542372,0.3045550847457627,1888,575,0.44776119402985076,0.5454545454545454,55,67,112,28,sec_test_0001
m3_full,19521014,test,0.0,114,22,0.7727272727272727,0.14912280701754385,0.24999999999999997,0.3,0.9473684210526315,0.6888888888888889,0.3111111111111111,900,280,0.23333333333333334,0.8936170212765957,47,180,50,15,sec_test_0002
m3_full,19521014,test,0.7,114,55,0.7636363636363637,0.3684210526315789,0.4970414201183431,0.2543859649122807,0.9649122807017544,0.7048371174728529,0.29516288252714706,2026,598,0.47540983606557374,0.6170212765957447,47,61,114,29,sec_test_0002
m3_full,19521014,test,0.0,111,14,0.7857142857142857,0.0990990990990991,0.17600000000000002,0.28205128205128205,1.018018018018018,0.6763285024154589,0.32367149758454106,621,201,0.22815533980582525,0.94,50,206,39,11,sec_test_0003
m3_full,19521014,test,0.7,111,45,0.6444444444444445,0.26126126126126126,0.3717948717948718,0.2702702702702703,1.0810810810810811,0.7079074771382463,0.29209252286175363,1859,543,0.41333333333333333,0.62,50,75,111,30,sec_test_0003
m3_full,19521014,test,0.0,109,9,0.5555555555555556,0.045871559633027525,0.08474576271186442,0.20833333333333334,0.9908256880733946,0.7021857923497268,0.2978142076502732,366,109,0.20346320346320346,0.9038461538461539,52,231,24,5,sec_test_0004
m3_full,19521014,test,0.7,109,41,0.6341463414634146,0.23853211009174313,0.3466666666666667,0.19387755102040816,0.9908256880733946,0.7123893805309734,0.28761061946902655,1582,455,0.30392156862745096,0.5961538461538461,52,102,98,19,sec_test_0004
m3_full,19521014,test,0.0,107,26,0.7307692307692307,0.17757009345794392,0.2857142857142857,0.23880597014925373,0.9719626168224299,0.6726342710997442,0.3273657289002558,1173,384,0.2638888888888889,0.7037037037037037,54,144,67,16,sec_test_0005
m3_full,19521014,test,0.7,107,56,0.6964285714285714,0.3644859813084112,0.4785276073619632,0.2777777777777778,1.1121495327102804,0.6813725490196079,0.31862745098039214,2244,715,0.8387096774193549,0.48148148148148145,54,31,126,35,sec_test_0005
m3_full,19521014,test,0.0,108,8,0.75,0.05555555555555555,0.10344827586206895,0.10526315789473684,0.9537037037037037,0.7473309608540926,0.2526690391459075,281,71,0.200836820083682,0.9056603773584906,53,239,19,2,sec_test_0006
m3_full,19521014,test,0.7,108,35,0.6857142857142857,0.2222222222222222,0.3356643356643356,0.22988505747126436,0.9351851851851852,0.7383681726230613,0.26163182737693863,1483,388,0.30357142857142855,0.6415094339622641,53,112,87,20,sec_test_0006
m3_full,19521014,test,0.0,112,17,0.5882352941176471,0.08928571428571429,0.15503875968992248,0.3409090909090909,1.0089285714285714,0.6920103092783505,0.3079896907216495,776,239,0.2198952879581152,0.8571428571428571,49,191,44,15,sec_test_0007
m3_full,19521014,test,0.7,112,49,0.5714285714285714,0.25,0.34782608695652173,0.33653846153846156,1.1160714285714286,0.6828358208955223,0.31716417910447764,1876,595,0.4,0.6122448979591837,49,75,104,35,sec_test_0007
m3_full,19521014,test,0.0,106,28,0.6071428571428571,0.16037735849056603,0.2537313432835821,0.22033898305084745,0.9905660377358491,0.7142857142857143,0.2857142857142857,1001,286,0.2608695652173913,0.7636363636363637,55,161,59,13,sec_test_0008
m3_full,19521014,test,0.7,106,53,0.660377358490566,0.330188679245283,0.44025157232704404,0.23076923076923078,1.0754716981132075,0.7009391992090954,0.2990608007909046,2023,605,0.5660377358490566,0.5454545454545454,55,53,117,27,sec_test_0008
m3_full,19521014,test,0.0,108,18,0.6666666666666666,0.1111111111111111,0.1904761904761905,0.1836734693877551,0.9814814814814815,0.7540574282147317,0.2459425717852684,801,197,0.22826086956521738,0.7924528301886793,53,184,49,9,sec_test_0009
m3_full,19521014,test,0.7,108,50,0.56,0.25925925925925924,0.35443037974683544,0.32456140350877194,1.1851851851851851,0.7210216110019647,0.27897838899803534,2036,568,0.6111111111111112,0.6226415094339622,53,54,114,37,sec_test_0009
m3_full,19521014,test,0.0,110,7,1.0,0.06363636363636363,0.11965811965811964,0.0625,0.9545454545454546,0.782051282051282,0.21794871794871795,234,51,0.2032520325203252,0.9803921568627451,51,246,16,1,sec_test_0010
m3_full,19521014,test,0.7,110,33,0.8787878787878788,0.2636363636363636,0.40559440559440557,0.09302325581395349,0.8727272727272727,0.7762951334379906,0.2237048665620094,1274,285,0.2518518518518518,0.6666666666666666,51,135,86,8,sec_test_0010
m3_full,19521014,test,0.0,98,23,0.6956521739130435,0.16326530612244897,0.2644628099173554,0.1746031746031746,0.9897959183673469,0.7540453074433657,0.2459546925566343,927,228,0.3125,0.7936507936507936,63,160,63,11,sec_test_0011
m3_full,19521014,test,0.7,98,60,0.5333333333333333,0.32653061224489793,0.40506329113924044,0.3017241379310345,1.0816326530612246,0.7082931533269046,0.2917068466730955,2074,605,0.725,0.4603174603174603,63,40,116,35,sec_test_0011
m3_full,19521014,test,0.0,116,20,0.8,0.13793103448275862,0.2352941176470588,0.1276595744680851,0.896551724137931,0.7864357864357865,0.21356421356421357,693,148,0.18719211822660098,0.8444444444444444,45,203,47,6,sec_test_0012
m3_full,19521014,test,0.7,116,59,0.7457627118644068,0.3793103448275862,0.5028571428571429,0.23684210526315788,0.896551724137931,0.7065839694656488,0.29341603053435117,2096,615,0.48214285714285715,0.6,45,56,114,27,sec_test_0012
m3_full,19521015,dev,0.0,113,35,0.6571428571428571,0.20353982300884957,0.3108108108108108,0.3068181818181818,1.0265486725663717,0.7486033519553073,0.25139664804469275,1432,360,0.29508196721311475,0.75,48,122,88,27,sec_dev_0000
m3_full,19521015,dev,0.7,113,65,0.6307692307692307,0.36283185840707965,0.4606741573033708,0.3983739837398374,1.079646017699115,0.7073485174043833,0.2926514825956167,2327,681,0.8620689655172413,0.5208333333333334,48,29,123,49,sec_dev_0000
m3_full,19521015,dev,0.0,111,21,0.7142857142857143,0.13513513513513514,0.22727272727272727,0.25806451612903225,1.027027027027027,0.7328094302554027,0.26719056974459726,1018,272,0.21951219512195122,0.72,50,164,62,16,sec_dev_0001
m3_full,19521015,dev,0.7,111,56,0.5892857142857143,0.2972972972972973,0.3952095808383234,0.2773109243697479,1.1441441441441442,0.6935710933833881,0.30642890661661193,2131,653,0.5531914893617021,0.52,50,47,119,33,sec_dev_0001
m3_full,19521015,dev,0.0,112,21,0.8095238095238095,0.15178571428571427,0.2556390977443609,0.2153846153846154,0.9196428571428571,0.750253807106599,0.24974619289340103,985,246,0.23214285714285715,0.7959183673469388,49,168,65,14,sec_dev_0002
m3_full,19521015,dev,0.7,112,65,0.676923076923077,0.39285714285714285,0.4971751412429379,0.31932773109243695,0.9910714285714286,0.6733888645330995,0.32661113546690046,2281,745,0.7575757575757576,0.5102040816326531,49,33,119,38,sec_dev_0002
m3_full,19521015,dev,0.0,104,29,0.5862068965517241,0.16346153846153846,0.25563909774436094,0.18604651162790697,1.0961538461538463,0.7480063795853269,0.25199362041467305,1254,316,0.31297709923664124,0.7192982456140351,57,131,86,16,sec_dev_0003
m3_full,19521015,dev,0.7,104,56,0.5357142857142857,0.28846153846153844,0.37499999999999994,0.264,1.2692307692307692,0.6863534675615213,0.31364653243847873,2235,701,0.9310344827586207,0.47368421052631576,57,29,125,33,sec_dev_0003
m3_full,19521015,dev,0.0,117,31,0.7741935483870968,0.20512820512820512,0.32432432432432434,0.20238095238095238,0.9743589743589743,0.7743161094224924,0.2256838905775076,1316,297,0.2463768115942029,0.7727272727272727,44,138,84,17,sec_dev_0004
m3_full,19521015,dev,0.7,117,62,0.7258064516129032,0.38461538461538464,0.5027932960893855,0.2846153846153846,1.0427350427350428,0.7008583690987125,0.29914163090128754,2330,697,0.8125,0.5909090909090909,44,32,130,37,sec_dev_0004
m3_full,19521015,dev,0.0,121,41,0.6585365853658537,0.2231404958677686,0.3333333333333333,0.32098765432098764,0.9669421487603306,0.7239758226997985,0.27602417730020146,1489,411,0.248,0.775,40,125,81,26,sec_dev_0005
m3_full,19521015,dev,0.7,121,65,0.6615384615384615,0.35537190082644626,0.46236559139784944,0.3333333333333333,1.0661157024793388,0.6983857264231096,0.3016142735768904,2354,710,0.7647058823529411,0.65,40,34,126,42,sec_dev_0005
m3_full,19521015,dev,0.0,106,25,0.64,0.1509433962264151,0.24427480916030533,0.24242424242424243,1.0188679245283019,0.7686116700201208,0.23138832997987926,994,230,0.2608695652173913,0.7636363636363637,55,161,66,16,sec_dev_0006
m3_full,19521015,dev,0.7,106,58,0.5517241379310345,0.3018867924528302,0.3902439024390244,0.31746031746031744,1.2075471698113207,0.7214484679665738,0.2785515320334262,2154,600,0.6666666666666666,0.4727272727272727,55,39,126,40,sec_dev_0006
m3_full,19521015,dev,0.0,107,33,0.5151515151515151,0.1588785046728972,0.24285714285714285,0.24675324675324675,1.074766355140187,0.7045985970381917,0.2954014029618083,1283,379,0.2727272727272727,0.6666666666666666,54,132,77,19,sec_dev_0007
m3_full,19521015,dev,0.7,107,55,0.5272727272727272,0.27102803738317754,0.35802469135802467,0.3389830508474576,1.1962616822429906,0.6583407671721677,0.3416592328278323,2242,766,0.8125,0.48148148148148145,54,32,118,40,sec_dev_0007
m3_full,19521015,dev,0.0,109,37,0.7297297297297297,0.24770642201834864,0.36986301369863017,0.21518987341772153,0.908256880733945,0.7277335264301231,0.2722664735698769,1381,376,0.3225806451612903,0.7692307692307693,52,124,79,17,sec_dev_0008
m3_full,19521015,dev,0.7,109,66,0.6666666666666666,0.4036697247706422,0.5028571428571428,0.2975206611570248,1.0275229357798166,0.700303161541793,0.299696838458207,2309,692,0.9259259259259259,0.4807692307692308,52,27,121,36,sec_dev_0008
m3_full,19521015,dev,0.0,110,25,0.48,0.10909090909090909,0.17777777777777776,0.29069767441860467,1.1181818181818182,0.6949778434268833,0.3050221565731167,1354,413,0.25196850393700787,0.6274509803921569,51,127,86,25,sec_dev_0009
m3_full,19521015,dev,0.7,110,57,0.5614035087719298,0.2909090909090909,0.38323353293413176,0.33064516129032256,1.2,0.6704249783174328,0.3295750216825672,2306,760,0.8928571428571429,0.49019607843137253,51,28,124,41,sec_dev_0009
m3_full,19521015,dev,0.0,104,34,0.6764705882352942,0.22115384615384615,0.3333333333333333,0.2345679012345679,0.9519230769230769,0.7427677873338545,0.25723221266614543,1279,329,0.3333333333333333,0.7543859649122807,57,129,81,19,sec_dev_0010
m3_full,19521015,dev,0.7,104,71,0.647887323943662,0.4423076923076923,0.5257142857142857,0.275,0.9615384615384616,0.6986425339366515,0.3013574660633484,2210,666,0.875,0.49122807017543857,57,32,120,33,sec_dev_0010
m3_full,19521015,dev,0.0,105,30,0.6666666666666666,0.19047619047619047,0.2962962962962963,0.2619047619047619,1.0095238095238095,0.7718223583460949,0.22817764165390506,1306,298,0.2992125984251969,0.6785714285714286,56,127,84,22,sec_dev_0011
m3_full,19521015,dev,0.7,105,57,0.631578947368421,0.34285714285714286,0.4444444444444445,0.30578512396694213,1.1333333333333333,0.7003126395712371,0.2996873604287628,2239,671,0.8333333333333334,0.44642857142857145,56,30,121,37,sec_dev_0011
m3_full,19521015,test,0.0,110,35,0.6857142857142857,0.21818181818181817,0.3310344827586207,0.25,0.9727272727272728,0.7776923076923077,0.22230769230769232,1300,289,0.2706766917293233,0.7058823529411765,51,133,80,20,sec_test_0000
m3_full,19521015,test,0.7,110,60,0.5833333333333334,0.3181818181818182,0.4117647058823529,0.30833333333333335,1.1,0.7165178571428572,0.28348214285714285,2240,635,0.8285714285714286,0.5686274509803921,51,35,120,37,sec_test_0000
m3_full,19521015,test,0.0,106,36,0.6388888888888888,0.2169811320754717,0.32394366197183094,0.26582278481012656,1.0,0.6994967649173256,0.30050323508267435,1391,418,0.30833333333333335,0.6727272727272727,55,120,79,21,sec_test_0001
m3_full,19521015,test,0.7,106,64,0.640625,0.3867924528301887,0.4823529411764706,0.275,1.028301886792453,0.6833333333333333,0.31666666666666665,2220,703,0.7878787878787878,0.4727272727272727,55,33,120,33,sec_test_0001
m3_full,19521015,test,0.0,114,32,0.6875,0.19298245614035087,0.30136986301369867,0.23684210526315788,1.0175438596491229,0.7383177570093458,0.2616822429906542,1284,336,0.2805755395683453,0.8297872340425532,47,139,76,18,sec_test_0002
m3_full,19521015,test,0.7,114,59,0.6779661016949152,0.3508771929824561,0.4624277456647398,0.32558139534883723,1.1929824561403508,0.6894036894036895,0.3105963105963106,2331,724,0.896551724137931,0.5531914893617021,47,29,129,42,sec_test_0002
m3_full,19521015,test,0.0,111,34,0.6764705882352942,0.2072072072072072,0.3172413793103448,0.23076923076923078,0.9369369369369369,0.7438625204582652,0.2561374795417349,1222,313,0.2676056338028169,0.76,50,142,78,18,sec_test_0003
m3_full,19521015,test,0.7,111,68,0.6617647058823529,0.40540540540540543,0.5027932960893855,0.2916666666666667,0.990990990990991,0.6853982300884955,0.3146017699115044,2260,711,0.8235294117647058,0.56,50,34,120,35,sec_test_0003
m3_full,19521015,test,0.0,109,24,0.625,0.13761467889908258,0.2255639097744361,0.2222222222222222,0.9724770642201835,0.7142857142857143,0.2857142857142857,1057,302,0.25316455696202533,0.7692307692307693,52,158,63,14,sec_test_0004
m3_full,19521015,test,0.7,109,60,0.5666666666666667,0.3119266055045872,0.4023668639053255,0.32432432432432434,1.073394495412844,0.6739615899955338,0.32603841000446626,2239,730,0.7428571428571429,0.5,52,35,111,36,sec_test_0004
m3_full,19521015,test,0.0,107,29,0.7931034482758621,0.21495327102803738,0.3382352941176471,0.2318840579710145,0.9252336448598131,0.7712532865907099,0.2287467134092901,1141,261,0.272108843537415,0.7407407407407407,54,147,69,16,sec_test_0005
m3_full,19521015,test,0.7,107,62,0.6612903225806451,0.38317757009345793,0.48520710059171596,0.29411764705882354,1.0093457943925233,0.7070151306740027,0.29298486932599727,2181,639,0.631578947368421,0.4444444444444444,54,38,119,35,sec_test_0005
m3_full,19521015,test,0.0,108,31,0.5483870967741935,0.1574074074074074,0.24460431654676257,0.323943661971831,1.1018518518518519,0.7409587888982339,0.2590412111017662,1189,308,0.3006993006993007,0.8113207547169812,53,143,71,23,sec_test_0006
m3_full,19521015,test,0.7,108,60,0.5,0.2777777777777778,0.35714285714285715,0.3389830508474576,1.2407407407407407,0.6907775768535263,0.3092224231464738,2212,684,0.7222222222222222,0.49056603773584906,53,36,118,40,sec_test_0006
m3_full,19521015,test,0.0,112,37,0.8378378378378378,0.2767857142857143,0.4161073825503356,0.1625,0.875,0.7343283582089553,0.2656716417910448,1340,356,0.2595419847328244,0.6938775510204082,49,131,80,13,sec_test_0007
m3_full,19521015,test,0.7,112,65,0.7230769230769231,0.41964285714285715,0.5310734463276836,0.256198347107438,0.9196428571428571,0.6980356327089996,0.30196436729100046,2189,661,0.6428571428571429,0.5510204081632653,49,42,121,31,sec_test_0007
m3_full,19521015,test,0.0,106,21,0.6666666666666666,0.1320754716981132,0.2204724409448819,0.2711864406779661,1.0566037735849056,0.6971307120085015,0.3028692879914984,941,285,0.281437125748503,0.8545454545454545,55,167,59,16,sec_test_0008
m3_full,19521015,test,0.7,106,60,0.65,0.36792452830188677,0.46987951807228917,0.272,1.0943396226415094,0.6961797752808989,0.30382022471910114,2225,676,0.78125,0.45454545454545453,55,32,125,34,sec_test_0008
m3_full,19521015,test,0.0,108,15,0.4,0.05555555555555555,0.09756097560975609,0.2727272727272727,1.1018518518518519,0.7647798742138365,0.23522012578616353,795,187,0.23369565217391305,0.8113207547169812,53,184,55,15,sec_test_0009
m3_full,19521015,test,0.7,108,52,0.5384615384615384,0.25925925925925924,0.35000000000000003,0.35135135135135137,1.1759259259259258,0.6917970602181128,0.3082029397818872,2109,650,0.5531914893617021,0.49056603773584906,53,47,111,39,sec_test_0009
m3_full,19521015,test,0.0,110,36,0.6666666666666666,0.21818181818181817,0.32876712328767127,0.2261904761904762,0.9727272727272728,0.78149300155521,0.21850699844479005,1286,281,0.26119402985074625,0.6862745098039216,51,134,84,19,sec_test_0010
m3_full,19521015,test,0.7,110,69,0.7246376811594203,0.45454545454545453,0.558659217877095,0.25984251968503935,0.9454545454545454,0.7389399912395971,0.261060008760403,2283,596,0.8333333333333334,0.49019607843137253,51,30,127,33,sec_test_0010
m3_full,19521015,test,0.0,98,28,0.8571428571428571,0.24489795918367346,0.38095238095238093,0.16666666666666666,0.8775510204081632,0.7794117647058824,0.22058823529411764,1088,240,0.3146853146853147,0.7142857142857143,63,143,72,12,sec_test_0011
m3_full,19521015,test,0.7,98,53,0.7169811320754716,0.3877551020408163,0.5033112582781456,0.2540983606557377,1.0408163265306123,0.7163965681601525,0.2836034318398475,2098,595,0.7027027027027027,0.4126984126984127,63,37,122,31,sec_test_0011
m3_full,19521015,test,0.0,116,23,0.7391304347826086,0.14655172413793102,0.24460431654676257,0.1746031746031746,0.9655172413793104,0.8124318429661941,0.1875681570338059,917,172,0.2011173184357542,0.8,45,179,63,11,sec_test_0012
m3_full,19521015,test,0.7,116,64,0.609375,0.33620689655172414,0.43333333333333335,0.31746031746031744,1.1206896551724137,0.7082973206568712,0.29170267934312877,2314,675,0.7575757575757576,0.5555555555555556,45,33,126,40,sec_test_0012
m3_full,19521016,dev,0.0,113,23,0.6956521739130435,0.1415929203539823,0.23529411764705882,0.16,0.9911504424778761,0.775609756097561,0.22439024390243903,1025,230,0.21951219512195122,0.75,48,164,75,12,sec_dev_0000
m3_full,19521016,dev,0.7,113,61,0.7049180327868853,0.3805309734513274,0.4942528735632184,0.2642857142857143,1.1415929203539823,0.7351931330472103,0.2648068669527897,2330,617,0.9259259259259259,0.5208333333333334,48,27,140,37,sec_dev_0000
m3_full,19521016,dev,0.0,111,18,0.7777777777777778,0.12612612612612611,0.21705426356589147,0.1774193548387097,0.972972972972973,0.7511520737327189,0.2488479262672811,868,216,0.24022346368715083,0.86,50,179,62,11,sec_dev_0001
m3_full,19521016,dev,0.7,111,64,0.65625,0.3783783783783784,0.48,0.25190839694656486,1.027027027027027,0.7178909418657053,0.2821090581342947,2219,626,0.6756756756756757,0.5,50,37,131,33,sec_dev_0001
m3_full,19521016,dev,0.0,112,23,0.7391304347826086,0.15178571428571427,0.2518518518518518,0.1323529411764706,0.9196428571428571,0.7830802603036876,0.21691973969631237,922,200,0.20689655172413793,0.7346938775510204,49,174,68,9,sec_dev_0002
m3_full,19521016,dev,0.7,112,68,0.6911764705882353,0.41964285714285715,0.5222222222222223,0.2713178294573643,0.9821428571428571,0.7080937638213181,0.291906236178682,2261,660,0.7352941176470589,0.5102040816326531,49,34,129,35,sec_dev_0002
m3_full,19521016,dev,0.0,104,18,0.6666666666666666,0.11538461538461539,0.19672131147540986,0.10126582278481013,1.0192307692307692,0.7737512242899118,0.22624877571008814,1021,231,0.2709677419354839,0.7368421052631579,57,155,79,8,sec_dev_0003
m3_full,19521016,dev,0.7,104,57,0.6666666666666666,0.36538461538461536,0.4720496894409938,0.2222222222222222,1.1057692307692308,0.7382151029748284,0.2617848970251716,2185,572,0.7878787878787878,0.45614035087719296,57,33,135,30,sec_dev_0003
m3_full,19521016,dev,0.0,117,27,0.7777777777777778,0.1794871794871795,0.29166666666666663,0.20987654320987653,0.9743589743589743,0.7737162750217581,0.22628372497824195,1149,260,0.2129032258064516,0.75,44,155,81,17,sec_dev_0004
m3_full,19521016,dev,0.7,117,58,0.6724137931034483,0.3333333333333333,0.4457142857142857,0.2847222222222222,1.205128205128205,0.73301393728223,0.26698606271777003,2296,613,0.7941176470588235,0.6136363636363636,44,34,144,41,sec_dev_0004
m3_full,19521016,dev,0.0,121,31,0.8387096774193549,0.21487603305785125,0.3421052631578947,0.15584415584415584,0.9008264462809917,0.7623590633130963,0.23764093668690373,1153,274,0.20754716981132076,0.825,40,159,77,12,sec_dev_0005
m3_full,19521016,dev,0.7,121,66,0.7575757575757576,0.4132231404958678,0.5347593582887701,0.2733812949640288,1.0165289256198347,0.7246876346402413,0.2753123653597587,2321,639,0.7222222222222222,0.65,40,36,139,38,sec_dev_0005
m3_full,19521016,dev,0.0,106,20,0.65,0.12264150943396226,0.20634920634920634,0.109375,0.9433962264150944,0.7866817155756207,0.21331828442437922,886,189,0.2441860465116279,0.7636363636363637,55,172,64,7,sec_dev_0006
m3_full,19521016,dev,0.7,106,59,0.7288135593220338,0.4056603773584906,0.5212121212121211,0.24603174603174602,0.9528301886792453,0.726679104477612,0.2733208955223881,2144,586,0.625,0.45454545454545453,55,40,126,31,sec_dev_0006
m3_full,19521016,dev,0.0,107,25,0.84,0.19626168224299065,0.3181818181818181,0.1506849315068493,0.8691588785046729,0.7309340188517566,0.26906598114824337,1167,314,0.24305555555555555,0.6481481481481481,54,144,73,11,sec_dev_0007
m3_full,19521016,dev,0.7,107,57,0.6491228070175439,0.34579439252336447,0.45121951219512196,0.24031007751937986,1.074766355140187,0.7059348505131637,0.2940651494868362,2241,659,0.8387096774193549,0.48148148148148145,54,31,129,31,sec_dev_0007
m3_full,19521016,dev,0.0,109,25,0.76,0.1743119266055046,0.2835820895522388,0.1125,0.944954128440367,0.7619469026548673,0.23805309734513275,1130,269,0.2550335570469799,0.7307692307692307,52,149,80,9,sec_dev_0008
m3_full,19521016,dev,0.7,109,59,0.6779661016949152,0.3669724770642202,0.4761904761904762,0.27007299270072993,1.1376146788990826,0.7245930488341399,0.2754069511658601,2273,626,0.8620689655172413,0.4807692307692308,52,29,137,37,sec_dev_0008
m3_full,19521016,dev,0.0,110,30,0.7333333333333333,0.2,0.3142857142857143,0.17105263157894737,0.9,0.7705667276051188,0.22943327239488118,1094,251,0.2662337662337662,0.803921568627451,51,154,76,13,sec_dev_0009
m3_full,19521016,dev,0.7,110,59,0.7288135593220338,0.39090909090909093,0.5088757396449705,0.24427480916030533,1.0454545454545454,0.7478497057492077,0.2521502942507922,2209,557,0.7297297297297297,0.5294117647058824,51,37,131,32,sec_dev_0009
m3_full,19521016,dev,0.0,104,26,0.6153846153846154,0.15384615384615385,0.24615384615384617,0.20512820512820512,0.9903846153846154,0.7438162544169611,0.25618374558303886,1132,290,0.2847222222222222,0.7192982456140351,57,144,78,16,sec_dev_0010
m3_full,19521016,dev,0.7,104,64,0.578125,0.3557692307692308,0.44047619047619047,0.23255813953488372,1.125,0.7183559084539934,0.28164409154600656,2141,603,0.7105263157894737,0.47368421052631576,57,38,129,30,sec_dev_0010
m3_full,19521016,dev,0.0,105,13,0.8461538461538461,0.10476190476190476,0.18644067796610173,0.07042253521126761,1.019047619047619,0.8190591073582629,0.18094089264173704,829,150,0.23863636363636365,0.75,56,176,71,5,sec_dev_0011
m3_full,19521016,dev,0.7,105,56,0.6785714285714286,0.3619047619047619,0.4720496894409938,0.20437956204379562,1.0761904761904761,0.757816145590294,0.24218385440970602,2143,519,0.631578947368421,0.42857142857142855,56,38,137,28,sec_dev_0011
m3_full,19521016,test,0.0,110,21,0.6666666666666666,0.12727272727272726,0.21374045801526714,0.16129032258064516,0.9727272727272728,0.8052391799544419,0.1947608200455581,878,171,0.24293785310734464,0.8431372549019608,51,177,62,10,sec_test_0000
m3_full,19521016,test,0.7,110,59,0.6610169491525424,0.35454545454545455,0.46153846153846156,0.24,1.0636363636363637,0.7466042154566745,0.2533957845433255,2135,541,0.6444444444444445,0.5686274509803921,51,45,125,30,sec_test_0000
m3_full,19521016,test,0.0,106,24,0.75,0.16981132075471697,0.27692307692307694,0.15584415584415584,1.009433962264151,0.7903075489282386,0.2096924510717614,1073,225,0.26973684210526316,0.7454545454545455,55,152,77,12,sec_test_0001
m3_full,19521016,test,0.7,106,59,0.7457627118644068,0.41509433962264153,0.5333333333333333,0.21739130434782608,1.0754716981132075,0.7386262265834076,0.26137377341659235,2242,586,0.9310344827586207,0.4909090909090909,55,29,138,30,sec_test_0001
m3_full,19521016,test,0.0,114,26,0.8461538461538461,0.19298245614035087,0.3142857142857142,0.17073170731707318,0.9824561403508771,0.745557350565428,0.2544426494345719,1238,315,0.2517482517482518,0.7659574468085106,47,143,82,14,sec_test_0002
m3_full,19521016,test,0.7,114,52,0.7884615384615384,0.35964912280701755,0.49397590361445787,0.22377622377622378,1.105263157894737,0.725187472430525,0.27481252756947505,2267,623,0.7647058823529411,0.5531914893617021,47,34,143,32,sec_test_0002
m3_full,19521016,test,0.0,111,27,0.7037037037037037,0.17117117117117117,0.2753623188405797,0.2,0.918918918918919,0.7181818181818183,0.2818181818181818,990,279,0.23353293413173654,0.78,50,167,60,12,sec_test_0003
m3_full,19521016,test,0.7,111,55,0.6727272727272727,0.3333333333333333,0.4457831325301205,0.22900763358778625,1.0990990990990992,0.7359524897213339,0.2640475102786661,2189,578,0.65,0.52,50,40,131,30,sec_test_0003
m3_full,19521016,test,0.0,109,24,0.875,0.1926605504587156,0.31578947368421056,0.16129032258064516,0.8807339449541285,0.7643171806167401,0.2356828193832599,908,214,0.2254335260115607,0.75,52,173,62,10,sec_test_0004
m3_full,19521016,test,0.7,109,60,0.7666666666666667,0.42201834862385323,0.5443786982248521,0.2558139534883721,0.963302752293578,0.7311121539183483,0.2688878460816518,2131,573,0.6363636363636364,0.5384615384615384,52,44,129,33,sec_test_0004
m3_full,19521016,test,0.0,107,29,0.8275862068965517,0.22429906542056074,0.35294117647058826,0.1518987341772152,0.9252336448598131,0.768839966130398,0.23116003386960204,1181,273,0.2676056338028169,0.7037037037037037,54,142,79,12,sec_test_0005
m3_full,19521016,test,0.7,107,56,0.7857142857142857,0.411214953271028,0.5398773006134969,0.21804511278195488,1.02803738317757,0.7437979251240414,0.25620207487595853,2217,568,0.7575757575757576,0.46296296296296297,54,33,133,29,sec_test_0005
m3_full,19521016,test,0.0,108,18,0.6111111111111112,0.10185185185185185,0.1746031746031746,0.09523809523809523,0.9722222222222222,0.7714631197097944,0.22853688029020555,827,189,0.21666666666666667,0.7358490566037735,53,180,63,6,sec_test_0006
m3_full,19521016,test,0.7,108,52,0.6538461538461539,0.3148148148148148,0.42500000000000004,0.22727272727272727,1.1388888888888888,0.7338560885608856,0.26614391143911437,2168,577,0.6410256410256411,0.4716981132075472,53,39,132,30,sec_test_0006
m3_full,19521016,test,0.0,112,20,0.85,0.15178571428571427,0.25757575757575757,0.09523809523809523,0.9553571428571429,0.7765108323831242,0.2234891676168757,877,196,0.20670391061452514,0.7551020408163265,49,179,63,6,sec_test_0007
m3_full,19521016,test,0.7,112,59,0.7627118644067796,0.4017857142857143,0.5263157894736843,0.21875,0.9821428571428571,0.7395929694727105,0.26040703052728953,2162,563,0.6136363636363636,0.5510204081632653,49,44,128,28,sec_test_0007
m3_full,19521016,test,0.0,106,22,0.7727272727272727,0.16037735849056603,0.265625,0.15254237288135594,0.8962264150943396,0.7543053960964409,0.24569460390355913,871,214,0.26436781609195403,0.8363636363636363,55,174,59,9,sec_test_0008
m3_full,19521016,test,0.7,106,58,0.6724137931034483,0.36792452830188677,0.47560975609756095,0.1956521739130435,1.1037735849056605,0.7504604051565378,0.24953959484346225,2172,542,0.7222222222222222,0.4727272727272727,55,36,138,27,sec_test_0008
m3_full,19521016,test,0.0,108,9,0.7777777777777778,0.06481481481481481,0.11965811965811966,0.08,1.0092592592592593,0.85,0.15,560,84,0.21634615384615385,0.8490566037735849,53,208,50,4,sec_test_0009
m3_full,19521016,test,0.7,108,49,0.673469387755102,0.3055555555555556,0.42038216560509556,0.29133858267716534,1.1944444444444444,0.7494056110318592,0.25059438896814074,2103,527,0.6086956521739131,0.5283018867924528,53,46,127,37,sec_test_0009
m3_full,19521016,test,0.0,110,24,0.7916666666666666,0.17272727272727273,0.28358208955223885,0.1,0.9181818181818182,0.7905263157894737,0.2094736842105263,950,199,0.22485207100591717,0.7450980392156863,51,169,70,7,sec_test_0010
m3_full,19521016,test,0.7,110,61,0.7377049180327869,0.4090909090909091,0.5263157894736843,0.2727272727272727,1.0454545454545454,0.7412082957619477,0.2587917042380523,2218,574,0.7222222222222222,0.5098039215686274,51,36,132,36,sec_test_0010
m3_full,19521016,test,0.0,98,21,0.6190476190476191,0.1326530612244898,0.2184873949579832,0.14492753623188406,0.9693877551020408,0.7303588748787585,0.2696411251212415,1031,278,0.28859060402684567,0.6825396825396826,63,149,69,10,sec_test_0011
m3_full,19521016,test,0.7,98,51,0.7450980392156863,0.3877551020408163,0.5100671140939598,0.1875,1.0,0.725499524262607,0.27450047573739295,2102,577,0.75,0.42857142857142855,63,36,128,24,sec_test_0011
m3_full,19521016,test,0.0,116,23,0.6521739130434783,0.12931034482758622,0.21582733812949645,0.16393442622950818,0.9741379310344828,0.7610921501706485,0.23890784982935154,879,210,0.1912568306010929,0.7777777777777778,45,183,61,10,sec_test_0012
m3_full,19521016,test,0.7,116,62,0.6774193548387096,0.3620689655172414,0.47191011235955055,0.2923076923076923,1.1206896551724137,0.7243589743589743,0.27564102564102566,2340,645,0.8,0.5333333333333333,45,30,130,38,sec_test_0012
m3_full,19521017,dev,0.0,113,14,0.7142857142857143,0.08849557522123894,0.15748031496062992,0.16,1.008849557522124,0.7315789473684211,0.26842105263157895,760,204,0.22797927461139897,0.9166666666666666,48,193,50,8,sec_dev_0000
m3_full,19521017,dev,0.7,113,55,0.6545454545454545,0.3185840707964602,0.42857142857142855,0.3,1.1238938053097345,0.7163551401869159,0.2836448598130841,2140,607,0.625,0.625,48,48,120,36,sec_dev_0000
m3_full,19521017,dev,0.0,111,8,0.75,0.05405405405405406,0.10084033613445378,0.18181818181818182,1.0,0.8052516411378556,0.19474835886214442,457,89,0.2062780269058296,0.92,50,223,33,6,sec_dev_0001
m3_full,19521017,dev,0.7,111,49,0.5510204081632653,0.24324324324324326,0.3375,0.3275862068965517,1.1711711711711712,0.6809242871189773,0.3190757128810226,2034,649,0.5087719298245614,0.58,50,57,116,38,sec_dev_0001
m3_full,19521017,dev,0.0,112,8,0.375,0.026785714285714284,0.049999999999999996,0.25,1.0089285714285714,0.6223404255319149,0.3776595744680851,376,142,0.1759656652360515,0.8367346938775511,49,233,24,6,sec_dev_0002
m3_full,19521017,dev,0.7,112,54,0.6481481481481481,0.3125,0.4216867469879518,0.2631578947368421,1.0446428571428572,0.6899801587301587,0.3100198412698413,2016,625,0.5,0.6122448979591837,49,60,114,30,sec_dev_0002
m3_full,19521017,dev,0.0,104,16,0.8125,0.125,0.21666666666666667,0.08333333333333333,0.9038461538461539,0.7295719844357977,0.2704280155642023,514,139,0.24761904761904763,0.9122807017543859,57,210,36,3,sec_dev_0003
m3_full,19521017,dev,0.7,104,66,0.6515151515151515,0.41346153846153844,0.5058823529411764,0.2916666666666667,1.0288461538461537,0.6958715596330276,0.30412844036697245,2180,663,0.7714285714285715,0.47368421052631576,57,35,120,35,sec_dev_0003
m3_full,19521017,dev,0.0,117,11,0.6363636363636364,0.05982905982905983,0.109375,0.28125,1.0256410256410255,0.6691449814126393,0.3308550185873606,538,178,0.18552036199095023,0.9318181818181818,44,221,32,9,sec_dev_0004
m3_full,19521017,dev,0.7,117,55,0.6,0.28205128205128205,0.3837209302325581,0.2916666666666667,1.1282051282051282,0.6816901408450704,0.3183098591549296,2130,678,0.4716981132075472,0.5681818181818182,44,53,120,35,sec_dev_0004
m3_full,19521017,dev,0.0,121,16,0.625,0.08264462809917356,0.14598540145985403,0.2727272727272727,0.9586776859504132,0.7241379310344828,0.27586206896551724,696,192,0.1778846153846154,0.925,40,208,44,12,sec_dev_0005
m3_full,19521017,dev,0.7,121,65,0.6615384615384615,0.35537190082644626,0.46236559139784944,0.3140495867768595,0.9917355371900827,0.6936132201875838,0.30638677981241624,2239,686,0.5869565217391305,0.675,40,46,121,38,sec_dev_0005
m3_full,19521017,dev,0.0,106,2,0.5,0.009433962264150943,0.018518518518518517,0.25,1.009433962264151,0.7848101265822784,0.21518987341772153,158,34,0.216,0.9818181818181818,55,250,12,3,sec_dev_0006
m3_full,19521017,dev,0.7,106,42,0.5238095238095238,0.20754716981132076,0.29729729729729726,0.21929824561403508,1.1603773584905661,0.7365967365967365,0.2634032634032634,1716,452,0.36904761904761907,0.5636363636363636,55,84,114,25,sec_dev_0006
m3_full,19521017,dev,0.0,107,9,0.4444444444444444,0.037383177570093455,0.06896551724137931,0.2903225806451613,1.0186915887850467,0.634508348794063,0.3654916512059369,539,197,0.23696682464454977,0.9259259259259259,54,211,31,9,sec_dev_0007
m3_full,19521017,dev,0.7,107,46,0.5,0.21495327102803738,0.3006535947712418,0.2542372881355932,1.1869158878504673,0.6782128514056225,0.3217871485943775,1992,641,0.5263157894736842,0.5555555555555556,54,57,118,30,sec_dev_0007
m3_full,19521017,dev,0.0,109,7,0.7142857142857143,0.045871559633027525,0.08620689655172413,0.1724137931034483,1.0,0.6612529002320185,0.33874709976798145,431,146,0.20982142857142858,0.9038461538461539,52,224,29,5,sec_dev_0008
m3_full,19521017,dev,0.7,109,64,0.703125,0.41284403669724773,0.5202312138728324,0.32432432432432434,0.9724770642201835,0.6871770784405824,0.31282292155941754,2129,666,0.5869565217391305,0.5192307692307693,52,46,111,36,sec_dev_0008
m3_full,19521017,dev,0.0,110,14,0.6428571428571429,0.08181818181818182,0.14516129032258066,0.23529411764705882,0.9818181818181818,0.7145522388059702,0.28544776119402987,536,153,0.22897196261682243,0.9607843137254902,51,214,34,8,sec_dev_0009
m3_full,19521017,dev,0.7,110,51,0.6078431372549019,0.2818181818181818,0.3850931677018633,0.31896551724137934,1.1181818181818182,0.6976401179941003,0.3023598820058997,2034,615,0.5714285714285714,0.6274509803921569,51,56,116,37,sec_dev_0009
m3_full,19521017,dev,0.0,104,11,0.5454545454545454,0.057692307692307696,0.10434782608695652,0.225,1.0096153846153846,0.732258064516129,0.267741935483871,620,166,0.24623115577889448,0.8596491228070176,57,199,40,9,sec_dev_0010
m3_full,19521017,dev,0.7,104,49,0.5510204081632653,0.25961538461538464,0.3529411764705883,0.32142857142857145,1.2019230769230769,0.6948493683187561,0.3051506316812439,2058,628,0.6458333333333334,0.543859649122807,57,48,112,36,sec_dev_0010
m3_full,19521017,dev,0.0,105,12,0.6666666666666666,0.0761904761904762,0.13675213675213674,0.175,0.9714285714285714,0.7228070175438597,0.2771929824561403,570,158,0.23414634146341465,0.8571428571428571,56,205,40,7,sec_dev_0011
m3_full,19521017,dev,0.7,105,62,0.5967741935483871,0.3523809523809524,0.44311377245508987,0.3652173913043478,1.0857142857142856,0.6807256235827664,0.31927437641723355,2205,704,0.7941176470588235,0.48214285714285715,56,34,115,42,sec_dev_0011
m3_full,19521017,test,0.0,110,9,0.7777777777777778,0.06363636363636363,0.1176470588235294,0.125,0.9636363636363636,0.8087431693989071,0.1912568306010929,366,70,0.2025862068965517,0.9215686274509803,51,232,24,3,sec_test_0000
m3_full,19521017,test,0.7,110,46,0.5652173913043478,0.23636363636363636,0.3333333333333333,0.2672413793103448,1.190909090909091,0.7361246348588121,0.2638753651411879,2054,542,0.48148148148148145,0.5098039215686274,51,54,116,31,sec_test_0000
m3_full,19521017,test,0.0,106,14,0.7142857142857143,0.09433962264150944,0.16666666666666669,0.15151515151515152,0.9528301886792453,0.757396449704142,0.24260355029585798,507,123,0.2300469483568075,0.8909090909090909,55,213,33,5,sec_test_0001
m3_full,19521017,test,0.7,106,56,0.6964285714285714,0.36792452830188677,0.48148148148148145,0.23140495867768596,0.9716981132075472,0.7133881101981634,0.28661188980183666,2069,593,0.6041666666666666,0.5272727272727272,55,48,121,28,sec_test_0001
m3_full,19521017,test,0.0,114,11,0.5454545454545454,0.05263157894736842,0.096,0.35294117647058826,0.9912280701754386,0.7266187050359711,0.2733812949640288,556,152,0.19907407407407407,0.9148936170212766,47,216,34,12,sec_test_0002
m3_full,19521017,test,0.7,114,58,0.5172413793103449,0.2631578947368421,0.34883720930232553,0.319672131147541,1.236842105263158,0.6864716636197441,0.31352833638025596,2188,686,0.6363636363636364,0.5957446808510638,47,44,122,39,sec_test_0002
m3_full,19521017,test,0.0,111,18,0.7222222222222222,0.11711711711711711,0.20155038759689922,0.2564102564102564,0.9459459459459459,0.7178002894356006,0.2821997105643994,691,195,0.21608040201005024,0.86,50,199,39,10,sec_test_0003
m3_full,19521017,test,0.7,111,64,0.484375,0.27927927927927926,0.3542857142857142,0.3333333333333333,1.1531531531531531,0.6769991015274034,0.3230008984725966,2226,719,0.6842105263157895,0.52,50,38,114,38,sec_test_0003
m3_full,19521017,test,0.0,109,12,1.0,0.11009174311926606,0.19834710743801653,0.15151515151515152,0.9174311926605505,0.7214700193423598,0.27852998065764023,517,144,0.2186046511627907,0.9038461538461539,52,215,33,5,sec_test_0004
m3_full,19521017,test,0.7,109,51,0.5686274509803921,0.26605504587155965,0.36250000000000004,0.2818181818181818,1.091743119266055,0.7037037037037037,0.2962962962962963,1890,560,0.4142857142857143,0.5576923076923077,52,70,110,31,sec_test_0004
m3_full,19521017,test,0.0,107,6,0.3333333333333333,0.018691588785046728,0.03539823008849557,0.2,1.0373831775700935,0.7438202247191011,0.25617977528089886,445,114,0.21363636363636362,0.8703703703703703,54,220,35,7,sec_test_0005
m3_full,19521017,test,0.7,107,50,0.58,0.27102803738317754,0.3694267515923566,0.3391304347826087,1.1775700934579438,0.6786885245901639,0.32131147540983607,2135,686,0.6046511627906976,0.48148148148148145,54,43,115,39,sec_test_0005
m3_full,19521017,test,0.0,108,3,0.6666666666666666,0.018518518518518517,0.036036036036036036,0.15789473684210525,1.0,0.7922077922077921,0.2077922077922078,231,48,0.20901639344262296,0.9622641509433962,53,244,19,3,sec_test_0006
m3_full,19521017,test,0.7,108,47,0.6170212765957447,0.26851851851851855,0.37419354838709684,0.2543859649122807,1.0277777777777777,0.7306468716861081,0.26935312831389185,1886,508,0.4057971014492754,0.5283018867924528,53,69,114,29,sec_test_0006
m3_full,19521017,test,0.0,112,14,0.7857142857142857,0.09821428571428571,0.1746031746031746,0.07142857142857142,0.9375,0.7640845070422535,0.23591549295774647,568,134,0.19339622641509435,0.8367346938775511,49,212,42,3,sec_test_0007
m3_full,19521017,test,0.7,112,58,0.6551724137931034,0.3392857142857143,0.44705882352941173,0.2786885245901639,1.0892857142857142,0.7079524680073126,0.2920475319926874,2188,639,0.5952380952380952,0.5102040816326531,49,42,122,34,sec_test_0007
m3_full,19521017,test,0.0,106,11,0.8181818181818182,0.08490566037735849,0.15384615384615385,0.12195121951219512,0.9622641509433962,0.7599243856332704,0.24007561436672967,529,127,0.23333333333333334,0.8909090909090909,55,210,41,5,sec_test_0008
m3_full,19521017,test,0.7,106,52,0.5769230769230769,0.2830188679245283,0.379746835443038,0.3247863247863248,1.179245283018868,0.6925566343042071,0.3074433656957929,2163,665,0.6923076923076923,0.4909090909090909,55,39,117,38,sec_test_0008
m3_full,19521017,test,0.0,108,5,0.8,0.037037037037037035,0.07079646017699115,0.09090909090909091,1.0185185185185186,0.8157248157248157,0.18427518427518427,407,75,0.2,0.8490566037735849,53,225,33,3,sec_test_0009
m3_full,19521017,test,0.7,108,46,0.5217391304347826,0.2222222222222222,0.3116883116883117,0.3017241379310345,1.2222222222222223,0.7074001947419669,0.2925998052580331,2054,601,0.5,0.49056603773584906,53,52,116,35,sec_test_0009
m3_full,19521017,test,0.0,110,7,0.42857142857142855,0.02727272727272727,0.05128205128205128,0.2777777777777778,1.018181818181818,0.6589403973509933,0.34105960264900664,302,103,0.200836820083682,0.9411764705882353,51,239,18,5,sec_test_0010
m3_full,19521017,test,0.7,110,40,0.525,0.19090909090909092,0.28,0.24324324324324326,1.1727272727272726,0.7379988432620012,0.26200115673799884,1729,453,0.3563218390804598,0.6078431372549019,51,87,111,27,sec_test_0010
m3_full,19521017,test,0.0,98,17,0.8823529411764706,0.15306122448979592,0.2608695652173913,0.17777777777777778,0.9183673469387755,0.7560283687943262,0.24397163120567375,705,172,0.2608695652173913,0.7619047619047619,63,184,45,8,sec_test_0011
m3_full,19521017,test,0.7,98,58,0.5344827586206896,0.3163265306122449,0.3974358974358974,0.29310344827586204,1.1224489795918366,0.7034548944337812,0.2965451055662188,2084,618,0.6923076923076923,0.42857142857142855,63,39,116,34,sec_test_0011
m3_full,19521017,test,0.0,116,14,0.7857142857142857,0.09482758620689655,0.1692307692307692,0.05714285714285714,0.9224137931034483,0.7898989898989899,0.2101010101010101,495,104,0.17410714285714285,0.8666666666666667,45,224,35,2,sec_test_0012
m3_full,19521017,test,0.7,116,55,0.6363636363636364,0.3017241379310345,0.40935672514619886,0.3247863247863248,1.0603448275862069,0.705039297272307,0.29496070272769304,2163,638,0.5510204081632653,0.6,45,49,117,38,sec_test_0012
m3_full,19521018,dev,0.0,113,5,0.6,0.02654867256637168,0.05084745762711864,0.15384615384615385,1.008849557522124,0.8148148148148149,0.18518518518518517,324,60,0.18410041841004185,0.9166666666666666,48,239,26,4,sec_dev_0000
m3_full,19521018,dev,0.7,113,48,0.6666666666666666,0.2831858407079646,0.3975155279503106,0.1889763779527559,1.0884955752212389,0.7689492943021432,0.23105070569785677,1913,442,0.4142857142857143,0.6041666666666666,48,70,127,24,sec_dev_0000
m3_full,19521018,dev,0.0,111,5,0.6,0.02702702702702703,0.05172413793103448,0.15625,0.990990990990991,0.7783505154639175,0.22164948453608246,388,86,0.2,0.92,50,230,32,5,sec_dev_0001
m3_full,19521018,dev,0.7,111,46,0.6956521739130435,0.2882882882882883,0.40764331210191085,0.2336448598130841,0.963963963963964,0.7230682459108855,0.27693175408911447,1773,491,0.34523809523809523,0.58,50,84,107,25,sec_dev_0001
m3_full,19521018,dev,0.0,112,1,1.0,0.008928571428571428,0.017699115044247787,0.0,0.9910714285714286,0.9152542372881356,0.0847457627118644,118,10,0.18076923076923077,0.9591836734693877,49,260,12,0,sec_dev_0002
m3_full,19521018,dev,0.7,112,38,0.6842105263157895,0.23214285714285715,0.3466666666666667,0.12149532710280374,0.9732142857142857,0.7379912663755459,0.26200873362445415,1603,420,0.28431372549019607,0.5918367346938775,49,102,107,13,sec_dev_0002
m3_full,19521018,dev,0.0,104,3,0.6666666666666666,0.019230769230769232,0.037383177570093455,0.11764705882352941,0.9807692307692307,0.8078817733990148,0.1921182266009852,203,39,0.21810699588477367,0.9298245614035088,57,243,17,2,sec_dev_0003
m3_full,19521018,dev,0.7,104,44,0.6818181818181818,0.28846153846153844,0.4054054054054054,0.19130434782608696,1.0096153846153846,0.7558073654390935,0.2441926345609065,1765,431,0.4155844155844156,0.5614035087719298,57,77,115,22,sec_dev_0003
m3_full,19521018,dev,0.0,117,13,0.9230769230769231,0.10256410256410256,0.1846153846153846,0.06451612903225806,0.905982905982906,0.8368298368298368,0.16317016317016317,429,70,0.16810344827586207,0.8863636363636364,44,232,31,2,sec_dev_0004
m3_full,19521018,dev,0.7,117,55,0.7272727272727273,0.3418803418803419,0.4651162790697675,0.2619047619047619,1.0085470085470085,0.7277131782945736,0.27228682170542634,2064,562,0.5084745762711864,0.6818181818181818,44,59,126,33,sec_dev_0004
m3_full,19521018,dev,0.0,121,5,1.0,0.04132231404958678,0.07936507936507936,0.0625,0.9669421487603306,0.8260869565217391,0.17391304347826086,368,64,0.1487603305785124,0.9,40,242,32,2,sec_dev_0005
m3_full,19521018,dev,0.7,121,61,0.7213114754098361,0.36363636363636365,0.4835164835164835,0.22580645161290322,0.9669421487603306,0.7374136229022705,0.26258637709772953,2026,532,0.40298507462686567,0.675,40,67,124,28,sec_dev_0005
m3_full,19521018,dev,0.0,106,12,0.75,0.08490566037735849,0.15254237288135594,0.07142857142857142,0.9433962264150944,0.7935323383084577,0.2064676616915423,402,83,0.22767857142857142,0.9272727272727272,55,224,28,2,sec_dev_0006
m3_full,19521018,dev,0.7,106,49,0.6938775510204082,0.32075471698113206,0.4387096774193548,0.1794871794871795,0.9528301886792453,0.7531891292290627,0.24681087077093733,1803,445,0.41333333333333333,0.5636363636363636,55,75,117,21,sec_dev_0006
m3_full,19521018,dev,0.0,107,5,0.8,0.037383177570093455,0.07142857142857142,0.03125,0.9719626168224299,0.7960893854748603,0.20391061452513967,358,73,0.20087336244541484,0.8518518518518519,54,229,32,1,sec_dev_0007
m3_full,19521018,dev,0.7,107,51,0.6862745098039216,0.32710280373831774,0.44303797468354433,0.23728813559322035,1.0186915887850467,0.7092445328031809,0.2907554671968191,2012,585,0.4909090909090909,0.5,54,55,118,28,sec_dev_0007
m3_full,19521018,dev,0.0,109,8,0.75,0.05504587155963303,0.10256410256410257,0.0975609756097561,0.981651376146789,0.7081174438687392,0.2918825561312608,579,169,0.20192307692307693,0.8076923076923077,52,208,41,4,sec_dev_0008
m3_full,19521018,dev,0.7,109,51,0.6274509803921569,0.29357798165137616,0.4,0.25806451612903225,1.18348623853211,0.7136542239685658,0.2863457760314342,2036,583,0.5370370370370371,0.5576923076923077,52,54,124,32,sec_dev_0008
m3_full,19521018,dev,0.0,110,2,0.5,0.00909090909090909,0.01785714285714286,0.06666666666666667,0.990909090909091,0.832258064516129,0.16774193548387098,155,26,0.19291338582677164,0.9607843137254902,51,254,15,1,sec_dev_0009
m3_full,19521018,dev,0.7,110,45,0.8222222222222222,0.33636363636363636,0.4774193548387097,0.1588785046728972,0.8363636363636363,0.7751078250154035,0.22489217498459643,1623,365,0.32653061224489793,0.6274509803921569,51,98,107,17,sec_dev_0009
m3_full,19521018,dev,0.0,104,7,0.8571428571428571,0.057692307692307696,0.1081081081081081,0.14285714285714285,0.9807692307692307,0.7910112359550562,0.20898876404494382,445,93,0.2350230414746544,0.8947368421052632,57,217,35,5,sec_dev_0010
m3_full,19521018,dev,0.7,104,56,0.6785714285714286,0.36538461538461536,0.475,0.2,1.0,0.7483204134366925,0.25167958656330747,1935,487,0.5084745762711864,0.5263157894736842,57,59,125,25,sec_dev_0010
m3_full,19521018,dev,0.0,105,12,0.8333333333333334,0.09523809523809523,0.17094017094017092,0.10810810810810811,0.9333333333333333,0.8012170385395537,0.19878296146044624,493,98,0.23943661971830985,0.9107142857142857,56,213,37,4,sec_dev_0011
m3_full,19521018,dev,0.7,105,52,0.5961538461538461,0.29523809523809524,0.3949044585987262,0.224,1.1047619047619048,0.7648578811369509,0.2351421188630491,1935,455,0.5,0.5357142857142857,56,60,125,28,sec_dev_0011
m3_full,19521018,test,0.0,110,3,0.6666666666666666,0.01818181818181818,0.035398230088495575,0.05,0.9818181818181818,0.8318181818181818,0.16818181818181818,220,37,0.19433198380566802,0.9411764705882353,51,247,20,1,sec_test_0000
m3_full,19521018,test,0.7,110,37,0.8108108108108109,0.2727272727272727,0.40816326530612246,0.1415929203539823,0.9818181818181818,0.7971727105101414,0.20282728948985865,1627,330,0.35051546391752575,0.6666666666666666,51,97,113,16,sec_test_0000
m3_full,19521018,test,0.0,106,5,1.0,0.04716981132075472,0.09009009009009009,0.038461538461538464,0.9622641509433962,0.8299319727891157,0.17006802721088435,294,50,0.2170212765957447,0.9272727272727272,55,235,26,1,sec_test_0001
m3_full,19521018,test,0.7,106,52,0.6538461538461539,0.32075471698113206,0.430379746835443,0.21008403361344538,0.9811320754716981,0.7198342827550492,0.2801657172449508,1931,541,0.4838709677419355,0.5454545454545454,55,62,119,25,sec_test_0001
m3_full,19521018,test,0.0,114,4,0.5,0.017543859649122806,0.033898305084745756,0.10526315789473684,1.0,0.8341232227488151,0.16587677725118483,211,35,0.18253968253968253,0.9787234042553191,47,252,19,2,sec_test_0002
m3_full,19521018,test,0.7,114,44,0.5909090909090909,0.22807017543859648,0.32911392405063294,0.24074074074074073,1.0789473684210527,0.7366071428571428,0.26339285714285715,1792,472,0.36470588235294116,0.6595744680851063,47,85,108,26,sec_test_0002
m3_full,19521018,test,0.0,111,0,0.0,0.0,0.0,0.1111111111111111,1.009009009009009,0.7692307692307692,0.23076923076923078,91,21,0.183206106870229,0.96,50,262,9,1,sec_test_0003
m3_full,19521018,test,0.7,111,28,0.5714285714285714,0.14414414414414414,0.2302158273381295,0.13274336283185842,1.162162162162162,0.783012607830126,0.21698739216987392,1507,327,0.2909090909090909,0.64,50,110,113,15,sec_test_0003
m3_full,19521018,test,0.0,109,4,1.0,0.03669724770642202,0.07079646017699115,0.0,0.9724770642201835,0.8652849740932642,0.13471502590673576,193,26,0.20080321285140562,0.9615384615384616,52,249,17,0,sec_test_0004
m3_full,19521018,test,0.7,109,44,0.6590909090909091,0.26605504587155965,0.3790849673202614,0.2018348623853211,1.0091743119266054,0.7384799521244764,0.26152004787552363,1671,437,0.34782608695652173,0.6153846153846154,52,92,109,22,sec_test_0004
m3_full,19521018,test,0.0,107,8,0.75,0.056074766355140186,0.10434782608695652,0.06451612903225806,0.9813084112149533,0.7894736842105263,0.21052631578947367,399,84,0.2088888888888889,0.8703703703703703,54,225,31,2,sec_test_0005
m3_full,19521018,test,0.7,107,52,0.5961538461538461,0.2897196261682243,0.38993710691823896,0.24193548387096775,1.1401869158878504,0.7263969171483622,0.27360308285163776,2076,568,0.5416666666666666,0.48148148148148145,54,48,124,30,sec_test_0005
m3_full,19521018,test,0.0,108,0,0.0,0.0,0.0,0.1111111111111111,1.0,0.7425742574257426,0.25742574257425743,101,26,0.1937984496124031,0.9433962264150944,53,258,9,1,sec_test_0006
m3_full,19521018,test,0.7,108,38,0.6842105263157895,0.24074074074074073,0.3561643835616438,0.20535714285714285,1.0833333333333333,0.7427240977881258,0.2572759022118743,1718,442,0.37209302325581395,0.6037735849056604,53,86,112,23,sec_test_0006
m3_full,19521018,test,0.0,112,7,1.0,0.0625,0.11764705882352941,0.0,0.9375,0.8017241379310345,0.19827586206896552,232,46,0.18951612903225806,0.9591836734693877,49,248,18,0,sec_test_0007
m3_full,19521018,test,0.7,112,43,0.7441860465116279,0.2857142857142857,0.4129032258064516,0.1282051282051282,0.9464285714285714,0.7888009738283628,0.21119902617163724,1643,347,0.29896907216494845,0.5918367346938775,49,97,117,15,sec_test_0007
m3_full,19521018,test,0.0,106,6,1.0,0.05660377358490566,0.10714285714285715,0.03125,0.9811320754716981,0.8097826086956521,0.19021739130434784,368,70,0.22026431718061673,0.9090909090909091,55,227,32,1,sec_test_0008
m3_full,19521018,test,0.7,106,44,0.6363636363636364,0.2641509433962264,0.3733333333333333,0.2231404958677686,1.1226415094339623,0.7429483767961682,0.25705162320383185,1879,483,0.4626865671641791,0.5636363636363636,55,67,121,27,sec_test_0008
m3_full,19521018,test,0.0,108,6,0.8333333333333334,0.046296296296296294,0.08771929824561403,0.16666666666666666,0.9814814814814815,0.7182539682539683,0.28174603174603174,252,71,0.2066115702479339,0.9433962264150944,53,242,18,3,sec_test_0009
m3_full,19521018,test,0.7,108,39,0.6666666666666666,0.24074074074074073,0.35374149659863946,0.22950819672131148,1.1759259259259258,0.7875417130144605,0.21245828698553948,1798,382,0.4025974025974026,0.5849056603773585,53,77,122,28,sec_test_0009
m3_full,19521018,test,0.0,110,3,0.6666666666666666,0.01818181818181818,0.035398230088495575,0.0,0.990909090909091,0.896969696969697,0.10303030303030303,165,17,0.19367588932806323,0.9607843137254902,51,253,15,0,sec_test_0010
m3_full,19521018,test,0.7,110,41,0.8048780487804879,0.3,0.43708609271523174,0.15384615384615385,0.8454545454545455,0.7629255989911727,0.23707440100882723,1586,376,0.3137254901960784,0.6274509803921569,51,102,104,16,sec_test_0010
m3_full,19521018,test,0.0,98,4,1.0,0.04081632653061224,0.07843137254901959,0.03333333333333333,0.9693877551020408,0.8242424242424242,0.17575757575757575,330,58,0.22869955156950672,0.8095238095238095,63,223,30,1,sec_test_0011
m3_full,19521018,test,0.7,98,49,0.7755102040816326,0.3877551020408163,0.5170068027210885,0.1826086956521739,0.8877551020408163,0.737669376693767,0.2623306233062331,1845,484,0.49206349206349204,0.49206349206349204,63,63,115,21,sec_test_0011
m3_full,19521018,test,0.0,116,4,1.0,0.034482758620689655,0.06666666666666667,0.0,0.9655172413793104,0.8153846153846154,0.18461538461538463,130,24,0.17110266159695817,1.0,45,263,10,0,sec_test_0012
m3_full,19521018,test,0.7,116,45,0.7777777777777778,0.3017241379310345,0.43478260869565216,0.16379310344827586,0.9482758620689655,0.7795698924731183,0.22043010752688172,1674,369,0.30612244897959184,0.6666666666666666,45,98,116,19,sec_test_0012
m3_full,19521019,dev,0.0,113,30,0.7333333333333333,0.19469026548672566,0.3076923076923077,0.2073170731707317,1.0176991150442478,0.7345276872964169,0.26547231270358307,1228,326,0.27972027972027974,0.8333333333333334,48,143,82,17,sec_dev_0000
m3_full,19521019,dev,0.7,113,61,0.5081967213114754,0.2743362831858407,0.3563218390804598,0.38095238095238093,1.2831858407079646,0.7005323868677906,0.29946761313220943,2254,675,0.7777777777777778,0.5833333333333334,48,36,126,48,sec_dev_0000
m3_full,19521019,dev,0.0,111,19,0.5263157894736842,0.09009009009009009,0.15384615384615385,0.171875,1.054054054054054,0.678714859437751,0.321285140562249,996,320,0.21084337349397592,0.7,50,166,64,11,sec_dev_0001
m3_full,19521019,dev,0.7,111,47,0.574468085106383,0.24324324324324326,0.3417721518987342,0.264,1.2162162162162162,0.6878859857482185,0.3121140142517815,2105,657,0.5918367346938775,0.58,50,49,125,33,sec_dev_0001
m3_full,19521019,dev,0.0,112,21,0.7142857142857143,0.13392857142857142,0.22556390977443608,0.1780821917808219,1.0,0.718338399189463,0.281661600810537,987,278,0.23353293413173654,0.7959183673469388,49,167,73,13,sec_dev_0002
m3_full,19521019,dev,0.7,112,55,0.6909090909090909,0.3392857142857143,0.4550898203592814,0.21774193548387097,1.0446428571428572,0.6790571169537625,0.3209428830462375,2206,708,0.7,0.5714285714285714,49,40,124,27,sec_dev_0002
m3_full,19521019,dev,0.0,104,25,0.88,0.21153846153846154,0.34108527131782945,0.15625,0.8846153846153846,0.7279116465863453,0.2720883534136546,996,271,0.27044025157232704,0.7543859649122807,57,159,64,10,sec_dev_0003
m3_full,19521019,dev,0.7,104,50,0.76,0.36538461538461536,0.49350649350649345,0.23931623931623933,1.0288461538461537,0.7118141374196738,0.28818586258032625,2023,583,0.5686274509803921,0.5087719298245614,57,51,117,28,sec_dev_0003
m3_full,19521019,dev,0.0,117,27,0.8148148148148148,0.18803418803418803,0.3055555555555556,0.14285714285714285,0.8717948717948718,0.7334070796460177,0.2665929203539823,904,241,0.21428571428571427,0.8863636363636364,44,182,56,8,sec_dev_0004
m3_full,19521019,dev,0.7,117,66,0.7121212121212122,0.4017094017094017,0.5136612021857924,0.2956521739130435,0.905982905982906,0.7053364269141531,0.29466357308584684,2155,635,0.5686274509803921,0.6590909090909091,44,51,115,34,sec_dev_0004
m3_full,19521019,dev,0.0,121,35,0.8,0.23140495867768596,0.35897435897435903,0.14285714285714285,0.9338842975206612,0.7407704654895666,0.2592295345104334,1246,323,0.2214765100671141,0.825,40,149,84,12,sec_dev_0005
m3_full,19521019,dev,0.7,121,68,0.6617647058823529,0.371900826446281,0.47619047619047616,0.3308270676691729,1.1239669421487604,0.7039964866051822,0.29600351339481773,2277,674,0.6341463414634146,0.65,40,41,133,44,sec_dev_0005
m3_full,19521019,dev,0.0,106,22,0.9090909090909091,0.18867924528301888,0.3125,0.08955223880597014,0.9245283018867925,0.7820372398685651,0.21796276013143484,913,199,0.26627218934911245,0.8181818181818182,55,169,67,6,sec_dev_0006
m3_full,19521019,dev,0.7,106,57,0.7192982456140351,0.3867924528301887,0.5030674846625767,0.2,0.9622641509433962,0.7357664233576642,0.26423357664233577,2055,543,0.5918367346938775,0.5272727272727272,55,49,125,25,sec_dev_0006
m3_full,19521019,dev,0.0,107,29,0.6551724137931034,0.17757009345794392,0.27941176470588236,0.20833333333333334,0.9906542056074766,0.6985688729874777,0.30143112701252234,1118,337,0.28187919463087246,0.7777777777777778,54,149,72,15,sec_dev_0007
m3_full,19521019,dev,0.7,107,50,0.68,0.3177570093457944,0.43312101910828027,0.21311475409836064,1.0841121495327102,0.7093023255813953,0.29069767441860467,1978,575,0.4482758620689655,0.48148148148148145,54,58,122,26,sec_dev_0007
m3_full,19521019,dev,0.0,109,24,0.7083333333333334,0.1559633027522936,0.2556390977443609,0.15,0.9541284403669725,0.7333333333333334,0.26666666666666666,930,248,0.2222222222222222,0.7307692307692307,52,171,60,9,sec_dev_0008
m3_full,19521019,dev,0.7,109,52,0.6923076923076923,0.3302752293577982,0.4472049689440994,0.2956521739130435,1.055045871559633,0.697423887587822,0.30257611241217797,2135,646,0.6,0.5192307692307693,52,45,115,34,sec_dev_0008
m3_full,19521019,dev,0.0,110,32,0.65625,0.19090909090909092,0.295774647887324,0.2289156626506024,1.0454545454545454,0.7264957264957265,0.27350427350427353,1287,352,0.29850746268656714,0.7843137254901961,51,134,83,19,sec_dev_0009
m3_full,19521019,dev,0.7,110,55,0.5636363636363636,0.2818181818181818,0.37575757575757573,0.3046875,1.2272727272727273,0.7034203420342033,0.2965796579657966,2222,659,0.75,0.5294117647058824,51,36,128,39,sec_dev_0009
m3_full,19521019,dev,0.0,104,28,0.75,0.20192307692307693,0.31818181818181823,0.13513513513513514,0.9519230769230769,0.7394106813996317,0.2605893186003683,1086,283,0.28859060402684567,0.7543859649122807,57,149,74,10,sec_dev_0010
m3_full,19521019,dev,0.7,104,60,0.6333333333333333,0.36538461538461536,0.46341463414634143,0.23015873015873015,1.0769230769230769,0.7224334600760456,0.27756653992395436,2104,584,0.6190476190476191,0.45614035087719296,57,42,126,29,sec_dev_0010
m3_full,19521019,dev,0.0,105,28,0.6428571428571429,0.17142857142857143,0.2706766917293233,0.2807017543859649,0.9619047619047619,0.7311178247734139,0.2688821752265861,993,267,0.2546583850931677,0.7321428571428571,56,161,57,16,sec_dev_0011
m3_full,19521019,dev,0.7,105,56,0.5535714285714286,0.29523809523809524,0.38509316770186336,0.2831858407079646,1.0857142857142856,0.7113961519486927,0.28860384805130734,2027,585,0.5192307692307693,0.48214285714285715,56,52,113,32,sec_dev_0011
m3_full,19521019,test,0.0,110,28,0.75,0.19090909090909092,0.30434782608695654,0.18032786885245902,0.9090909090909091,0.7777777777777778,0.2222222222222222,999,222,0.24242424242424243,0.7843137254901961,51,165,61,11,sec_test_0000
m3_full,19521019,test,0.7,110,56,0.5714285714285714,0.2909090909090909,0.38554216867469876,0.3114754098360656,1.1727272727272726,0.7409867172675522,0.25901328273244784,2108,546,0.6041666666666666,0.5686274509803921,51,48,122,38,sec_test_0000
m3_full,19521019,test,0.0,106,35,0.7428571428571429,0.24528301886792453,0.36879432624113473,0.1780821917808219,0.8962264150943396,0.7236731255265375,0.2763268744734625,1187,328,0.3049645390070922,0.7818181818181819,55,141,73,13,sec_test_0001
m3_full,19521019,test,0.7,106,62,0.6290322580645161,0.36792452830188677,0.4642857142857143,0.25396825396825395,1.0660377358490567,0.720532319391635,0.279467680608365,2104,588,0.7045454545454546,0.5636363636363636,55,44,126,32,sec_test_0001
m3_full,19521019,test,0.0,114,27,0.4444444444444444,0.10526315789473684,0.1702127659574468,0.4074074074074074,1.0350877192982457,0.6629098360655737,0.33709016393442626,976,329,0.21511627906976744,0.7872340425531915,47,172,54,22,sec_test_0002
m3_full,19521019,test,0.7,114,59,0.559322033898305,0.2894736842105263,0.38150289017341044,0.37168141592920356,1.1842105263157894,0.6780978509373571,0.3219021490626429,2187,704,0.5777777777777777,0.5531914893617021,47,45,113,42,sec_test_0002
m3_full,19521019,test,0.0,111,19,0.631578947368421,0.10810810810810811,0.18461538461538465,0.17105263157894737,1.1081081081081081,0.7840236686390533,0.21597633136094674,1014,219,0.22085889570552147,0.72,50,163,76,13,sec_test_0003
m3_full,19521019,test,0.7,111,53,0.5849056603773585,0.27927927927927926,0.3780487804878049,0.2698412698412698,1.1801801801801801,0.7171239356669821,0.282876064333018,2114,598,0.5833333333333334,0.56,50,48,126,34,sec_test_0003
m3_full,19521019,test,0.0,109,28,0.75,0.1926605504587156,0.3065693430656935,0.16923076923076924,0.926605504587156,0.7033816425120774,0.2966183574879227,1035,307,0.25,0.7692307692307693,52,160,65,11,sec_test_0004
m3_full,19521019,test,0.7,109,58,0.6379310344827587,0.3394495412844037,0.44311377245508987,0.24166666666666667,1.018348623853211,0.7127450980392157,0.2872549019607843,2040,586,0.5370370370370371,0.5576923076923077,52,54,120,29,sec_test_0004
m3_full,19521019,test,0.0,107,26,0.8461538461538461,0.205607476635514,0.33082706766917297,0.1875,0.9345794392523364,0.7407407407407407,0.25925925925925924,1026,266,0.2578616352201258,0.7592592592592593,54,159,64,12,sec_test_0005
m3_full,19521019,test,0.7,107,54,0.6111111111111112,0.308411214953271,0.40993788819875776,0.2711864406779661,1.0654205607476634,0.7262487757100882,0.27375122428991183,2042,559,0.5576923076923077,0.5370370370370371,54,52,118,32,sec_test_0005
m3_full,19521019,test,0.0,108,22,0.5454545454545454,0.1111111111111111,0.1846153846153846,0.20967741935483872,1.0277777777777777,0.7402862985685071,0.25971370143149286,978,254,0.2545454545454545,0.7924528301886793,53,165,62,13,sec_test_0006
m3_full,19521019,test,0.7,108,49,0.5918367346938775,0.26851851851851855,0.36942675159235666,0.30434782608695654,1.1759259259259258,0.6924574209245742,0.3075425790754258,2055,632,0.5,0.49056603773584906,53,52,115,35,sec_test_0006
m3_full,19521019,test,0.0,112,22,0.6818181818181818,0.13392857142857142,0.22388059701492538,0.18461538461538463,1.0,0.7419689119170985,0.25803108808290154,965,249,0.21764705882352942,0.7551020408163265,49,170,65,12,sec_test_0007
m3_full,19521019,test,0.7,112,57,0.631578947368421,0.32142857142857145,0.42603550295857995,0.22131147540983606,1.0446428571428572,0.7169540229885057,0.28304597701149425,2088,591,0.5192307692307693,0.5510204081632653,49,52,122,27,sec_test_0007
m3_full,19521019,test,0.0,106,23,0.6956521739130435,0.1509433962264151,0.24806201550387597,0.17647058823529413,1.009433962264151,0.7624750499001995,0.2375249500998004,1002,238,0.24375,0.7090909090909091,55,160,68,12,sec_test_0008
m3_full,19521019,test,0.7,106,52,0.5769230769230769,0.2830188679245283,0.379746835443038,0.2542372881355932,1.150943396226415,0.7284136546184738,0.2715863453815261,1992,541,0.5178571428571429,0.5272727272727272,55,56,118,30,sec_test_0008
m3_full,19521019,test,0.0,108,21,0.7619047619047619,0.14814814814814814,0.24806201550387597,0.13636363636363635,0.9629629629629629,0.7544378698224852,0.2455621301775148,1014,249,0.2360248447204969,0.7169811320754716,53,161,66,9,sec_test_0009
m3_full,19521019,test,0.7,108,50,0.56,0.25925925925925924,0.35443037974683544,0.29411764705882354,1.1759259259259258,0.7165649929610511,0.28343500703894886,2131,604,0.5681818181818182,0.4716981132075472,53,44,119,35,sec_test_0009
m3_full,19521019,test,0.0,110,19,0.8947368421052632,0.15454545454545454,0.26356589147286824,0.1111111111111111,0.9363636363636364,0.8015463917525774,0.19845360824742267,776,154,0.22872340425531915,0.8431372549019608,51,188,54,6,sec_test_0010
m3_full,19521019,test,0.7,110,47,0.6808510638297872,0.2909090909090909,0.40764331210191085,0.2619047619047619,1.1363636363636365,0.7420159680638723,0.25798403193612773,2004,517,0.4482758620689655,0.5098039215686274,51,58,126,33,sec_test_0010
m3_full,19521019,test,0.0,98,20,0.7,0.14285714285714285,0.23728813559322035,0.16901408450704225,1.0510204081632653,0.7281648675171737,0.2718351324828263,1019,277,0.3,0.7142857142857143,63,150,71,12,sec_test_0011
m3_full,19521019,test,0.7,98,45,0.5111111111111111,0.23469387755102042,0.32167832167832167,0.2966101694915254,1.2346938775510203,0.7063572149344097,0.29364278506559033,1982,582,0.5918367346938775,0.4603174603174603,63,49,118,35,sec_test_0011
m3_full,19521019,test,0.0,116,23,0.782608695652174,0.15517241379310345,0.2589928057553957,0.2465753424657534,1.0258620689655173,0.7256385998107853,0.27436140018921473,1057,290,0.2073170731707317,0.7555555555555555,45,164,73,18,sec_test_0012
m3_full,19521019,test,0.7,116,57,0.6491228070175439,0.31896551724137934,0.42774566473988446,0.3181818181818182,1.1982758620689655,0.7200176366843034,0.27998236331569665,2268,635,0.7027027027027027,0.5777777777777777,45,37,132,42,sec_test_0012
m3_full,19521020,dev,0.0,113,27,0.5555555555555556,0.13274336283185842,0.21428571428571433,0.2318840579710145,1.0707964601769913,0.7234042553191489,0.2765957446808511,1081,299,0.2578616352201258,0.8541666666666666,48,159,69,16,sec_dev_0000
m3_full,19521020,dev,0.7,113,60,0.5833333333333334,0.30973451327433627,0.4046242774566474,0.2074074074074074,1.168141592920354,0.7563549160671463,0.24364508393285372,2085,508,0.5384615384615384,0.5833333333333334,48,52,135,28,sec_dev_0000
m3_full,19521020,dev,0.0,111,22,0.7272727272727273,0.14414414414414414,0.2406015037593985,0.24074074074074073,0.963963963963964,0.7307692307692308,0.2692307692307692,936,252,0.2254335260115607,0.78,50,173,54,13,sec_dev_0001
m3_full,19521020,dev,0.7,111,59,0.6440677966101694,0.34234234234234234,0.4470588235294118,0.26356589147286824,1.09009009009009,0.720581553839164,0.279418446160836,2201,615,0.6666666666666666,0.52,50,39,129,34,sec_dev_0001
m3_full,19521020,dev,0.0,112,15,0.7333333333333333,0.09821428571428571,0.1732283464566929,0.13513513513513514,0.9553571428571429,0.7296849087893864,0.2703150912106136,603,163,0.19138755980861244,0.8163265306122449,49,209,37,5,sec_dev_0002
m3_full,19521020,dev,0.7,112,52,0.6730769230769231,0.3125,0.426829268292683,0.22131147540983606,1.0357142857142858,0.7160367722165475,0.2839632277834525,1958,556,0.4153846153846154,0.5510204081632653,49,65,122,27,sec_dev_0002
m3_full,19521020,dev,0.0,104,18,0.8333333333333334,0.14423076923076922,0.24590163934426226,0.10344827586206896,0.9326923076923077,0.8044041450777202,0.1955958549222798,772,151,0.25274725274725274,0.8070175438596491,57,182,58,6,sec_dev_0003
m3_full,19521020,dev,0.7,104,58,0.6724137931034483,0.375,0.4814814814814814,0.20610687022900764,1.1057692307692308,0.7395112955278931,0.260488704472107,2169,565,0.7714285714285715,0.47368421052631576,57,35,131,27,sec_dev_0003
m3_full,19521020,dev,0.0,117,25,0.76,0.1623931623931624,0.26760563380281693,0.2537313432835821,1.0,0.7561196736174071,0.24388032638259294,1103,269,0.2236024844720497,0.8181818181818182,44,161,67,17,sec_dev_0004
m3_full,19521020,dev,0.7,117,55,0.6545454545454545,0.3076923076923077,0.4186046511627907,0.2553191489361702,1.188034188034188,0.7295263390880921,0.27047366091190794,2259,611,0.6578947368421053,0.5681818181818182,44,38,141,36,sec_dev_0004
m3_full,19521020,dev,0.0,121,23,0.782608695652174,0.1487603305785124,0.25,0.1774193548387097,0.9917355371900827,0.755011135857461,0.24498886414253898,898,220,0.1881720430107527,0.875,40,186,62,11,sec_dev_0005
m3_full,19521020,dev,0.7,121,68,0.8235294117647058,0.4628099173553719,0.5925925925925926,0.20833333333333334,0.9504132231404959,0.7379702537182853,0.26202974628171477,2286,599,0.6923076923076923,0.675,40,39,144,30,sec_dev_0005
m3_full,19521020,dev,0.0,106,15,0.6,0.08490566037735849,0.1487603305785124,0.20930232558139536,1.0188679245283019,0.7656012176560122,0.2343987823439878,657,154,0.22842639593908629,0.8181818181818182,55,197,43,9,sec_dev_0006
m3_full,19521020,dev,0.7,106,45,0.6666666666666666,0.2830188679245283,0.3973509933774834,0.16666666666666666,1.1603773584905661,0.7730532786885246,0.22694672131147542,1952,443,0.4827586206896552,0.509090909090909,55,58,138,23,sec_dev_0006
m3_full,19521020,dev,0.0,107,26,0.6538461538461539,0.1588785046728972,0.2556390977443609,0.1896551724137931,0.9532710280373832,0.6963519313304721,0.30364806866952787,932,283,0.2603550295857988,0.8148148148148148,54,169,58,11,sec_dev_0007
m3_full,19521020,dev,0.7,107,57,0.5964912280701754,0.3177570093457944,0.4146341463414634,0.2698412698412698,1.102803738317757,0.6875580315691736,0.3124419684308264,2154,673,0.675,0.5,54,40,126,34,sec_dev_0007
m3_full,19521020,dev,0.0,109,16,0.75,0.11009174311926606,0.192,0.18867924528301888,1.0091743119266054,0.7516087516087516,0.2483912483912484,777,193,0.22459893048128343,0.8076923076923077,52,187,53,10,sec_dev_0008
m3_full,19521020,dev,0.7,109,53,0.660377358490566,0.3211009174311927,0.4320987654320988,0.26717557251908397,1.128440366972477,0.7289073305670817,0.2710926694329184,2169,588,0.675,0.5192307692307693,52,40,131,35,sec_dev_0008
m3_full,19521020,dev,0.0,110,24,0.6666666666666666,0.14545454545454545,0.23880597014925373,0.21875,1.009090909090909,0.7343096234309623,0.26569037656903766,956,254,0.28402366863905326,0.9411764705882353,51,169,64,14,sec_dev_0009
m3_full,19521020,dev,0.7,110,55,0.6909090909090909,0.34545454545454546,0.4606060606060606,0.2992125984251969,1.1272727272727272,0.7185655923740354,0.2814344076259646,2203,620,0.6842105263157895,0.5098039215686274,51,38,127,38,sec_dev_0009
m3_full,19521020,dev,0.0,104,21,0.7619047619047619,0.15384615384615385,0.256,0.20833333333333334,0.9230769230769231,0.7927461139896373,0.20725388601036268,772,160,0.2786885245901639,0.8947368421052632,57,183,48,10,sec_dev_0010
m3_full,19521020,dev,0.7,104,57,0.7368421052631579,0.40384615384615385,0.5217391304347826,0.23140495867768596,0.9519230769230769,0.7538769384692346,0.24612306153076538,1999,492,0.5849056603773585,0.543859649122807,57,53,121,28,sec_dev_0010
m3_full,19521020,dev,0.0,105,32,0.6875,0.20952380952380953,0.32116788321167883,0.1728395061728395,0.9714285714285714,0.7820186598812553,0.2179813401187447,1179,257,0.29285714285714287,0.7321428571428571,56,140,81,14,sec_dev_0011
m3_full,19521020,dev,0.7,105,66,0.6515151515151515,0.4095238095238095,0.5029239766081871,0.19708029197080293,1.0476190476190477,0.7516718680338832,0.2483281319661168,2243,557,0.8928571428571429,0.44642857142857145,56,28,137,27,sec_dev_0011
m3_full,19521020,test,0.0,110,20,0.75,0.13636363636363635,0.23076923076923075,0.23529411764705882,0.9727272727272728,0.7693282636248415,0.23067173637515842,789,182,0.2192513368983957,0.803921568627451,51,187,51,12,sec_test_0000
m3_full,19521020,test,0.7,110,60,0.75,0.4090909090909091,0.5294117647058824,0.25190839694656486,0.990909090909091,0.758376592732421,0.24162340726757905,2119,512,0.6521739130434783,0.5882352941176471,51,46,131,33,sec_test_0000
m3_full,19521020,test,0.0,106,23,0.6956521739130435,0.1509433962264151,0.24806201550387597,0.14035087719298245,0.9811320754716981,0.7844727694090382,0.21552723059096177,863,186,0.25142857142857145,0.8,55,175,57,8,sec_test_0001
m3_full,19521020,test,0.7,106,56,0.75,0.39622641509433965,0.5185185185185185,0.16911764705882354,1.028301886792453,0.7621268656716418,0.23787313432835822,2144,510,0.717948717948718,0.509090909090909,55,39,136,23,sec_test_0001
m3_full,19521020,test,0.0,114,22,0.9090909090909091,0.17543859649122806,0.2941176470588235,0.23076923076923078,0.9298245614035088,0.7482915717539863,0.2517084282460137,878,221,0.21428571428571427,0.8297872340425532,47,182,52,12,sec_test_0002
m3_full,19521020,test,0.7,114,56,0.7321428571428571,0.35964912280701755,0.48235294117647054,0.24603174603174602,1.0789473684210527,0.7208872458410351,0.27911275415896486,2164,604,0.6086956521739131,0.5957446808510638,47,46,126,31,sec_test_0002
m3_full,19521020,test,0.0,111,23,0.6956521739130435,0.14414414414414414,0.23880597014925373,0.19117647058823528,1.0,0.716572504708098,0.2834274952919021,1062,301,0.20125786163522014,0.64,50,159,68,13,sec_test_0003
m3_full,19521020,test,0.7,111,57,0.631578947368421,0.32432432432432434,0.42857142857142855,0.25190839694656486,1.1441441441441442,0.7158737216540685,0.2841262783459315,2249,639,0.7647058823529411,0.52,50,34,131,33,sec_test_0003
m3_full,19521020,test,0.0,109,18,0.8333333333333334,0.13761467889908258,0.2362204724409449,0.11320754716981132,0.963302752293578,0.7846763540290621,0.21532364597093792,757,163,0.2275132275132275,0.8269230769230769,52,189,53,6,sec_test_0004
m3_full,19521020,test,0.7,109,53,0.6981132075471698,0.3394495412844037,0.4567901234567901,0.216,1.0091743119266054,0.7637717121588089,0.23622828784119107,2015,476,0.4642857142857143,0.5,52,56,125,27,sec_test_0004
m3_full,19521020,test,0.0,107,24,0.7083333333333334,0.1588785046728972,0.2595419847328244,0.20689655172413793,0.9626168224299065,0.7736051502145923,0.22639484978540772,932,211,0.2603550295857988,0.8148148148148148,54,169,58,12,sec_test_0005
m3_full,19521020,test,0.7,107,58,0.6896551724137931,0.37383177570093457,0.48484848484848486,0.22058823529411764,1.0841121495327102,0.7562388591800356,0.24376114081996436,2244,547,0.8333333333333334,0.46296296296296297,54,30,136,30,sec_test_0005
m3_full,19521020,test,0.0,108,18,0.6666666666666666,0.1111111111111111,0.1904761904761905,0.09803921568627451,0.9537037037037037,0.7658998646820028,0.23410013531799728,739,173,0.21578947368421053,0.7735849056603774,53,190,51,5,sec_test_0006
m3_full,19521020,test,0.7,108,60,0.7,0.3888888888888889,0.5,0.24603174603174602,1.0462962962962963,0.7484047402005469,0.2515952597994531,2194,552,0.7297297297297297,0.5094339622641509,53,37,126,31,sec_test_0006
m3_full,19521020,test,0.0,112,29,0.7241379310344828,0.1875,0.29787234042553196,0.17647058823529413,0.9553571428571429,0.7531194295900179,0.24688057040998218,1122,277,0.24025974025974026,0.7551020408163265,49,154,68,12,sec_test_0007
m3_full,19521020,test,0.7,112,59,0.5932203389830508,0.3125,0.40935672514619886,0.30952380952380953,1.1428571428571428,0.7348901098901099,0.2651098901098901,2184,579,0.6190476190476191,0.5306122448979592,49,42,126,39,sec_test_0007
m3_full,19521020,test,0.0,106,20,0.6,0.11320754716981132,0.1904761904761905,0.1527777777777778,1.0471698113207548,0.7576687116564418,0.24233128834355827,978,237,0.25925925925925924,0.7636363636363637,55,162,72,11,sec_test_0008
m3_full,19521020,test,0.7,106,63,0.5873015873015873,0.3490566037735849,0.4378698224852071,0.24615384615384617,1.1320754716981132,0.7235294117647059,0.27647058823529413,2210,611,0.8181818181818182,0.4909090909090909,55,33,130,32,sec_test_0008
m3_full,19521020,test,0.0,108,12,0.8333333333333334,0.09259259259259259,0.16666666666666666,0.10204081632653061,1.0092592592592593,0.8161648177496038,0.1838351822503962,631,116,0.22388059701492538,0.8490566037735849,53,201,49,5,sec_test_0009
m3_full,19521020,test,0.7,108,53,0.6415094339622641,0.3148148148148148,0.422360248447205,0.25833333333333336,1.0740740740740742,0.7584158415841584,0.24158415841584158,2020,488,0.5636363636363636,0.5849056603773585,53,55,120,31,sec_test_0009
m3_full,19521020,test,0.0,110,19,0.6842105263157895,0.11818181818181818,0.20155038759689922,0.17543859649122806,1.0272727272727273,0.7784290738569754,0.22157092614302462,853,189,0.2222222222222222,0.7843137254901961,51,180,57,10,sec_test_0010
m3_full,19521020,test,0.7,110,51,0.6862745098039216,0.3181818181818182,0.43478260869565216,0.20437956204379562,1.1454545454545455,0.7553750597228859,0.24462494027711418,2093,512,0.5625,0.5294117647058824,51,48,137,28,sec_test_0010
m3_full,19521020,test,0.0,98,29,0.5517241379310345,0.16326530612244897,0.25196850393700787,0.18840579710144928,0.9489795918367347,0.7286821705426356,0.2713178294573643,1161,315,0.2867647058823529,0.6190476190476191,63,136,69,13,sec_test_0011
m3_full,19521020,test,0.7,98,66,0.6060606060606061,0.40816326530612246,0.48780487804878053,0.2204724409448819,0.9897959183673469,0.7176577394462097,0.2823422605537903,2203,622,0.9615384615384616,0.3968253968253968,63,26,127,28,sec_test_0011
m3_full,19521020,test,0.0,116,14,0.7142857142857143,0.08620689655172414,0.15384615384615388,0.14285714285714285,1.0086206896551724,0.7818740399385561,0.21812596006144394,651,142,0.18840579710144928,0.8666666666666667,45,207,49,7,sec_test_0012
m3_full,19521020,test,0.7,116,67,0.6865671641791045,0.39655172413793105,0.5027322404371585,0.2713178294573643,1.0172413793103448,0.7259973695747479,0.2740026304252521,2281,625,0.7222222222222222,0.5777777777777777,45,36,129,35,sec_test_0012
m3_full,19521021,dev,0.0,113,19,0.7894736842105263,0.13274336283185842,0.2272727272727273,0.1875,0.9823008849557522,0.7649572649572649,0.23504273504273504,936,220,0.2413793103448276,0.875,48,174,64,12,sec_dev_0000
m3_full,19521021,dev,0.7,113,55,0.6545454545454545,0.3185840707964602,0.42857142857142855,0.3023255813953488,1.1592920353982301,0.7121279431363838,0.28787205686361617,2251,648,0.6944444444444444,0.5208333333333334,48,36,129,39,sec_dev_0000
m3_full,19521021,dev,0.0,111,14,0.7142857142857143,0.09009009009009009,0.16,0.1702127659574468,0.990990990990991,0.76049766718507,0.23950233281493002,643,154,0.20689655172413793,0.84,50,203,47,8,sec_dev_0001
m3_full,19521021,dev,0.7,111,55,0.7454545454545455,0.36936936936936937,0.4939759036144579,0.25806451612903225,1.018018018018018,0.7236467236467237,0.27635327635327633,2106,582,0.5306122448979592,0.52,50,49,124,32,sec_dev_0001
m3_full,19521021,dev,0.0,112,9,0.8888888888888888,0.07142857142857142,0.1322314049586777,0.047619047619047616,0.9375,0.8208661417322834,0.17913385826771652,508,91,0.2018348623853211,0.8979591836734694,49,218,42,2,sec_dev_0002
m3_full,19521021,dev,0.7,112,56,0.7142857142857143,0.35714285714285715,0.4761904761904762,0.2926829268292683,1.0267857142857142,0.6966779008184882,0.3033220991815118,2077,630,0.5471698113207547,0.5918367346938775,49,53,123,36,sec_dev_0002
m3_full,19521021,dev,0.0,104,13,0.8461538461538461,0.10576923076923077,0.18803418803418803,0.02,0.9423076923076923,0.8101694915254237,0.18983050847457628,590,112,0.25870646766169153,0.9122807017543859,57,201,50,1,sec_dev_0003
m3_full,19521021,dev,0.7,104,61,0.6065573770491803,0.3557692307692308,0.4484848484848485,0.17293233082706766,1.1153846153846154,0.7360406091370558,0.2639593908629442,2167,572,0.7714285714285715,0.47368421052631576,57,35,133,23,sec_dev_0003
m3_full,19521021,dev,0.0,117,23,0.6086956521739131,0.11965811965811966,0.2,0.17857142857142858,0.9487179487179487,0.7721822541966427,0.2278177458033573,834,190,0.21164021164021163,0.9090909090909091,44,189,56,10,sec_dev_0004
m3_full,19521021,dev,0.7,117,66,0.6212121212121212,0.3504273504273504,0.44808743169398907,0.2734375,1.0512820512820513,0.7037197231833909,0.296280276816609,2312,685,0.7352941176470589,0.5681818181818182,44,34,128,35,sec_dev_0004
m3_full,19521021,dev,0.0,121,20,0.85,0.14049586776859505,0.24113475177304966,0.16129032258064516,0.9173553719008265,0.7634032634032634,0.2365967365967366,858,203,0.18947368421052632,0.9,40,190,62,10,sec_dev_0005
m3_full,19521021,dev,0.7,121,73,0.6986301369863014,0.4214876033057851,0.5257731958762886,0.33076923076923076,1.024793388429752,0.7083682008368201,0.29163179916317994,2390,697,0.8333333333333334,0.625,40,30,130,43,sec_dev_0005
m3_full,19521021,dev,0.0,106,11,0.6363636363636364,0.0660377358490566,0.11965811965811965,0.17777777777777778,0.9905660377358491,0.8132231404958677,0.18677685950413223,605,113,0.24257425742574257,0.8909090909090909,55,202,45,8,sec_dev_0006
m3_full,19521021,dev,0.7,106,57,0.6491228070175439,0.3490566037735849,0.4539877300613497,0.2677165354330709,1.1132075471698113,0.7221970040853382,0.27780299591466184,2203,612,0.7941176470588235,0.4909090909090909,55,34,127,34,sec_dev_0006
m3_full,19521021,dev,0.0,107,25,0.56,0.1308411214953271,0.2121212121212121,0.1917808219178082,1.0093457943925233,0.7407757805108799,0.25922421948912017,1057,274,0.25806451612903225,0.7407407407407407,54,155,73,14,sec_dev_0007
m3_full,19521021,dev,0.7,107,57,0.5964912280701754,0.3177570093457944,0.4146341463414634,0.2992125984251969,1.1962616822429906,0.6898817345597897,0.31011826544021026,2283,708,0.9259259259259259,0.46296296296296297,54,27,127,38,sec_dev_0007
m3_full,19521021,dev,0.0,109,24,0.7083333333333334,0.1559633027522936,0.2556390977443609,0.09090909090909091,0.8807339449541285,0.7656050955414013,0.23439490445859873,785,184,0.23118279569892472,0.8269230769230769,52,186,55,5,sec_dev_0008
m3_full,19521021,dev,0.7,109,61,0.6557377049180327,0.3669724770642202,0.4705882352941177,0.2421875,1.055045871559633,0.7098092643051771,0.2901907356948229,2202,639,0.7567567567567568,0.5384615384615384,52,37,128,31,sec_dev_0008
m3_full,19521021,dev,0.0,110,13,0.8461538461538461,0.1,0.1788617886178862,0.13333333333333333,0.9727272727272728,0.7936708860759494,0.20632911392405062,790,163,0.23118279569892472,0.8431372549019608,51,186,60,8,sec_dev_0009
m3_full,19521021,dev,0.7,110,55,0.7454545454545455,0.37272727272727274,0.496969696969697,0.208955223880597,1.0454545454545454,0.7486213235294117,0.25137867647058826,2176,547,0.7,0.5490196078431373,51,40,134,28,sec_dev_0009
m3_full,19521021,dev,0.0,104,21,0.8571428571428571,0.17307692307692307,0.28800000000000003,0.12307692307692308,0.9038461538461539,0.8,0.2,885,177,0.2823529411764706,0.8421052631578947,57,170,65,8,sec_dev_0010
m3_full,19521021,dev,0.7,104,59,0.6779661016949152,0.38461538461538464,0.49079754601227,0.2366412213740458,1.0673076923076923,0.7261410788381742,0.27385892116182575,2169,594,0.7428571428571429,0.45614035087719296,57,35,131,31,sec_dev_0010
m3_full,19521021,dev,0.0,105,16,0.75,0.11428571428571428,0.19834710743801653,0.1388888888888889,0.9238095238095239,0.8183520599250936,0.18164794007490637,534,97,0.24401913875598086,0.9107142857142857,56,209,36,5,sec_dev_0011
m3_full,19521021,dev,0.7,105,65,0.5230769230769231,0.3238095238095238,0.4,0.31451612903225806,1.1333333333333333,0.7174738841405508,0.2825261158594492,2106,595,0.627906976744186,0.48214285714285715,56,43,124,39,sec_dev_0011
m3_full,19521021,test,0.0,110,21,0.8095238095238095,0.15454545454545454,0.2595419847328244,0.08620689655172414,0.9090909090909091,0.8358585858585859,0.16414141414141414,792,130,0.23118279569892472,0.8431372549019608,51,186,58,5,sec_test_0000
m3_full,19521021,test,0.7,110,63,0.6825396825396826,0.39090909090909093,0.4971098265895954,0.2698412698412698,1.0272727272727273,0.7450980392156863,0.2549019607843137,2244,572,0.7352941176470589,0.49019607843137253,51,34,126,34,sec_test_0000
m3_full,19521021,test,0.0,106,24,0.7083333333333334,0.16037735849056603,0.26153846153846155,0.16216216216216217,0.9528301886792453,0.7702702702702703,0.22972972972972974,1036,238,0.2564102564102564,0.7272727272727273,55,156,74,12,sec_test_0001
m3_full,19521021,test,0.7,106,55,0.6181818181818182,0.32075471698113206,0.422360248447205,0.2706766917293233,1.1981132075471699,0.7178460169114375,0.28215398308856254,2247,634,0.8620689655172413,0.45454545454545453,55,29,133,36,sec_test_0001
m3_full,19521021,test,0.0,114,15,0.6,0.07894736842105263,0.1395348837209302,0.15517241379310345,1.0263157894736843,0.7901554404145078,0.20984455958549222,772,162,0.21875,0.8936170212765957,47,192,58,9,sec_test_0002
m3_full,19521021,test,0.7,114,54,0.6666666666666666,0.3157894736842105,0.42857142857142855,0.3387096774193548,1.1842105263157894,0.6927549194991056,0.30724508050089444,2236,687,0.717948717948718,0.5957446808510638,47,39,124,42,sec_test_0002
m3_full,19521021,test,0.0,111,12,0.75,0.08108108108108109,0.14634146341463414,0.08695652173913043,0.9459459459459459,0.8047945205479452,0.1952054794520548,584,114,0.20574162679425836,0.86,50,209,46,4,sec_test_0003
m3_full,19521021,test,0.7,111,57,0.7192982456140351,0.36936936936936937,0.4880952380952381,0.22137404580152673,1.0810810810810811,0.7101839389860924,0.28981606101390756,2229,646,0.6944444444444444,0.5,50,36,131,29,sec_test_0003
m3_full,19521021,test,0.0,109,12,0.9166666666666666,0.10091743119266056,0.18181818181818182,0.08163265306122448,0.926605504587156,0.8309178743961353,0.16908212560386474,621,105,0.20689655172413793,0.8076923076923077,52,203,49,4,sec_test_0004
m3_full,19521021,test,0.7,109,53,0.660377358490566,0.3211009174311927,0.4320987654320988,0.2764227642276423,1.073394495412844,0.7194000967585874,0.28059990324141265,2067,580,0.5098039215686274,0.5,52,51,123,34,sec_test_0004
m3_full,19521021,test,0.0,107,10,0.8,0.07476635514018691,0.13675213675213674,0.1,1.0,0.8507936507936508,0.1492063492063492,630,94,0.225,0.8333333333333334,54,200,50,5,sec_test_0005
m3_full,19521021,test,0.7,107,63,0.7301587301587301,0.42990654205607476,0.5411764705882353,0.2903225806451613,0.9439252336448598,0.7322551662174304,0.26774483378256964,2226,596,0.7575757575757576,0.46296296296296297,54,33,124,36,sec_test_0005
m3_full,19521021,test,0.0,108,5,1.0,0.046296296296296294,0.08849557522123894,0.05714285714285714,0.9814814814814815,0.8285714285714285,0.17142857142857143,385,66,0.20704845814977973,0.8867924528301887,53,227,35,2,sec_test_0006
m3_full,19521021,test,0.7,108,48,0.75,0.3333333333333333,0.46153846153846156,0.264,1.1018518518518519,0.7524475524475525,0.24755244755244754,2145,531,0.6428571428571429,0.5094339622641509,53,42,125,33,sec_test_0006
m3_full,19521021,test,0.0,112,22,0.8636363636363636,0.16964285714285715,0.2835820895522388,0.16981132075471697,0.8839285714285714,0.7497048406139315,0.2502951593860685,847,212,0.21311475409836064,0.7959183673469388,49,183,53,9,sec_test_0007
m3_full,19521021,test,0.7,112,62,0.6612903225806451,0.36607142857142855,0.47126436781609193,0.2661290322580645,1.0089285714285714,0.709471766848816,0.290528233151184,2196,638,0.6341463414634146,0.5306122448979592,49,41,124,33,sec_test_0007
m3_full,19521021,test,0.0,106,11,0.7272727272727273,0.07547169811320754,0.13675213675213674,0.08,0.9905660377358491,0.7841269841269841,0.21587301587301588,630,136,0.22613065326633167,0.8181818181818182,55,199,50,4,sec_test_0008
m3_full,19521021,test,0.7,106,54,0.6481481481481481,0.330188679245283,0.43749999999999994,0.2440944881889764,1.1037735849056605,0.7110494683310218,0.28895053166897827,2163,625,0.7105263157894737,0.4909090909090909,55,38,127,31,sec_test_0008
m3_full,19521021,test,0.0,108,5,0.4,0.018518518518518517,0.035398230088495575,0.075,1.0185185185185186,0.8431818181818181,0.15681818181818183,440,69,0.20361990950226244,0.8490566037735849,53,221,40,3,sec_test_0009
m3_full,19521021,test,0.7,108,59,0.576271186440678,0.3148148148148148,0.40718562874251496,0.2966101694915254,1.1111111111111112,0.728882833787466,0.27111716621253407,2202,597,0.7297297297297297,0.5094339622641509,53,37,118,35,sec_test_0009
m3_full,19521021,test,0.0,110,12,0.75,0.08181818181818182,0.14754098360655737,0.10256410256410256,0.9727272727272728,0.8116760828625236,0.18832391713747645,531,100,0.20093457943925233,0.8431372549019608,51,214,39,4,sec_test_0010
m3_full,19521021,test,0.7,110,64,0.65625,0.38181818181818183,0.48275862068965525,0.265625,1.0545454545454545,0.7477396021699819,0.2522603978300181,2212,558,0.7027027027027027,0.5098039215686274,51,37,128,34,sec_test_0010
m3_full,19521021,test,0.0,98,13,0.7692307692307693,0.10204081632653061,0.18018018018018017,0.058823529411764705,0.9489795918367347,0.851373182552504,0.14862681744749595,619,92,0.2916666666666667,0.8888888888888888,63,192,51,3,sec_test_0011
m3_full,19521021,test,0.7,98,53,0.5849056603773585,0.3163265306122449,0.4105960264900662,0.24427480916030533,1.1938775510204083,0.7279656979514054,0.2720343020485946,2099,571,0.7222222222222222,0.4126984126984127,63,36,131,32,sec_test_0011
m3_full,19521021,test,0.0,116,9,0.6666666666666666,0.05172413793103448,0.096,0.1111111111111111,1.0,0.8419047619047619,0.1580952380952381,525,83,0.19090909090909092,0.9333333333333333,45,220,45,5,sec_test_0012
m3_full,19521021,test,0.7,116,56,0.5892857142857143,0.28448275862068967,0.3837209302325582,0.3359375,1.206896551724138,0.716696269982238,0.283303730017762,2252,638,0.6666666666666666,0.5777777777777777,45,39,128,43,sec_test_0012
m3_full,19521022,dev,0.0,113,11,0.5454545454545454,0.05309734513274336,0.0967741935483871,0.25,1.079646017699115,0.6983870967741935,0.3016129032258065,620,187,0.20673076923076922,0.8958333333333334,48,208,40,10,sec_dev_0000
m3_full,19521022,dev,0.7,113,51,0.5294117647058824,0.23893805309734514,0.32926829268292684,0.2608695652173913,1.1858407079646018,0.7090909090909091,0.2909090909090909,1925,560,0.45714285714285713,0.6666666666666666,48,70,115,30,sec_dev_0000
m3_full,19521022,dev,0.0,111,6,0.8333333333333334,0.04504504504504504,0.08547008547008547,0.07692307692307693,0.9819819819819819,0.8407643312101911,0.1592356687898089,314,50,0.20588235294117646,0.98,50,238,26,2,sec_dev_0001
m3_full,19521022,dev,0.7,111,47,0.7021276595744681,0.2972972972972973,0.4177215189873418,0.26785714285714285,1.063063063063063,0.6940144478844169,0.3059855521155831,1938,593,0.4626865671641791,0.62,50,67,112,30,sec_dev_0001
m3_full,19521022,dev,0.0,112,13,0.6153846153846154,0.07142857142857142,0.128,0.0975609756097561,0.9821428571428571,0.7504393673110721,0.24956063268892795,569,142,0.19339622641509435,0.8367346938775511,49,212,41,4,sec_dev_0002
m3_full,19521022,dev,0.7,112,61,0.6229508196721312,0.3392857142857143,0.4393063583815029,0.2833333333333333,1.0357142857142858,0.6899543378995434,0.31004566210045664,2190,679,0.6428571428571429,0.5510204081632653,49,42,120,34,sec_dev_0002
m3_full,19521022,dev,0.0,104,19,0.5789473684210527,0.10576923076923077,0.17886178861788618,0.1702127659574468,1.0,0.7307152875175316,0.26928471248246844,713,192,0.23809523809523808,0.7894736842105263,57,189,47,8,sec_dev_0003
m3_full,19521022,dev,0.7,104,56,0.6607142857142857,0.3557692307692308,0.4625,0.20967741935483872,1.0288461538461537,0.7278978388998035,0.27210216110019647,2036,554,0.5510204081632653,0.47368421052631576,57,49,124,26,sec_dev_0003
m3_full,19521022,dev,0.0,117,15,0.8,0.10256410256410256,0.18181818181818182,0.1891891891891892,0.9401709401709402,0.7655986509274874,0.23440134907251264,593,139,0.19534883720930232,0.9545454545454546,44,215,37,7,sec_dev_0004
m3_full,19521022,dev,0.7,117,52,0.6153846153846154,0.27350427350427353,0.37869822485207105,0.3050847457627119,1.1282051282051282,0.7269076305220883,0.27309236947791166,1992,544,0.4626865671641791,0.7045454545454546,44,67,118,36,sec_dev_0004
m3_full,19521022,dev,0.0,121,30,0.6666666666666666,0.1652892561983471,0.26490066225165565,0.2222222222222222,0.9752066115702479,0.728956228956229,0.27104377104377103,1188,322,0.21153846153846154,0.825,40,156,72,16,sec_dev_0005
m3_full,19521022,dev,0.7,121,58,0.5,0.2396694214876033,0.3240223463687151,0.4094488188976378,1.2892561983471074,0.6886277801091062,0.3113722198908938,2383,742,0.8064516129032258,0.625,40,31,127,52,sec_dev_0005
m3_full,19521022,dev,0.0,106,4,1.0,0.03773584905660377,0.07272727272727272,0.06666666666666667,0.9622641509433962,0.8,0.2,185,37,0.2145748987854251,0.9636363636363636,55,247,15,1,sec_dev_0006
m3_full,19521022,dev,0.7,106,37,0.6756756756756757,0.2358490566037736,0.34965034965034963,0.26744186046511625,1.0,0.7174855491329479,0.282514450867052,1384,391,0.31666666666666665,0.6909090909090909,55,120,86,23,sec_dev_0006
m3_full,19521022,dev,0.0,107,13,0.6923076923076923,0.08411214953271028,0.15,0.3225806451612903,0.9813084112149533,0.6151142355008787,0.38488576449912126,569,219,0.2403846153846154,0.9259259259259259,54,208,31,10,sec_dev_0007
m3_full,19521022,dev,0.7,107,49,0.6326530612244898,0.2897196261682243,0.39743589743589747,0.2616822429906542,1.0654205607476634,0.6842957366432811,0.31570426335671886,1853,585,0.4722222222222222,0.6296296296296297,54,72,107,28,sec_dev_0007
m3_full,19521022,dev,0.0,109,16,0.75,0.11009174311926606,0.192,0.07692307692307693,0.9357798165137615,0.7468805704099821,0.2531194295900178,561,142,0.19523809523809524,0.7884615384615384,52,210,39,3,sec_dev_0008
m3_full,19521022,dev,0.7,109,54,0.6111111111111112,0.30275229357798167,0.40490797546012275,0.308411214953271,1.055045871559633,0.6833918715504265,0.31660812844957353,1993,631,0.5,0.5769230769230769,52,60,107,33,sec_dev_0008
m3_full,19521022,dev,0.0,110,19,0.7368421052631579,0.12727272727272726,0.21705426356589141,0.21428571428571427,0.9727272727272728,0.6945701357466063,0.3054298642533937,884,270,0.2542372881355932,0.8823529411764706,51,177,56,12,sec_dev_0009
m3_full,19521022,dev,0.7,110,57,0.6491228070175439,0.33636363636363636,0.4431137724550898,0.3025210084033613,1.0636363636363637,0.6968995835261453,0.3031004164738547,2161,655,0.6046511627906976,0.5098039215686274,51,43,119,36,sec_dev_0009
m3_full,19521022,dev,0.0,104,16,0.4375,0.0673076923076923,0.11666666666666667,0.14893617021276595,1.0480769230769231,0.7073906485671191,0.29260935143288086,663,194,0.23711340206185566,0.8070175438596491,57,194,47,7,sec_dev_0010
m3_full,19521022,dev,0.7,104,49,0.4897959183673469,0.23076923076923078,0.3137254901960785,0.2631578947368421,1.1923076923076923,0.6832814122533748,0.31671858774662515,1926,610,0.4918032786885246,0.5263157894736842,57,61,114,30,sec_dev_0010
m3_full,19521022,dev,0.0,105,33,0.7575757575757576,0.23809523809523808,0.3623188405797101,0.18032786885245902,0.8380952380952381,0.7386468952734013,0.26135310472659873,1079,282,0.25,0.6785714285714286,56,152,61,11,sec_dev_0011
m3_full,19521022,dev,0.7,105,57,0.6140350877192983,0.3333333333333333,0.43209876543209874,0.24561403508771928,0.9809523809523809,0.7097249508840864,0.29027504911591356,2036,591,0.5490196078431373,0.5,56,51,114,28,sec_dev_0011
m3_full,19521022,test,0.0,110,10,0.9,0.08181818181818182,0.15,0.06666666666666667,0.9363636363636364,0.8219512195121952,0.17804878048780487,410,73,0.20704845814977973,0.9215686274509803,51,227,30,2,sec_test_0000
m3_full,19521022,test,0.7,110,45,0.6,0.24545454545454545,0.34838709677419355,0.27522935779816515,1.1272727272727272,0.7523862998315554,0.2476137001684447,1781,441,0.3902439024390244,0.6274509803921569,51,82,109,30,sec_test_0000
m3_full,19521022,test,0.0,106,14,0.7857142857142857,0.10377358490566038,0.18333333333333335,0.06818181818181818,0.9622641509433962,0.7818791946308725,0.2181208053691275,596,130,0.2413793103448276,0.8909090909090909,55,203,44,3,sec_test_0001
m3_full,19521022,test,0.7,106,51,0.6666666666666666,0.32075471698113206,0.4331210191082802,0.24778761061946902,1.0188679245283019,0.7372836916622968,0.2627163083377032,1907,501,0.5384615384615384,0.6363636363636364,55,65,113,28,sec_test_0001
m3_full,19521022,test,0.0,114,13,0.6153846153846154,0.07017543859649122,0.12598425196850394,0.14583333333333334,0.9824561403508771,0.7753164556962026,0.22468354430379747,632,142,0.20772946859903382,0.9148936170212766,47,207,48,7,sec_test_0002
m3_full,19521022,test,0.7,114,55,0.6545454545454545,0.3157894736842105,0.42603550295857984,0.3,1.0789473684210527,0.6967441860465116,0.3032558139534884,2150,652,0.5833333333333334,0.5957446808510638,47,48,120,36,sec_test_0002
m3_full,19521022,test,0.0,111,16,0.5625,0.08108108108108109,0.14173228346456693,0.2558139534883721,1.009009009009009,0.7178729689807977,0.2821270310192024,677,191,0.205,0.82,50,200,43,11,sec_test_0003
m3_full,19521022,test,0.7,111,55,0.6363636363636364,0.3153153153153153,0.4216867469879518,0.28205128205128205,1.045045045045045,0.7077072224915172,0.2922927775084828,2063,603,0.5370370370370371,0.58,50,54,117,33,sec_test_0003
m3_full,19521022,test,0.0,109,17,0.7058823529411765,0.11009174311926606,0.1904761904761905,0.2222222222222222,0.9357798165137615,0.6630434782608696,0.33695652173913043,644,217,0.19801980198019803,0.7692307692307693,52,202,36,8,sec_test_0004
m3_full,19521022,test,0.7,109,40,0.6,0.22018348623853212,0.32214765100671144,0.2336448598130841,1.091743119266055,0.6993795826283136,0.30062041737168643,1773,533,0.3780487804878049,0.5961538461538461,52,82,107,25,sec_test_0004
m3_full,19521022,test,0.0,107,16,0.8125,0.12149532710280374,0.21138211382113822,0.3170731707317073,0.9813084112149533,0.6614950634696757,0.3385049365303244,709,240,0.24870466321243523,0.8888888888888888,54,193,41,13,sec_test_0005
m3_full,19521022,test,0.7,107,46,0.8043478260869565,0.34579439252336447,0.48366013071895425,0.22641509433962265,0.9345794392523364,0.7088815789473684,0.2911184210526316,1824,531,0.4533333333333333,0.6296296296296297,54,75,106,24,sec_test_0005
m3_full,19521022,test,0.0,108,7,1.0,0.06481481481481481,0.1217391304347826,0.047619047619047616,0.9629629629629629,0.8513011152416357,0.14869888475836432,269,40,0.20833333333333334,0.9433962264150944,53,240,21,1,sec_test_0006
m3_full,19521022,test,0.7,108,47,0.7021276595744681,0.3055555555555556,0.42580645161290326,0.24271844660194175,0.9537037037037037,0.7336368810472396,0.2663631189527604,1757,468,0.37349397590361444,0.5849056603773585,53,83,103,25,sec_test_0006
m3_full,19521022,test,0.0,112,29,0.7931034482758621,0.20535714285714285,0.3262411347517731,0.10344827586206896,0.8660714285714286,0.75,0.25,932,233,0.22988505747126436,0.8163265306122449,49,174,58,6,sec_test_0007
m3_full,19521022,test,0.7,112,66,0.7121212121212122,0.41964285714285715,0.5280898876404494,0.2773109243697479,0.9553571428571429,0.7102717641639797,0.28972823583602025,2171,629,0.6136363636363636,0.5510204081632653,49,44,119,33,sec_test_0007
m3_full,19521022,test,0.0,106,16,0.5625,0.08490566037735849,0.14754098360655737,0.16326530612244897,1.0188679245283019,0.7583212735166426,0.24167872648335745,691,167,0.2538860103626943,0.8909090909090909,55,193,49,8,sec_test_0008
m3_full,19521022,test,0.7,106,49,0.5102040816326531,0.2358490566037736,0.32258064516129037,0.2796610169491525,1.2264150943396226,0.7131822863027806,0.28681771369721937,1942,557,0.4918032786885246,0.5454545454545454,55,61,118,33,sec_test_0008
m3_full,19521022,test,0.0,108,15,0.6666666666666666,0.09259259259259259,0.16260162601626016,0.29411764705882354,1.0555555555555556,0.7212741751990899,0.2787258248009101,879,245,0.23295454545454544,0.7735849056603774,53,176,51,15,sec_test_0009
m3_full,19521022,test,0.7,108,58,0.4827586206896552,0.25925925925925924,0.3373493975903614,0.3565217391304348,1.1944444444444444,0.7087058823529412,0.2912941176470588,2125,619,0.5555555555555556,0.4716981132075472,53,45,115,41,sec_test_0009
m3_full,19521022,test,0.0,110,5,0.8,0.03636363636363636,0.06956521739130435,0.11764705882352941,0.9818181818181818,0.8026905829596412,0.19730941704035873,223,44,0.1862348178137652,0.9019607843137255,51,247,17,2,sec_test_0010
m3_full,19521022,test,0.7,110,42,0.7857142857142857,0.3,0.4342105263157895,0.20388349514563106,0.9090909090909091,0.7389510901591043,0.2610489098408957,1697,443,0.3076923076923077,0.5490196078431373,51,91,103,21,sec_test_0010
m3_full,19521022,test,0.0,98,16,0.6875,0.11224489795918367,0.19298245614035087,0.16666666666666666,1.0408163265306123,0.7585365853658537,0.24146341463414633,820,198,0.28654970760233917,0.7777777777777778,63,171,60,10,sec_test_0011
m3_full,19521022,test,0.7,98,48,0.5833333333333334,0.2857142857142857,0.3835616438356164,0.3125,1.1224489795918366,0.6737804878048781,0.32621951219512196,1968,642,0.5686274509803921,0.4603174603174603,63,51,112,35,sec_test_0011
m3_full,19521022,test,0.0,116,18,0.5,0.07758620689655173,0.13432835820895522,0.2777777777777778,1.0258620689655173,0.6916426512968299,0.30835734870317005,694,214,0.19607843137254902,0.8888888888888888,45,204,36,10,sec_test_0012
m3_full,19521022,test,0.7,116,49,0.5510204081632653,0.23275862068965517,0.32727272727272727,0.3185840707964602,1.1206896551724137,0.7020428500249127,0.2979571499750872,2007,598,0.4153846153846154,0.6,45,65,113,36,sec_test_0012
m3_full,19521023,dev,0.0,113,23,0.6086956521739131,0.12389380530973451,0.2058823529411765,0.20930232558139536,0.9557522123893806,0.7344782034346102,0.2655217965653897,757,201,0.22164948453608246,0.8958333333333334,48,194,43,9,sec_dev_0000
m3_full,19521023,dev,0.7,113,59,0.576271186440678,0.3008849557522124,0.39534883720930236,0.26605504587155965,1.0,0.729021913415286,0.27097808658471406,1871,507,0.42105263157894735,0.6666666666666666,48,76,109,29,sec_dev_0000
m3_full,19521023,dev,0.0,111,21,0.7142857142857143,0.13513513513513514,0.22727272727272727,0.3877551020408163,1.018018018018018,0.674233825198638,0.3257661748013621,881,287,0.24581005586592178,0.88,50,179,49,19,sec_dev_0001
m3_full,19521023,dev,0.7,111,48,0.6666666666666666,0.2882882882882883,0.4025157232704402,0.3669724770642202,1.1711711711711712,0.6605504587155964,0.3394495412844037,2071,703,0.5185185185185185,0.56,50,54,109,40,sec_dev_0001
m3_full,19521023,dev,0.0,112,21,0.6190476190476191,0.11607142857142858,0.1954887218045113,0.37142857142857144,0.9732142857142857,0.6848920863309352,0.31510791366906477,695,219,0.215,0.8775510204081632,49,200,35,13,sec_dev_0002
m3_full,19521023,dev,0.7,112,53,0.6415094339622641,0.30357142857142855,0.4121212121212121,0.3047619047619048,1.0089285714285714,0.707774798927614,0.29222520107238603,1865,545,0.3684210526315789,0.5714285714285714,49,76,105,32,sec_dev_0002
m3_full,19521023,dev,0.0,104,15,0.4666666666666667,0.0673076923076923,0.11764705882352941,0.2708333333333333,1.0961538461538463,0.6910112359550562,0.3089887640449438,712,220,0.2698412698412698,0.8947368421052632,57,189,48,13,sec_dev_0003
m3_full,19521023,dev,0.7,104,47,0.5319148936170213,0.2403846153846154,0.3311258278145695,0.25663716814159293,1.1634615384615385,0.7082199237887861,0.29178007621121393,1837,536,0.5285714285714286,0.6491228070175439,57,70,113,29,sec_dev_0003
m3_full,19521023,dev,0.0,117,20,0.45,0.07692307692307693,0.13138686131386862,0.4222222222222222,1.0769230769230769,0.656969696969697,0.343030303030303,825,283,0.193717277486911,0.8409090909090909,44,191,45,19,sec_dev_0004
m3_full,19521023,dev,0.7,117,58,0.5517241379310345,0.27350427350427353,0.36571428571428577,0.35135135135135137,1.1025641025641026,0.6887926887926887,0.3112073112073112,2079,647,0.4745762711864407,0.6363636363636364,44,59,111,39,sec_dev_0004
m3_full,19521023,dev,0.0,121,23,0.6956521739130435,0.1322314049586777,0.22222222222222224,0.29411764705882354,0.9669421487603306,0.708963911525029,0.2910360884749709,859,250,0.193717277486911,0.925,40,191,51,15,sec_dev_0005
m3_full,19521023,dev,0.7,121,65,0.7230769230769231,0.3884297520661157,0.5053763440860215,0.31666666666666665,0.9504132231404959,0.6838565022421524,0.31614349775784756,2230,705,0.5319148936170213,0.625,40,47,120,38,sec_dev_0005
m3_full,19521023,dev,0.0,106,17,0.5294117647058824,0.08490566037735849,0.14634146341463414,0.1956521739130435,1.0377358490566038,0.6937172774869109,0.306282722513089,764,234,0.23655913978494625,0.8,55,186,46,9,sec_dev_0006
m3_full,19521023,dev,0.7,106,52,0.6153846153846154,0.3018867924528302,0.4050632911392405,0.21929824561403508,1.0754716981132075,0.68687374749499,0.31312625250501,1996,625,0.5,0.509090909090909,55,56,114,25,sec_dev_0006
m3_full,19521023,dev,0.0,107,16,0.5,0.07476635514018691,0.13008130081300812,0.26666666666666666,1.0560747663551402,0.6877697841726619,0.3122302158273381,695,217,0.23195876288659795,0.8333333333333334,54,194,45,12,sec_dev_0007
m3_full,19521023,dev,0.7,107,56,0.6428571428571429,0.3364485981308411,0.441717791411043,0.20353982300884957,1.0,0.692347200821777,0.3076527991782229,1947,599,0.45161290322580644,0.5185185185185185,54,62,113,23,sec_dev_0007
m3_full,19521023,dev,0.0,109,28,0.5714285714285714,0.14678899082568808,0.23357664233576644,0.265625,1.055045871559633,0.7026266416510318,0.2973733583489681,1066,317,0.267515923566879,0.8076923076923077,52,157,64,17,sec_dev_0008
m3_full,19521023,dev,0.7,109,60,0.6333333333333333,0.3486238532110092,0.4497041420118343,0.325,1.110091743119266,0.6705882352941177,0.32941176470588235,2210,728,0.7297297297297297,0.5192307692307693,52,37,120,39,sec_dev_0008
m3_full,19521023,dev,0.0,110,21,0.5714285714285714,0.10909090909090909,0.18320610687022898,0.3333333333333333,1.0727272727272728,0.6873706004140787,0.31262939958592134,966,302,0.2603550295857988,0.8627450980392157,51,169,54,18,sec_dev_0009
m3_full,19521023,dev,0.7,110,52,0.6346153846153846,0.3,0.4074074074074074,0.31666666666666665,1.1272727272727272,0.7107476635514018,0.28925233644859816,2140,619,0.6,0.5294117647058824,51,45,120,38,sec_dev_0009
m3_full,19521023,dev,0.0,104,21,0.5238095238095238,0.10576923076923077,0.17600000000000002,0.3877551020408163,1.1153846153846154,0.6753688989784337,0.3246311010215664,881,286,0.29069767441860467,0.8771929824561403,57,172,49,19,sec_dev_0010
m3_full,19521023,dev,0.7,104,51,0.5490196078431373,0.2692307692307692,0.3612903225806452,0.2905982905982906,1.1634615384615385,0.6767523953605648,0.3232476046394352,1983,641,0.5272727272727272,0.5087719298245614,57,55,117,34,sec_dev_0010
m3_full,19521023,dev,0.0,105,19,0.7368421052631579,0.13333333333333333,0.22580645161290325,0.1956521739130435,0.9333333333333333,0.7430939226519337,0.2569060773480663,724,186,0.25396825396825395,0.8571428571428571,56,189,46,9,sec_dev_0011
m3_full,19521023,dev,0.7,105,54,0.6111111111111112,0.3142857142857143,0.41509433962264153,0.2905982905982906,1.1333333333333333,0.7047300525561395,0.2952699474438605,2093,618,0.6,0.48214285714285715,56,45,117,34,sec_dev_0011
m3_full,19521023,test,0.0,110,23,0.4782608695652174,0.1,0.16541353383458648,0.2698412698412698,1.0727272727272728,0.7159880834160874,0.2840119165839126,1007,286,0.21951219512195122,0.7058823529411765,51,164,63,17,sec_test_0000
m3_full,19521023,test,0.7,110,54,0.5555555555555556,0.2727272727272727,0.36585365853658536,0.319672131147541,1.190909090909091,0.7038567493112948,0.29614325068870523,2178,645,0.6341463414634146,0.5098039215686274,51,41,122,39,sec_test_0000
m3_full,19521023,test,0.0,106,19,0.7368421052631579,0.1320754716981132,0.224,0.21568627450980393,1.0188679245283019,0.6740395809080326,0.3259604190919674,859,280,0.26704545454545453,0.8545454545454545,55,176,51,11,sec_test_0001
m3_full,19521023,test,0.7,106,53,0.6037735849056604,0.3018867924528302,0.4025157232704402,0.2755905511811024,1.169811320754717,0.7121997173810646,0.2878002826189355,2123,611,0.6666666666666666,0.509090909090909,55,42,127,35,sec_test_0001
m3_full,19521023,test,0.0,114,15,0.5333333333333333,0.07017543859649122,0.12403100775193798,0.29545454545454547,1.0350877192982457,0.7563739376770539,0.24362606232294617,706,172,0.22,0.9361702127659575,47,200,44,13,sec_test_0002
m3_full,19521023,test,0.7,114,52,0.5576923076923077,0.2543859649122807,0.3493975903614458,0.3392857142857143,1.1578947368421053,0.6913214990138067,0.3086785009861933,2028,626,0.5573770491803278,0.723404255319149,47,61,112,38,sec_test_0002
m3_full,19521023,test,0.0,111,13,0.5384615384615384,0.06306306306306306,0.1129032258064516,0.1320754716981132,1.072072072072072,0.817351598173516,0.182648401826484,657,120,0.21890547263681592,0.88,50,201,53,7,sec_test_0003
m3_full,19521023,test,0.7,111,53,0.660377358490566,0.3153153153153153,0.4268292682926829,0.2892561983471074,1.09009009009009,0.710918710918711,0.2890812890812891,2079,601,0.5384615384615384,0.56,50,52,121,35,sec_test_0003
m3_full,19521023,test,0.0,109,19,0.5263157894736842,0.09174311926605505,0.15625,0.2653061224489796,1.0642201834862386,0.721331689272503,0.2786683107274969,811,226,0.2554347826086957,0.9038461538461539,52,184,49,13,sec_test_0004
m3_full,19521023,test,0.7,109,50,0.64,0.29357798165137616,0.4025157232704403,0.24793388429752067,1.0825688073394495,0.7043090638930163,0.29569093610698366,2019,597,0.48214285714285715,0.5192307692307693,52,56,121,30,sec_test_0004
m3_full,19521023,test,0.0,107,17,0.6470588235294118,0.102803738317757,0.17741935483870966,0.2826086956521739,1.0560747663551402,0.7228116710875332,0.27718832891246686,754,209,0.24468085106382978,0.8518518518518519,54,188,46,13,sec_test_0005
m3_full,19521023,test,0.7,107,46,0.6521739130434783,0.2803738317757009,0.392156862745098,0.2727272727272727,1.205607476635514,0.7145659637076999,0.28543403629230013,2039,582,0.5384615384615384,0.5185185185185185,54,52,121,33,sec_test_0005
m3_full,19521023,test,0.0,108,16,0.5625,0.08333333333333333,0.14516129032258063,0.20512820512820512,1.0092592592592593,0.7986463620981388,0.20135363790186125,591,119,0.23300970873786409,0.9056603773584906,53,206,39,8,sec_test_0006
m3_full,19521023,test,0.7,108,50,0.56,0.25925925925925924,0.35443037974683544,0.275,1.1574074074074074,0.7248780487804878,0.2751219512195122,2050,564,0.4807692307692308,0.4716981132075472,53,52,120,33,sec_test_0006
m3_full,19521023,test,0.0,112,18,0.6111111111111112,0.09821428571428571,0.16923076923076924,0.13725490196078433,0.9821428571428571,0.7561683599419449,0.24383164005805516,689,168,0.20603015075376885,0.8367346938775511,49,199,51,7,sec_test_0007
m3_full,19521023,test,0.7,112,54,0.6111111111111112,0.29464285714285715,0.39759036144578314,0.2711864406779661,1.1428571428571428,0.7007684918347743,0.29923150816522576,2082,623,0.5471698113207547,0.5918367346938775,49,53,118,32,sec_test_0007
m3_full,19521023,test,0.0,106,22,0.6363636363636364,0.1320754716981132,0.21875,0.1774193548387097,1.028301886792453,0.7599118942731278,0.24008810572687225,908,218,0.25882352941176473,0.8,55,170,62,11,sec_test_0008
m3_full,19521023,test,0.7,106,58,0.5517241379310345,0.3018867924528302,0.3902439024390244,0.28205128205128205,1.1320754716981132,0.7046413502109705,0.29535864978902954,2133,630,0.6666666666666666,0.509090909090909,55,42,117,33,sec_test_0008
m3_full,19521023,test,0.0,108,18,0.7222222222222222,0.12037037037037036,0.20634920634920634,0.19607843137254902,1.037037037037037,0.7858048162230672,0.21419518377693283,789,169,0.23783783783783785,0.8301886792452831,53,185,51,10,sec_test_0009
m3_full,19521023,test,0.7,108,42,0.5952380952380952,0.23148148148148148,0.33333333333333337,0.2413793103448276,1.1388888888888888,0.7515756302521008,0.24842436974789917,1904,473,0.47761194029850745,0.6037735849056604,53,67,116,28,sec_test_0009
m3_full,19521023,test,0.0,110,12,0.5833333333333334,0.06363636363636363,0.11475409836065573,0.36666666666666664,1.0454545454545454,0.6851851851851851,0.3148148148148148,540,170,0.21962616822429906,0.9215686274509803,51,214,30,11,sec_test_0010
m3_full,19521023,test,0.7,110,37,0.7297297297297297,0.24545454545454545,0.3673469387755102,0.24545454545454545,1.1727272727272726,0.7362068965517241,0.2637931034482759,1740,459,0.3953488372093023,0.6666666666666666,51,86,110,27,sec_test_0010
m3_full,19521023,test,0.0,98,19,0.5789473684210527,0.11224489795918367,0.18803418803418803,0.20967741935483872,1.0510204081632653,0.7122844827586207,0.28771551724137934,928,267,0.3,0.7619047619047619,63,160,62,13,sec_test_0011
m3_full,19521023,test,0.7,98,46,0.6304347826086957,0.29591836734693877,0.4027777777777778,0.3217391304347826,1.153061224489796,0.6665083135391924,0.3334916864608076,2105,702,0.7027027027027027,0.4126984126984127,63,37,115,37,sec_test_0011
m3_full,19521023,test,0.0,116,11,0.36363636363636365,0.034482758620689655,0.06299212598425197,0.425,1.146551724137931,0.8047619047619048,0.19523809523809524,630,123,0.20476190476190476,0.9555555555555556,45,210,40,17,sec_test_0012
m3_full,19521023,test,0.7,116,49,0.6530612244897959,0.27586206896551724,0.3878787878787878,0.2619047619047619,1.1120689655172413,0.7430830039525691,0.25691699604743085,2024,520,0.41935483870967744,0.5777777777777777,45,62,126,33,sec_test_0012
m3_full,19521024,dev,0.0,113,32,0.6875,0.19469026548672566,0.30344827586206896,0.21428571428571427,1.0884955752212389,0.7540675844806007,0.24593241551939926,1598,393,0.2815533980582524,0.6041666666666666,48,103,112,24,sec_dev_0000
m3_full,19521024,dev,0.7,113,59,0.6779661016949152,0.35398230088495575,0.4651162790697674,0.3014705882352941,1.1238938053097345,0.7203098106712564,0.27969018932874357,2324,650,0.8928571428571429,0.5208333333333334,48,28,136,41,sec_dev_0000
m3_full,19521024,dev,0.0,111,36,0.7222222222222222,0.23423423423423423,0.35374149659863946,0.19791666666666666,0.990990990990991,0.7469470827679783,0.2530529172320217,1474,373,0.2782608695652174,0.64,50,115,96,19,sec_dev_0001
m3_full,19521024,dev,0.7,111,60,0.6166666666666667,0.3333333333333333,0.4327485380116959,0.2624113475177305,1.1801801801801801,0.7429317094388865,0.2570682905611135,2299,591,0.8571428571428571,0.48,50,28,141,37,sec_dev_0001
m3_full,19521024,dev,0.0,112,22,0.9090909090909091,0.17857142857142858,0.2985074626865672,0.10666666666666667,0.9017857142857143,0.7425837320574162,0.2574162679425837,1045,269,0.20496894409937888,0.673469387755102,49,161,75,8,sec_dev_0002
m3_full,19521024,dev,0.7,112,65,0.7538461538461538,0.4375,0.5536723163841808,0.22900763358778625,0.9285714285714286,0.7061739522307346,0.2938260477692654,2219,652,0.631578947368421,0.4897959183673469,49,38,131,30,sec_dev_0002
m3_full,19521024,dev,0.0,104,35,0.7142857142857143,0.2403846153846154,0.3597122302158273,0.15151515151515152,1.0,0.7299122214719784,0.2700877785280216,1481,400,0.32710280373831774,0.6140350877192983,57,107,99,15,sec_dev_0003
m3_full,19521024,dev,0.7,104,61,0.6885245901639344,0.40384615384615385,0.5090909090909091,0.1897810218978102,1.0288461538461537,0.736556710347944,0.26344328965205605,2213,583,0.8666666666666667,0.45614035087719296,57,30,137,26,sec_dev_0003
m3_full,19521024,dev,0.0,117,53,0.7924528301886793,0.358974358974359,0.4941176470588235,0.15178571428571427,0.8717948717948718,0.7505592841163311,0.2494407158836689,1788,446,0.3181818181818182,0.6363636363636364,44,88,112,17,sec_dev_0004
m3_full,19521024,dev,0.7,117,71,0.7323943661971831,0.4444444444444444,0.553191489361702,0.2014388489208633,0.9743589743589743,0.7294019238812213,0.27059807611877873,2391,647,1.0,0.5681818181818182,44,25,139,28,sec_dev_0004
m3_full,19521024,dev,0.0,121,44,0.6590909090909091,0.2396694214876033,0.35151515151515156,0.22,1.0165289256198347,0.7167701863354037,0.28322981366459626,1610,456,0.23423423423423423,0.65,40,111,100,22,sec_dev_0005
m3_full,19521024,dev,0.7,121,68,0.7352941176470589,0.4132231404958678,0.5291005291005291,0.2857142857142857,0.9917355371900827,0.709456568249893,0.290543431750107,2337,679,0.7142857142857143,0.625,40,35,133,38,sec_dev_0005
m3_full,19521024,dev,0.0,106,37,0.7027027027027027,0.24528301886792453,0.3636363636363636,0.14893617021276595,0.9622641509433962,0.7757879656160458,0.22421203438395415,1396,313,0.2711864406779661,0.5818181818181818,55,118,94,14,sec_dev_0006
m3_full,19521024,dev,0.7,106,63,0.7301587301587301,0.4339622641509434,0.5443786982248521,0.1773049645390071,1.0377358490566038,0.7507746790615316,0.24922532093846836,2259,563,0.9259259259259259,0.45454545454545453,55,27,141,25,sec_dev_0006
m3_full,19521024,dev,0.0,107,47,0.7021276595744681,0.308411214953271,0.4285714285714286,0.1694915254237288,1.0,0.7158119658119658,0.2841880341880342,1872,532,0.463768115942029,0.5925925925925926,54,69,118,20,sec_dev_0007
m3_full,19521024,dev,0.7,107,60,0.65,0.3644859813084112,0.467065868263473,0.1984732824427481,1.0841121495327102,0.6933737548722391,0.30662624512776093,2309,708,1.0,0.4444444444444444,54,24,131,26,sec_dev_0007
m3_full,19521024,dev,0.0,109,41,0.7317073170731707,0.27522935779816515,0.4,0.13725490196078433,0.963302752293578,0.7244897959183674,0.2755102040816326,1568,432,0.3300970873786408,0.6538461538461539,52,103,102,14,sec_dev_0008
m3_full,19521024,dev,0.7,109,59,0.6610169491525424,0.3577981651376147,0.46428571428571425,0.20279720279720279,1.165137614678899,0.7263943785682916,0.2736056214317084,2277,623,0.8928571428571429,0.4807692307692308,52,28,143,29,sec_dev_0008
m3_full,19521024,dev,0.0,110,36,0.8333333333333334,0.2727272727272727,0.4109589041095891,0.08571428571428572,0.9181818181818182,0.7854671280276817,0.21453287197231835,1445,310,0.28448275862068967,0.6470588235294118,51,116,105,9,sec_dev_0009
m3_full,19521024,dev,0.7,110,62,0.7096774193548387,0.4,0.5116279069767441,0.19285714285714287,1.0363636363636364,0.744,0.256,2250,576,0.78125,0.49019607843137253,51,32,140,27,sec_dev_0009
m3_full,19521024,dev,0.0,104,49,0.7142857142857143,0.33653846153846156,0.4575163398692811,0.10434782608695652,0.8942307692307693,0.7669616519174041,0.23303834808259588,1695,395,0.36904761904761907,0.543859649122807,57,84,115,12,sec_dev_0010
m3_full,19521024,dev,0.7,104,67,0.746268656716418,0.4807692307692308,0.584795321637427,0.14788732394366197,0.9519230769230769,0.7475642161204605,0.2524357838795394,2258,570,0.96,0.42105263157894735,57,25,142,21,sec_dev_0010
m3_full,19521024,dev,0.0,105,44,0.7045454545454546,0.29523809523809524,0.4161073825503356,0.12612612612612611,0.9809523809523809,0.7998756991920447,0.20012430080795526,1609,322,0.32978723404255317,0.5535714285714286,56,94,111,14,sec_dev_0011
m3_full,19521024,dev,0.7,105,62,0.6612903225806451,0.3904761904761905,0.49101796407185627,0.21678321678321677,1.1142857142857143,0.7531840140535793,0.24681598594642074,2277,562,1.0,0.42857142857142855,56,24,143,31,sec_dev_0011
m3_full,19521024,test,0.0,110,42,0.8571428571428571,0.32727272727272727,0.47368421052631576,0.09278350515463918,0.8272727272727273,0.7926914968376669,0.2073085031623331,1423,295,0.31932773109243695,0.7450980392156863,51,119,97,9,sec_test_0000
m3_full,19521024,test,0.7,110,62,0.7903225806451613,0.44545454545454544,0.569767441860465,0.17391304347826086,0.9363636363636364,0.7599469496021221,0.24005305039787797,2262,543,0.8387096774193549,0.5098039215686274,51,31,138,24,sec_test_0000
m3_full,19521024,test,0.0,106,44,0.6590909090909091,0.27358490566037735,0.3866666666666667,0.18627450980392157,0.9716981132075472,0.7406716417910448,0.2593283582089552,1608,417,0.40625,0.7090909090909091,55,96,102,19,sec_test_0001
m3_full,19521024,test,0.7,106,67,0.6268656716417911,0.39622641509433965,0.48554913294797686,0.21212121212121213,1.0471698113207548,0.7322212467076383,0.2677787532923617,2278,610,1.0,0.4727272727272727,55,26,132,28,sec_test_0001
m3_full,19521024,test,0.0,114,43,0.7209302325581395,0.2719298245614035,0.39490445859872614,0.17,0.9385964912280702,0.7318181818181818,0.2681818181818182,1540,413,0.3063063063063063,0.723404255319149,47,111,100,17,sec_test_0002
m3_full,19521024,test,0.7,114,63,0.6984126984126984,0.38596491228070173,0.4971751412429378,0.2127659574468085,1.0701754385964912,0.7235629662132514,0.27643703378674855,2279,630,0.7575757575757576,0.5319148936170213,47,33,141,30,sec_test_0002
m3_full,19521024,test,0.0,111,40,0.8,0.2882882882882883,0.423841059602649,0.17307692307692307,0.9369369369369369,0.7349624060150376,0.2650375939849624,1596,423,0.30392156862745096,0.62,50,102,104,18,sec_test_0003
m3_full,19521024,test,0.7,111,59,0.7457627118644068,0.3963963963963964,0.5176470588235293,0.23357664233576642,1.054054054054054,0.7116804168475901,0.2883195831524099,2303,664,0.8928571428571429,0.5,50,28,137,32,sec_test_0003
m3_full,19521024,test,0.0,109,29,0.7931034482758621,0.21100917431192662,0.33333333333333337,0.10227272727272728,0.944954128440367,0.7712264150943396,0.22877358490566038,1272,291,0.2462686567164179,0.6346153846153846,52,134,88,9,sec_test_0004
m3_full,19521024,test,0.7,109,70,0.6857142857142857,0.44036697247706424,0.5363128491620112,0.24427480916030533,0.963302752293578,0.7307525010874294,0.26924749891257066,2299,619,0.9259259259259259,0.4807692307692308,52,27,131,32,sec_test_0004
m3_full,19521024,test,0.0,107,40,0.775,0.2897196261682243,0.42176870748299317,0.15151515151515152,0.9065420560747663,0.7661558960692871,0.23384410393071287,1501,351,0.3333333333333333,0.6666666666666666,54,108,99,15,sec_test_0005
m3_full,19521024,test,0.7,107,59,0.6949152542372882,0.38317757009345793,0.4939759036144578,0.2074074074074074,1.0467289719626167,0.7537414965986394,0.24625850340136055,2205,543,0.7352941176470589,0.46296296296296297,54,34,135,28,sec_test_0005
m3_full,19521024,test,0.0,108,32,0.78125,0.23148148148148148,0.3571428571428572,0.15294117647058825,0.9074074074074074,0.7689795918367347,0.2310204081632653,1225,283,0.2753623188405797,0.7169811320754716,53,138,85,13,sec_test_0006
m3_full,19521024,test,0.7,108,56,0.7321428571428571,0.37962962962962965,0.5,0.21739130434782608,1.0833333333333333,0.739964317573595,0.260035682426405,2242,583,0.8064516129032258,0.4716981132075472,53,31,138,30,sec_test_0006
m3_full,19521024,test,0.0,112,38,0.7368421052631579,0.25,0.37333333333333335,0.21739130434782608,0.9732142857142857,0.7482853223593964,0.25171467764060357,1458,367,0.288135593220339,0.6938775510204082,49,118,92,20,sec_test_0007
m3_full,19521024,test,0.7,112,59,0.6440677966101694,0.3392857142857143,0.4444444444444445,0.296875,1.1071428571428572,0.707645525629887,0.29235447437011297,2302,673,0.8333333333333334,0.5102040816326531,49,30,128,38,sec_test_0007
m3_full,19521024,test,0.0,106,39,0.6666666666666666,0.24528301886792453,0.3586206896551724,0.23404255319148937,0.9811320754716981,0.7036802030456852,0.2963197969543147,1576,467,0.35,0.6363636363636364,55,100,94,22,sec_test_0008
m3_full,19521024,test,0.7,106,54,0.6296296296296297,0.32075471698113206,0.425,0.24427480916030533,1.150943396226415,0.7012113055181696,0.29878869448183043,2229,666,0.8709677419354839,0.4909090909090909,55,31,131,32,sec_test_0008
m3_full,19521024,test,0.0,108,19,0.631578947368421,0.1111111111111111,0.1889763779527559,0.12857142857142856,1.0277777777777777,0.79,0.21,900,189,0.23255813953488372,0.7547169811320755,53,172,70,9,sec_test_0009
m3_full,19521024,test,0.7,108,55,0.5818181818181818,0.2962962962962963,0.3926380368098159,0.2692307692307692,1.2037037037037037,0.7417431192660551,0.2582568807339449,2180,563,0.7368421052631579,0.5283018867924528,53,38,130,35,sec_test_0009
m3_full,19521024,test,0.0,110,28,0.7857142857142857,0.2,0.3188405797101449,0.10869565217391304,0.9727272727272728,0.7900641025641025,0.20993589743589744,1248,262,0.24087591240875914,0.6470588235294118,51,137,92,10,sec_test_0010
m3_full,19521024,test,0.7,110,60,0.7166666666666667,0.39090909090909093,0.5058823529411764,0.24822695035460993,1.1181818181818182,0.7656867046950417,0.2343132953049583,2279,534,0.8620689655172413,0.49019607843137253,51,29,141,35,sec_test_0010
m3_full,19521024,test,0.0,98,44,0.6818181818181818,0.30612244897959184,0.4225352112676057,0.20754716981132076,1.030612244897959,0.7598566308243728,0.24014336917562723,1674,402,0.4074074074074074,0.5238095238095238,63,81,106,22,sec_test_0011
m3_full,19521024,test,0.7,98,59,0.6101694915254238,0.3673469387755102,0.4585987261146497,0.25190839694656486,1.163265306122449,0.7180536607548886,0.2819463392451114,2199,620,0.9615384615384616,0.3968253968253968,63,26,131,33,sec_test_0011
m3_full,19521024,test,0.0,116,33,0.8484848484848485,0.2413793103448276,0.37583892617449666,0.15853658536585366,0.8793103448275862,0.7414596273291926,0.25854037267080743,1288,333,0.22142857142857142,0.6888888888888889,45,140,82,13,sec_test_0012
m3_full,19521024,test,0.7,116,65,0.8307692307692308,0.46551724137931033,0.5966850828729281,0.23255813953488372,0.896551724137931,0.7266405910473708,0.2733594089526293,2301,629,0.7647058823529411,0.5777777777777777,45,34,129,30,sec_test_0012
m3_full,19521025,dev,0.0,113,15,0.6666666666666666,0.08849557522123894,0.15625,0.3333333333333333,1.0707964601769913,0.654627539503386,0.345372460496614,886,306,0.23333333333333334,0.875,48,180,54,18,sec_dev_0000
m3_full,19521025,dev,0.7,113,58,0.5862068965517241,0.3008849557522124,0.3976608187134503,0.44954128440366975,1.1592920353982301,0.6288570186875271,0.37114298131247286,2301,854,0.7575757575757576,0.5208333333333334,48,33,109,49,sec_dev_0000
m3_full,19521025,dev,0.0,111,14,0.6428571428571429,0.08108108108108109,0.14400000000000002,0.23255813953488372,1.018018018018018,0.6273653566229985,0.3726346433770015,687,256,0.21608040201005024,0.86,50,199,43,10,sec_dev_0001
m3_full,19521025,dev,0.7,111,48,0.5625,0.24324324324324326,0.339622641509434,0.3269230769230769,1.135135135135135,0.6623246492985972,0.3376753507014028,1996,674,0.4838709677419355,0.6,50,62,104,34,sec_dev_0001
m3_full,19521025,dev,0.0,112,11,0.5454545454545454,0.05357142857142857,0.09756097560975609,0.26666666666666666,1.0357142857142858,0.60625,0.39375,480,189,0.18468468468468469,0.8367346938775511,49,222,30,8,sec_dev_0002
m3_full,19521025,dev,0.7,112,38,0.5526315789473685,0.1875,0.27999999999999997,0.27102803738317754,1.1607142857142858,0.6781609195402298,0.3218390804597701,1653,532,0.30927835051546393,0.6122448979591837,49,97,107,29,sec_dev_0002
m3_full,19521025,dev,0.0,104,9,0.6666666666666666,0.057692307692307696,0.10619469026548674,0.24,0.9903846153846154,0.6849315068493151,0.3150684931506849,365,115,0.23893805309734514,0.9473684210526315,57,226,25,6,sec_dev_0003
m3_full,19521025,dev,0.7,104,31,0.5806451612903226,0.17307692307692307,0.26666666666666666,0.25842696629213485,1.0961538461538463,0.6936542669584245,0.3063457330415755,1371,420,0.33613445378151263,0.7017543859649122,57,119,89,23,sec_dev_0003
m3_full,19521025,dev,0.0,117,17,0.8235294117647058,0.11965811965811966,0.208955223880597,0.3548387096774194,0.9572649572649573,0.5959933222036728,0.4040066777963272,599,242,0.17674418604651163,0.8636363636363636,44,215,31,11,sec_dev_0004
m3_full,19521025,dev,0.7,117,40,0.625,0.21367521367521367,0.3184713375796178,0.3191489361702128,1.0769230769230769,0.6652989449003517,0.3347010550996483,1706,571,0.2857142857142857,0.6363636363636364,44,98,94,30,sec_dev_0004
m3_full,19521025,dev,0.0,121,21,0.7619047619047619,0.1322314049586777,0.22535211267605634,0.30434782608695654,0.9834710743801653,0.6534772182254196,0.34652278177458035,834,289,0.17525773195876287,0.85,40,194,46,14,sec_dev_0005
m3_full,19521025,dev,0.7,121,53,0.6792452830188679,0.2975206611570248,0.41379310344827586,0.3486238532110092,1.0661157024793388,0.6691285081240768,0.3308714918759232,2031,672,0.38235294117647056,0.65,40,68,109,38,sec_dev_0005
m3_full,19521025,dev,0.0,106,17,0.7647058823529411,0.12264150943396226,0.21138211382113822,0.35,1.009433962264151,0.6306666666666667,0.36933333333333335,750,277,0.22872340425531915,0.7818181818181819,55,188,40,14,sec_dev_0006
m3_full,19521025,dev,0.7,106,47,0.574468085106383,0.25471698113207547,0.3529411764705882,0.3333333333333333,1.1603773584905661,0.649364406779661,0.350635593220339,1888,662,0.4264705882352941,0.5272727272727272,55,68,102,34,sec_dev_0006
m3_full,19521025,dev,0.0,107,18,0.6111111111111112,0.102803738317757,0.176,0.24390243902439024,0.9532710280373832,0.6170500676589987,0.38294993234100133,739,283,0.24736842105263157,0.8703703703703703,54,190,41,10,sec_dev_0007
m3_full,19521025,dev,0.7,107,48,0.5208333333333334,0.2336448598130841,0.3225806451612903,0.3394495412844037,1.158878504672897,0.648493543758967,0.351506456241033,2091,735,0.5625,0.5,54,48,109,37,sec_dev_0007
m3_full,19521025,dev,0.0,109,23,0.6956521739130435,0.14678899082568808,0.24242424242424246,0.2727272727272727,0.944954128440367,0.6281407035175879,0.37185929648241206,796,296,0.23118279569892472,0.8269230769230769,52,186,44,12,sec_dev_0008
m3_full,19521025,dev,0.7,109,55,0.6,0.30275229357798167,0.4024390243902439,0.34579439252336447,1.073394495412844,0.6470876162506118,0.35291238374938816,2043,721,0.5454545454545454,0.5769230769230769,52,55,107,37,sec_dev_0008
m3_full,19521025,dev,0.0,110,14,0.7142857142857143,0.09090909090909091,0.16129032258064518,0.2826086956521739,1.009090909090909,0.6227390180878554,0.3772609819121447,774,292,0.24338624338624337,0.9019607843137255,51,189,46,13,sec_dev_0009
m3_full,19521025,dev,0.7,110,52,0.5576923076923077,0.2636363636363636,0.35802469135802467,0.3392857142857143,1.1636363636363636,0.6448999046711154,0.35510009532888465,2098,745,0.64,0.6274509803921569,51,50,112,38,sec_dev_0009
m3_full,19521025,dev,0.0,104,21,0.5714285714285714,0.11538461538461539,0.192,0.2391304347826087,0.9903846153846154,0.6560196560196561,0.343980343980344,814,280,0.26256983240223464,0.8245614035087719,57,179,46,11,sec_dev_0010
m3_full,19521025,dev,0.7,104,50,0.58,0.27884615384615385,0.37662337662337664,0.2631578947368421,1.1153846153846154,0.6758349705304518,0.3241650294695481,2036,660,0.5,0.43859649122807015,57,50,114,30,sec_dev_0010
m3_full,19521025,dev,0.0,105,18,0.6666666666666666,0.11428571428571428,0.19512195121951217,0.25,0.9428571428571428,0.6116504854368932,0.3883495145631068,618,240,0.22388059701492538,0.8035714285714286,56,201,32,8,sec_dev_0011
m3_full,19521025,dev,0.7,105,48,0.625,0.2857142857142857,0.392156862745098,0.23863636363636365,0.9047619047619048,0.6749379652605458,0.3250620347394541,1612,524,0.34375,0.5892857142857143,56,96,88,21,sec_dev_0011
m3_full,19521025,test,0.0,110,23,0.7391304347826086,0.15454545454545454,0.2556390977443609,0.3170731707317073,0.9545454545454546,0.6581196581196581,0.3418803418803419,819,280,0.24324324324324326,0.8823529411764706,51,185,41,13,sec_test_0000
m3_full,19521025,test,0.7,110,52,0.6153846153846154,0.2909090909090909,0.3950617283950617,0.3584905660377358,1.1,0.6790065604498594,0.3209934395501406,2134,685,0.6170212765957447,0.5686274509803921,51,47,106,38,sec_test_0000
m3_full,19521025,test,0.0,106,24,0.5833333333333334,0.1320754716981132,0.21538461538461542,0.2549019607843137,1.0,0.6457645764576458,0.3542354235423542,909,322,0.2573099415204678,0.8,55,171,51,13,sec_test_0001
m3_full,19521025,test,0.7,106,60,0.6,0.33962264150943394,0.4337349397590361,0.3364485981308411,1.0566037735849056,0.6685687113647171,0.33143128863528293,2103,697,0.6739130434782609,0.5636363636363636,55,46,107,36,sec_test_0001
m3_full,19521025,test,0.0,114,19,0.6842105263157895,0.11403508771929824,0.19548872180451127,0.2972972972972973,0.9473684210526315,0.6329866270430906,0.36701337295690933,673,247,0.19607843137254902,0.851063829787234,47,204,37,11,sec_test_0002
m3_full,19521025,test,0.7,114,51,0.6666666666666666,0.2982456140350877,0.41212121212121217,0.3611111111111111,1.0614035087719298,0.6774353876739563,0.3225646123260437,2012,649,0.47619047619047616,0.6382978723404256,47,63,108,39,sec_test_0002
m3_full,19521025,test,0.0,111,22,0.7272727272727273,0.14414414414414414,0.2406015037593985,0.22,0.9819819819819819,0.7,0.3,810,243,0.23118279569892472,0.86,50,186,50,11,sec_test_0003
m3_full,19521025,test,0.7,111,57,0.543859649122807,0.27927927927927926,0.36904761904761907,0.32727272727272727,1.1081081081081081,0.6557077625570776,0.34429223744292237,2190,754,0.5952380952380952,0.5,50,42,110,36,sec_test_0003
m3_full,19521025,test,0.0,109,15,0.8,0.11009174311926606,0.1935483870967742,0.2,0.9357798165137615,0.62,0.38,550,209,0.22169811320754718,0.9038461538461539,52,212,30,6,sec_test_0004
m3_full,19521025,test,0.7,109,34,0.5,0.1559633027522936,0.2377622377622378,0.27710843373493976,1.0642201834862386,0.6678105696636925,0.3321894303363075,1457,484,0.3017241379310345,0.6730769230769231,52,116,83,23,sec_test_0004
m3_full,19521025,test,0.0,107,25,0.6,0.14018691588785046,0.22727272727272727,0.29411764705882354,0.9813084112149533,0.6814562002275313,0.3185437997724687,879,280,0.25142857142857145,0.8148148148148148,54,175,51,15,sec_test_0005
m3_full,19521025,test,0.7,107,58,0.5344827586206896,0.2897196261682243,0.3757575757575757,0.3523809523809524,1.1214953271028036,0.653071253071253,0.3469287469287469,2035,706,0.5555555555555556,0.5555555555555556,54,54,105,37,sec_test_0005
m3_full,19521025,test,0.0,108,21,0.5238095238095238,0.10185185185185185,0.1705426356589147,0.2571428571428571,0.9907407407407407,0.6760330578512397,0.3239669421487603,605,196,0.22439024390243903,0.8679245283018868,53,205,35,9,sec_test_0006
m3_full,19521025,test,0.7,108,56,0.5357142857142857,0.2777777777777778,0.36585365853658536,0.37254901960784315,1.0925925925925926,0.6955852156057495,0.3044147843942505,1948,593,0.421875,0.5094339622641509,53,64,102,38,sec_test_0006
m3_full,19521025,test,0.0,112,25,0.76,0.16964285714285715,0.2773722627737226,0.08888888888888889,0.9017857142857143,0.7047619047619047,0.29523809523809524,735,217,0.19487179487179487,0.7755102040816326,49,195,45,4,sec_test_0007
m3_full,19521025,test,0.7,112,65,0.5076923076923077,0.29464285714285715,0.37288135593220334,0.3113207547169811,1.0803571428571428,0.6854917234664071,0.314508276533593,2054,646,0.5087719298245614,0.5918367346938775,49,57,106,33,sec_test_0007
m3_full,19521025,test,0.0,106,20,0.55,0.10377358490566038,0.17460317460317462,0.17777777777777778,0.9528301886792453,0.6423357664233577,0.35766423357664234,685,245,0.23711340206185566,0.8363636363636363,55,194,45,8,sec_test_0008
m3_full,19521025,test,0.7,106,58,0.5172413793103449,0.2830188679245283,0.36585365853658536,0.2719298245614035,1.1226415094339623,0.6767822736030829,0.32321772639691715,2076,671,0.5625,0.4909090909090909,55,48,114,31,sec_test_0008
m3_full,19521025,test,0.0,108,13,0.5384615384615384,0.06481481481481481,0.11570247933884298,0.22580645161290322,1.0185185185185186,0.719438877755511,0.280561122244489,499,140,0.2222222222222222,0.9056603773584906,53,216,31,7,sec_test_0009
m3_full,19521025,test,0.7,108,45,0.5333333333333333,0.2222222222222222,0.3137254901960784,0.31313131313131315,1.1666666666666667,0.678011885467315,0.32198811453268505,1851,596,0.3783783783783784,0.5283018867924528,53,74,99,31,sec_test_0009
m3_full,19521025,test,0.0,110,8,0.5,0.03636363636363636,0.06779661016949153,0.2413793103448276,1.0454545454545454,0.6807095343680709,0.31929046563192903,451,144,0.20179372197309417,0.8823529411764706,51,223,29,7,sec_test_0010
m3_full,19521025,test,0.7,110,34,0.5294117647058824,0.16363636363636364,0.24999999999999997,0.25301204819277107,1.0636363636363637,0.7134372680029696,0.2865627319970304,1347,386,0.25,0.6274509803921569,51,128,83,21,sec_test_0010
m3_full,19521025,test,0.0,98,22,0.7272727272727273,0.16326530612244897,0.26666666666666666,0.1568627450980392,0.9489795918367347,0.6972909305064783,0.3027090694935218,849,257,0.2958579881656805,0.7936507936507936,63,169,51,8,sec_test_0011
m3_full,19521025,test,0.7,98,51,0.43137254901960786,0.22448979591836735,0.29530201342281875,0.3247863247863248,1.3571428571428572,0.6712852365026278,0.3287147634973722,2093,688,0.7631578947368421,0.4603174603174603,63,38,117,38,sec_test_0011
m3_full,19521025,test,0.0,116,13,0.9230769230769231,0.10344827586206896,0.18604651162790697,0.11764705882352941,0.9741379310344828,0.7201646090534979,0.27983539094650206,486,136,0.19111111111111112,0.9555555555555556,45,225,34,4,sec_test_0012
m3_full,19521025,test,0.7,116,58,0.5862068965517241,0.29310344827586204,0.3908045977011494,0.28440366972477066,1.0517241379310345,0.7011788826242953,0.29882111737570477,1951,583,0.4084507042253521,0.6444444444444445,45,71,109,31,sec_test_0012
no_rel,19521011,dev,0.0,113,9,0.7777777777777778,0.061946902654867256,0.11475409836065573,0.13513513513513514,0.9823008849557522,0.7888198757763976,0.2111801242236025,483,102,0.1981981981981982,0.9166666666666666,48,222,37,5,sec_dev_0000
no_rel,19521011,dev,0.7,113,45,0.6222222222222222,0.24778761061946902,0.3544303797468355,0.3017241379310345,1.168141592920354,0.7137791286727457,0.2862208713272543,1974,565,0.47692307692307695,0.6458333333333334,48,65,116,35,sec_dev_0000
no_rel,19521011,dev,0.0,111,2,1.0,0.018018018018018018,0.035398230088495575,0.0,0.9819819819819819,0.8769230769230769,0.12307692307692308,65,8,0.18867924528301888,1.0,50,265,5,0,sec_dev_0001
no_rel,19521011,dev,0.7,111,18,0.6111111111111112,0.0990990990990991,0.17054263565891473,0.22388059701492538,1.063063063063063,0.6900296150049359,0.3099703849950642,1013,314,0.22560975609756098,0.74,50,164,67,15,sec_dev_0001
no_rel,19521011,dev,0.0,112,2,1.0,0.017857142857142856,0.03508771929824561,0.1111111111111111,0.9821428571428571,0.9189189189189189,0.08108108108108109,111,9,0.18007662835249041,0.9591836734693877,49,261,9,1,sec_dev_0002
no_rel,19521011,dev,0.7,112,24,0.5,0.10714285714285714,0.17647058823529413,0.21951219512195122,1.0714285714285714,0.7166123778501629,0.28338762214983715,1228,348,0.23943661971830985,0.6938775510204082,49,142,82,18,sec_dev_0002
no_rel,19521011,dev,0.0,104,9,0.6666666666666666,0.057692307692307696,0.10619469026548674,0.16,0.9711538461538461,0.8123076923076923,0.18769230769230769,325,61,0.2391304347826087,0.9649122807017544,57,230,25,4,sec_dev_0003
no_rel,19521011,dev,0.7,104,42,0.6904761904761905,0.27884615384615385,0.3972602739726028,0.23008849557522124,1.0384615384615385,0.7332595462091864,0.2667404537908135,1807,482,0.4657534246575342,0.5964912280701754,57,73,113,26,sec_dev_0003
no_rel,19521011,dev,0.0,117,4,0.5,0.017094017094017096,0.03305785123966942,0.0625,1.0,0.8350515463917526,0.16494845360824742,194,32,0.16342412451361868,0.9545454545454546,44,257,16,1,sec_dev_0004
no_rel,19521011,dev,0.7,117,34,0.5882352941176471,0.17094017094017094,0.26490066225165565,0.22727272727272727,1.1367521367521367,0.7423312883435582,0.25766871165644173,1630,420,0.3076923076923077,0.7272727272727273,44,104,110,25,sec_dev_0004
no_rel,19521011,dev,0.0,121,10,0.9,0.0743801652892562,0.13740458015267176,0.06976744186046512,0.9586776859504132,0.8126232741617356,0.1873767258382643,507,95,0.17180616740088106,0.975,40,227,43,3,sec_dev_0005
no_rel,19521011,dev,0.7,121,59,0.6610169491525424,0.32231404958677684,0.4333333333333333,0.3178294573643411,1.0909090909090908,0.71240345297592,0.28759654702407994,2201,633,0.5714285714285714,0.7,40,49,129,41,sec_dev_0005
no_rel,19521011,dev,0.0,106,1,1.0,0.009433962264150943,0.018691588785046728,0.2222222222222222,1.009433962264151,0.8198198198198199,0.18018018018018017,111,20,0.21568627450980393,1.0,55,255,9,2,sec_dev_0006
no_rel,19521011,dev,0.7,106,28,0.4642857142857143,0.12264150943396226,0.19402985074626866,0.24489795918367346,1.150943396226415,0.7349137931034483,0.2650862068965517,1392,369,0.3220338983050847,0.6909090909090909,55,118,98,24,sec_dev_0006
no_rel,19521011,dev,0.0,107,2,0.5,0.009345794392523364,0.018348623853211007,0.09090909090909091,0.9906542056074766,0.8403361344537815,0.15966386554621848,119,19,0.20392156862745098,0.9629629629629629,54,255,11,1,sec_dev_0007
no_rel,19521011,dev,0.7,107,26,0.6153846153846154,0.14953271028037382,0.24060150375939848,0.1625,1.0467289719626167,0.7208695652173913,0.2791304347826087,1150,321,0.2896551724137931,0.7777777777777778,54,145,80,13,sec_dev_0007
no_rel,19521011,dev,0.0,109,2,1.0,0.01834862385321101,0.03603603603603604,0.25,0.9908256880733946,0.6962025316455696,0.3037974683544304,158,48,0.19367588932806323,0.9423076923076923,52,253,12,3,sec_dev_0008
no_rel,19521011,dev,0.7,109,36,0.6111111111111112,0.2018348623853211,0.30344827586206896,0.2,1.0642201834862386,0.7206153846153847,0.2793846153846154,1625,454,0.29896907216494845,0.5576923076923077,52,97,105,21,sec_dev_0008
no_rel,19521011,dev,0.0,110,10,0.5,0.045454545454545456,0.08333333333333334,0.21875,0.990909090909091,0.7756410256410257,0.22435897435897437,468,105,0.21266968325791855,0.9215686274509803,51,221,32,7,sec_dev_0009
no_rel,19521011,dev,0.7,110,59,0.6440677966101694,0.34545454545454546,0.4497041420118343,0.24166666666666667,1.009090909090909,0.7331707317073171,0.26682926829268294,2050,547,0.48148148148148145,0.5098039215686274,51,54,120,29,sec_dev_0009
no_rel,19521011,dev,0.0,104,5,0.6,0.028846153846153848,0.05504587155963303,0.10526315789473684,0.9807692307692307,0.8340248962655602,0.16597510373443983,241,40,0.2301255230125523,0.9649122807017544,57,239,19,2,sec_dev_0010
no_rel,19521011,dev,0.7,104,43,0.6046511627906976,0.25,0.35374149659863946,0.21621621621621623,1.0480769230769231,0.722750139742873,0.2772498602571269,1789,496,0.49333333333333335,0.6491228070175439,57,75,111,24,sec_dev_0010
no_rel,19521011,dev,0.0,105,12,0.75,0.08571428571428572,0.15384615384615383,0.125,0.9428571428571428,0.7642857142857142,0.2357142857142857,560,132,0.22815533980582525,0.8392857142857143,56,206,40,5,sec_dev_0011
no_rel,19521011,dev,0.7,105,50,0.56,0.26666666666666666,0.3612903225806452,0.26956521739130435,1.0952380952380953,0.7153652392947103,0.28463476070528965,1985,565,0.5178571428571429,0.5178571428571429,56,56,115,31,sec_dev_0011
no_rel,19521011,test,0.0,110,4,1.0,0.03636363636363636,0.07017543859649122,0.13636363636363635,0.9727272727272728,0.832089552238806,0.16791044776119404,268,45,0.19421487603305784,0.9215686274509803,51,242,22,3,sec_test_0000
no_rel,19521011,test,0.7,110,51,0.5882352941176471,0.2727272727272727,0.37267080745341613,0.24369747899159663,1.0363636363636364,0.7466948704389211,0.2533051295610788,1891,479,0.4142857142857143,0.5686274509803921,51,70,119,29,sec_test_0000
no_rel,19521011,test,0.0,106,2,1.0,0.018867924528301886,0.037037037037037035,0.05,1.0188679245283019,0.8363636363636364,0.16363636363636364,220,36,0.21810699588477367,0.9636363636363636,55,243,20,1,sec_test_0001
no_rel,19521011,test,0.7,106,43,0.6511627906976745,0.2641509433962264,0.37583892617449666,0.24761904761904763,1.009433962264151,0.7287833827893175,0.2712166172106825,1685,457,0.36363636363636365,0.5818181818181818,55,88,105,26,sec_test_0001
no_rel,19521011,test,0.0,114,2,0.5,0.008771929824561403,0.017241379310344827,0.25,0.9912280701754386,0.9196428571428571,0.08035714285714286,112,9,0.17870722433460076,1.0,47,263,8,2,sec_test_0002
no_rel,19521011,test,0.7,114,37,0.43243243243243246,0.14035087719298245,0.2119205298013245,0.3191489361702128,1.1403508771929824,0.7429305912596401,0.2570694087403599,1556,400,0.3,0.7021276595744681,47,110,94,30,sec_test_0002
no_rel,19521011,test,0.0,111,7,0.5714285714285714,0.036036036036036036,0.06779661016949153,0.08695652173913043,0.972972972972973,0.8264984227129337,0.17350157728706625,317,55,0.19327731092436976,0.92,50,238,23,2,sec_test_0003
no_rel,19521011,test,0.7,111,50,0.66,0.2972972972972973,0.4099378881987578,0.3090909090909091,1.009009009009009,0.6963917525773196,0.3036082474226804,1940,589,0.417910447761194,0.56,50,67,110,34,sec_test_0003
no_rel,19521011,test,0.0,109,5,0.6,0.027522935779816515,0.05263157894736843,0.23809523809523808,0.9908256880733946,0.7022653721682848,0.2977346278317152,309,92,0.20253164556962025,0.9230769230769231,52,237,21,5,sec_test_0004
no_rel,19521011,test,0.7,109,43,0.6976744186046512,0.27522935779816515,0.39473684210526316,0.23636363636363636,0.9908256880733946,0.7133333333333334,0.2866666666666667,1800,516,0.3924050632911392,0.5961538461538461,52,79,110,26,sec_test_0004
no_rel,19521011,test,0.0,107,0,0.0,0.0,0.0,0.14285714285714285,1.0093457943925233,0.7534246575342466,0.2465753424657534,73,18,0.2076923076923077,1.0,54,260,7,1,sec_test_0005
no_rel,19521011,test,0.7,107,21,0.5714285714285714,0.11214953271028037,0.18749999999999997,0.22666666666666666,1.0934579439252337,0.7286343612334802,0.2713656387665198,1135,308,0.2789115646258503,0.7592592592592593,54,147,75,17,sec_test_0005
no_rel,19521011,test,0.0,108,3,0.6666666666666666,0.018518518518518517,0.036036036036036036,0.16666666666666666,0.9907407407407407,0.6868686868686869,0.31313131313131315,198,62,0.20161290322580644,0.9433962264150944,53,248,12,2,sec_test_0006
no_rel,19521011,test,0.7,108,30,0.5666666666666667,0.1574074074074074,0.24637681159420288,0.20212765957446807,1.0648148148148149,0.7713884992987378,0.22861150070126227,1426,326,0.3076923076923077,0.6792452830188679,53,117,94,19,sec_test_0006
no_rel,19521011,test,0.0,112,11,0.6363636363636364,0.0625,0.11382113821138211,0.08571428571428572,0.9732142857142857,0.7705263157894737,0.2294736842105263,475,109,0.19369369369369369,0.8775510204081632,49,222,35,3,sec_test_0007
no_rel,19521011,test,0.7,112,55,0.6,0.29464285714285715,0.3952095808383234,0.29310344827586204,1.0803571428571428,0.7059686888454011,0.29403131115459885,2044,601,0.43859649122807015,0.5102040816326531,49,57,116,34,sec_test_0007
no_rel,19521011,test,0.0,106,3,1.0,0.02830188679245283,0.055045871559633024,0.05263157894736842,0.9716981132075472,0.8530805687203792,0.14691943127962084,211,31,0.21311475409836064,0.9454545454545454,55,244,19,1,sec_test_0008
no_rel,19521011,test,0.7,106,32,0.8125,0.24528301886792453,0.37681159420289856,0.15463917525773196,0.9528301886792453,0.7702037947997189,0.2297962052002811,1423,327,0.3217391304347826,0.6727272727272727,55,115,97,15,sec_test_0008
no_rel,19521011,test,0.0,108,3,0.6666666666666666,0.018518518518518517,0.036036036036036036,0.06666666666666667,0.9907407407407407,0.8787878787878788,0.12121212121212122,165,20,0.20318725099601595,0.9622641509433962,53,251,15,1,sec_test_0009
no_rel,19521011,test,0.7,108,27,0.5555555555555556,0.1388888888888889,0.22222222222222227,0.2911392405063291,1.0833333333333333,0.7296669248644462,0.2703330751355538,1291,349,0.2878787878787879,0.7169811320754716,53,132,79,23,sec_test_0009
no_rel,19521011,test,0.0,110,2,0.0,0.0,0.0,0.125,1.0,0.7678571428571428,0.23214285714285715,112,26,0.18532818532818532,0.9411764705882353,51,259,8,1,sec_test_0010
no_rel,19521011,test,0.7,110,19,0.7368421052631579,0.12727272727272726,0.21705426356589141,0.1111111111111111,1.0454545454545454,0.7929824561403509,0.20701754385964913,1140,236,0.21621621621621623,0.6274509803921569,51,148,90,10,sec_test_0010
no_rel,19521011,test,0.0,98,8,1.0,0.08163265306122448,0.15094339622641506,0.02564102564102564,0.9591836734693877,0.8480725623582767,0.15192743764172337,441,67,0.2559241706161137,0.8571428571428571,63,211,39,1,sec_test_0011
no_rel,19521011,test,0.7,98,50,0.68,0.3469387755102041,0.4594594594594595,0.20168067226890757,1.0204081632653061,0.7319535588086825,0.26804644119131754,1981,531,0.5714285714285714,0.4444444444444444,63,49,119,24,sec_test_0011
no_rel,19521011,test,0.0,116,7,0.8571428571428571,0.05172413793103448,0.09756097560975609,0.16,0.9741379310344828,0.8523076923076923,0.1476923076923077,325,48,0.17768595041322313,0.9555555555555556,45,242,25,4,sec_test_0012
no_rel,19521011,test,0.7,116,48,0.6666666666666666,0.27586206896551724,0.3902439024390244,0.25,0.9655172413793104,0.7776523702031602,0.22234762979683972,1772,394,0.3146067415730337,0.6222222222222222,45,89,108,27,sec_test_0012
no_rel,19521012,dev,0.0,113,8,0.625,0.04424778761061947,0.08264462809917357,0.17073170731707318,1.0353982300884956,0.7717996289424861,0.22820037105751392,539,123,0.20833333333333334,0.9375,48,216,41,7,sec_dev_0000
no_rel,19521012,dev,0.7,113,45,0.7333333333333333,0.2920353982300885,0.4177215189873418,0.2608695652173913,1.2212389380530972,0.7394106813996317,0.2605893186003683,2172,566,0.6046511627906976,0.5416666666666666,48,43,138,36,sec_dev_0000
no_rel,19521012,dev,0.0,111,10,0.8,0.07207207207207207,0.13223140495867766,0.08333333333333333,0.972972972972973,0.7658227848101266,0.23417721518987342,474,111,0.21266968325791855,0.94,50,221,36,3,sec_dev_0001
no_rel,19521012,dev,0.7,111,54,0.7037037037037037,0.34234234234234234,0.4606060606060606,0.22900763358778625,1.0360360360360361,0.7379209370424598,0.26207906295754024,2049,537,0.5370370370370371,0.58,50,54,131,30,sec_dev_0001
no_rel,19521012,dev,0.0,112,7,0.8571428571428571,0.05357142857142857,0.10084033613445377,0.1,0.9553571428571429,0.7948717948717949,0.20512820512820512,390,80,0.1774891774891775,0.8367346938775511,49,231,30,3,sec_dev_0002
no_rel,19521012,dev,0.7,112,53,0.6792452830188679,0.32142857142857145,0.43636363636363634,0.2727272727272727,1.1607142857142858,0.7170252572497662,0.2829747427502339,2138,605,0.6304347826086957,0.5918367346938775,49,46,132,36,sec_dev_0002
no_rel,19521012,dev,0.0,104,11,0.6363636363636364,0.0673076923076923,0.12173913043478261,0.12903225806451613,0.9615384615384616,0.801909307875895,0.19809069212410502,419,83,0.2409090909090909,0.9298245614035088,57,220,31,4,sec_dev_0003
no_rel,19521012,dev,0.7,104,49,0.6938775510204082,0.3269230769230769,0.4444444444444444,0.1678832116788321,1.1538461538461537,0.7451260104612458,0.2548739895387542,2103,536,0.6585365853658537,0.47368421052631576,57,41,137,23,sec_dev_0003
no_rel,19521012,dev,0.0,117,17,0.7058823529411765,0.10256410256410256,0.17910447761194032,0.1875,0.9572649572649573,0.7520775623268698,0.24792243767313019,722,179,0.1890547263681592,0.8636363636363636,44,201,48,9,sec_dev_0004
no_rel,19521012,dev,0.7,117,59,0.6779661016949152,0.3418803418803419,0.4545454545454545,0.23703703703703705,1.0512820512820513,0.7371298405466971,0.26287015945330294,2195,577,0.5555555555555556,0.5681818181818182,44,45,135,32,sec_dev_0004
no_rel,19521012,dev,0.0,121,19,0.9473684210526315,0.1487603305785124,0.2571428571428571,0.057692307692307696,0.9008264462809917,0.813953488372093,0.18604651162790697,688,128,0.1778846153846154,0.925,40,208,52,3,sec_dev_0005
no_rel,19521012,dev,0.7,121,67,0.7313432835820896,0.4049586776859504,0.5212765957446809,0.2642857142857143,1.0495867768595042,0.7353191489361702,0.26468085106382977,2350,622,0.7575757575757576,0.625,40,33,140,37,sec_dev_0005
no_rel,19521012,dev,0.0,106,11,0.7272727272727273,0.07547169811320754,0.13675213675213674,0.07894736842105263,0.9622641509433962,0.8360995850622407,0.16390041493775934,482,79,0.22790697674418606,0.8909090909090909,55,215,38,3,sec_dev_0006
no_rel,19521012,dev,0.7,106,56,0.7321428571428571,0.3867924528301887,0.5061728395061728,0.2076923076923077,1.009433962264151,0.7376190476190476,0.2623809523809524,2100,551,0.6136363636363636,0.4909090909090909,55,44,130,27,sec_dev_0006
no_rel,19521012,dev,0.0,107,7,0.7142857142857143,0.04672897196261682,0.08771929824561403,0.11764705882352941,0.9813084112149533,0.7155963302752293,0.28440366972477066,436,124,0.2171945701357466,0.8888888888888888,54,221,34,4,sec_dev_0007
no_rel,19521012,dev,0.7,107,46,0.6956521739130435,0.29906542056074764,0.41830065359477114,0.2204724409448819,1.102803738317757,0.6989670437776685,0.3010329562223315,2033,612,0.5,0.48148148148148145,54,52,127,28,sec_dev_0007
no_rel,19521012,dev,0.0,109,16,0.75,0.11009174311926606,0.192,0.1951219512195122,0.9541284403669725,0.753577106518283,0.246422893481717,629,155,0.2315270935960591,0.9038461538461539,52,203,41,8,sec_dev_0008
no_rel,19521012,dev,0.7,109,56,0.625,0.3211009174311927,0.42424242424242425,0.1925925925925926,1.1192660550458715,0.736,0.264,2125,561,0.5909090909090909,0.5,52,44,135,26,sec_dev_0008
no_rel,19521012,dev,0.0,110,15,0.7333333333333333,0.1,0.17600000000000002,0.2222222222222222,1.0,0.7792,0.2208,625,138,0.23529411764705882,0.9411764705882353,51,204,45,10,sec_dev_0009
no_rel,19521012,dev,0.7,110,58,0.6551724137931034,0.34545454545454546,0.4523809523809524,0.21739130434782608,1.1363636363636365,0.7452316076294279,0.2547683923705722,2202,561,0.6756756756756757,0.49019607843137253,51,37,138,30,sec_dev_0009
no_rel,19521012,dev,0.0,104,8,0.625,0.04807692307692308,0.08928571428571429,0.11627906976744186,1.0192307692307692,0.7736943907156673,0.2263056092843327,517,117,0.24880382775119617,0.9122807017543859,57,209,43,5,sec_dev_0010
no_rel,19521012,dev,0.7,104,59,0.6610169491525424,0.375,0.4785276073619632,0.18181818181818182,1.0,0.7383222116301239,0.2616777883698761,2098,549,0.6428571428571429,0.47368421052631576,57,42,132,24,sec_dev_0010
no_rel,19521012,dev,0.0,105,7,0.8571428571428571,0.05714285714285714,0.10714285714285714,0.1388888888888889,0.9809523809523809,0.7797356828193833,0.22026431718061673,454,100,0.22580645161290322,0.875,56,217,36,5,sec_dev_0011
no_rel,19521012,dev,0.7,105,54,0.6296296296296297,0.3238095238095238,0.4276729559748428,0.2153846153846154,1.0952380952380953,0.7404878048780488,0.25951219512195123,2050,532,0.5833333333333334,0.5,56,48,130,28,sec_dev_0011
no_rel,19521012,test,0.0,110,10,0.9,0.08181818181818182,0.15,0.05405405405405406,0.9363636363636364,0.8185745140388769,0.18142548596112312,463,84,0.19004524886877827,0.8235294117647058,51,221,37,2,sec_test_0000
no_rel,19521012,test,0.7,110,50,0.6,0.2727272727272727,0.37499999999999994,0.19424460431654678,1.1545454545454545,0.7637906647807637,0.2362093352192362,2121,501,0.5555555555555556,0.49019607843137253,51,45,139,27,sec_test_0000
no_rel,19521012,test,0.0,106,21,0.7619047619047619,0.1509433962264151,0.25196850393700787,0.15555555555555556,0.8867924528301887,0.7333333333333334,0.26666666666666666,705,188,0.24479166666666666,0.8545454545454545,55,192,45,7,sec_test_0001
no_rel,19521012,test,0.7,106,65,0.676923076923077,0.41509433962264153,0.5146198830409356,0.22950819672131148,0.9905660377358491,0.7047315741583258,0.29526842584167423,2198,649,0.7428571428571429,0.4727272727272727,55,35,122,28,sec_test_0001
no_rel,19521012,test,0.0,114,7,0.8571428571428571,0.05263157894736842,0.09917355371900825,0.17142857142857143,1.0263157894736843,0.7934065934065935,0.20659340659340658,455,94,0.19911504424778761,0.9574468085106383,47,226,35,6,sec_test_0002
no_rel,19521012,test,0.7,114,48,0.625,0.2631578947368421,0.37037037037037035,0.27906976744186046,1.2105263157894737,0.7292576419213974,0.27074235807860264,2061,558,0.5,0.5957446808510638,47,56,129,36,sec_test_0002
no_rel,19521012,test,0.0,111,7,0.5714285714285714,0.036036036036036036,0.06779661016949153,0.10714285714285714,0.990990990990991,0.7514619883040936,0.24853801169590642,342,85,0.19148936170212766,0.9,50,235,28,3,sec_test_0003
no_rel,19521012,test,0.7,111,44,0.6818181818181818,0.2702702702702703,0.3870967741935484,0.1640625,1.1441441441441442,0.7823343848580442,0.21766561514195584,1902,414,0.4057971014492754,0.56,50,69,128,21,sec_test_0003
no_rel,19521012,test,0.0,109,5,1.0,0.045871559633027525,0.08771929824561404,0.11538461538461539,0.981651376146789,0.7844311377245509,0.2155688622754491,334,72,0.20512820512820512,0.9230769230769231,52,234,26,3,sec_test_0004
no_rel,19521012,test,0.7,109,54,0.6666666666666666,0.3302752293577982,0.441717791411043,0.21052631578947367,1.128440366972477,0.7303803562831006,0.2696196437168994,2077,560,0.5918367346938775,0.5576923076923077,52,49,133,28,sec_test_0004
no_rel,19521012,test,0.0,107,10,0.8,0.07476635514018691,0.13675213675213674,0.0975609756097561,1.0,0.8096192384769539,0.1903807615230461,499,95,0.2336448598130841,0.9259259259259259,54,214,41,4,sec_test_0005
no_rel,19521012,test,0.7,107,53,0.5849056603773585,0.2897196261682243,0.38749999999999996,0.24615384615384617,1.1495327102803738,0.757345971563981,0.24265402843601896,2110,512,0.5909090909090909,0.48148148148148145,54,44,130,32,sec_test_0005
no_rel,19521012,test,0.0,108,9,0.6666666666666666,0.05555555555555555,0.10256410256410256,0.16129032258064516,1.0,0.8084632516703786,0.1915367483296214,449,86,0.22171945701357465,0.9245283018867925,53,221,31,5,sec_test_0006
no_rel,19521012,test,0.7,108,50,0.78,0.3611111111111111,0.49367088607594933,0.2196969696969697,1.0555555555555556,0.7623339658444023,0.23766603415559773,2108,501,0.5777777777777777,0.49056603773584906,53,45,132,29,sec_test_0006
no_rel,19521012,test,0.0,112,7,0.7142857142857143,0.044642857142857144,0.08403361344537816,0.037037037037037035,0.9732142857142857,0.805111821086262,0.19488817891373802,313,61,0.17573221757322174,0.8571428571428571,49,239,27,1,sec_test_0007
no_rel,19521012,test,0.7,112,54,0.6481481481481481,0.3125,0.4216867469879518,0.21705426356589147,1.0535714285714286,0.7388535031847134,0.2611464968152866,2041,533,0.44642857142857145,0.5102040816326531,49,56,129,28,sec_test_0007
no_rel,19521012,test,0.0,106,9,0.5555555555555556,0.04716981132075472,0.08695652173913045,0.1,1.028301886792453,0.7673913043478261,0.2326086956521739,460,107,0.2304147465437788,0.9090909090909091,55,217,40,4,sec_test_0008
no_rel,19521012,test,0.7,106,56,0.6428571428571429,0.33962264150943394,0.4444444444444444,0.2074074074074074,1.1320754716981132,0.7425790754257908,0.25742092457420923,2055,529,0.6041666666666666,0.5272727272727272,55,48,135,28,sec_test_0008
no_rel,19521012,test,0.0,108,7,0.5714285714285714,0.037037037037037035,0.06956521739130435,0.16129032258064516,1.037037037037037,0.7970660146699267,0.20293398533007334,409,83,0.2222222222222222,0.9433962264150944,53,225,31,5,sec_test_0009
no_rel,19521012,test,0.7,108,47,0.5957446808510638,0.25925925925925924,0.3612903225806451,0.2230769230769231,1.2037037037037037,0.7635071090047394,0.23649289099526066,2110,499,0.6222222222222222,0.5283018867924528,53,45,130,29,sec_test_0009
no_rel,19521012,test,0.0,110,1,0.0,0.0,0.0,0.041666666666666664,1.0454545454545454,0.8983050847457628,0.1016949152542373,236,24,0.19591836734693877,0.9411764705882353,51,245,24,1,sec_test_0010
no_rel,19521012,test,0.7,110,50,0.56,0.2545454545454545,0.35,0.23357664233576642,1.1818181818181819,0.7791225416036309,0.22087745839636913,1983,438,0.4745762711864407,0.5490196078431373,51,59,137,32,sec_test_0010
no_rel,19521012,test,0.0,98,5,0.4,0.02040816326530612,0.03883495145631067,0.12121212121212122,1.0204081632653061,0.8328912466843501,0.16710875331564987,377,63,0.25688073394495414,0.8888888888888888,63,218,33,4,sec_test_0011
no_rel,19521012,test,0.7,98,52,0.6346153846153846,0.336734693877551,0.43999999999999995,0.2421875,1.1020408163265305,0.7433888344760039,0.2566111655239961,2042,524,0.6428571428571429,0.42857142857142855,63,42,128,31,sec_test_0011
no_rel,19521012,test,0.0,116,7,0.7142857142857143,0.04310344827586207,0.0813008130081301,0.1724137931034483,1.0086206896551724,0.8113207547169812,0.18867924528301888,371,70,0.1729957805907173,0.9111111111111111,45,237,29,5,sec_test_0012
no_rel,19521012,test,0.7,116,55,0.6727272727272727,0.31896551724137934,0.43274853801169594,0.2462686567164179,1.1120689655172413,0.7383348581884721,0.2616651418115279,2186,572,0.6,0.6,45,45,134,33,sec_test_0012
no_rel,19521013,dev,0.0,113,8,0.75,0.05309734513274336,0.09917355371900827,0.1111111111111111,1.0265486725663717,0.729957805907173,0.270042194092827,474,128,0.21076233183856502,0.9791666666666666,48,223,36,4,sec_dev_0000
no_rel,19521013,dev,0.7,113,43,0.5581395348837209,0.21238938053097345,0.3076923076923077,0.2540983606557377,1.2300884955752212,0.7026759167492567,0.29732408325074333,2018,600,0.43333333333333335,0.5416666666666666,48,60,122,31,sec_dev_0000
no_rel,19521013,dev,0.0,111,30,0.7333333333333333,0.1981981981981982,0.31205673758865243,0.20634920634920634,0.918918918918919,0.7604673807205453,0.2395326192794547,1027,246,0.2331288343558282,0.76,50,163,63,13,sec_dev_0001
no_rel,19521013,dev,0.7,111,54,0.6481481481481481,0.3153153153153153,0.42424242424242425,0.2892561983471074,1.0990990990990992,0.6807817589576548,0.31921824104234525,2149,686,0.6,0.54,50,45,121,35,sec_dev_0001
no_rel,19521013,dev,0.0,112,10,0.7,0.0625,0.11475409836065574,0.1,0.9732142857142857,0.8038461538461539,0.19615384615384615,520,102,0.19815668202764977,0.8775510204081632,49,217,40,4,sec_dev_0002
no_rel,19521013,dev,0.7,112,56,0.6785714285714286,0.3392857142857143,0.45238095238095244,0.2564102564102564,0.9821428571428571,0.7209186220668997,0.27908137793310034,2003,559,0.45901639344262296,0.5714285714285714,49,61,117,30,sec_dev_0002
no_rel,19521013,dev,0.0,104,6,0.6666666666666666,0.038461538461538464,0.07272727272727274,0.09375,1.0192307692307692,0.7566137566137566,0.24338624338624337,378,92,0.22767857142857142,0.8947368421052632,57,224,32,3,sec_dev_0003
no_rel,19521013,dev,0.7,104,41,0.5365853658536586,0.21153846153846154,0.30344827586206896,0.15503875968992248,1.2019230769230769,0.7636159460976979,0.23638405390230208,1781,421,0.4189189189189189,0.543859649122807,57,74,129,20,sec_dev_0003
no_rel,19521013,dev,0.0,117,20,0.85,0.1452991452991453,0.24817518248175183,0.1864406779661017,0.9487179487179487,0.7649823736780259,0.23501762632197415,851,200,0.19786096256684493,0.8409090909090909,44,187,59,11,sec_dev_0004
no_rel,19521013,dev,0.7,117,60,0.7,0.358974358974359,0.4745762711864407,0.24615384615384617,1.0427350427350428,0.719626168224299,0.2803738317757009,2140,600,0.5490196078431373,0.6363636363636364,44,51,130,32,sec_dev_0004
no_rel,19521013,dev,0.0,121,29,0.7931034482758621,0.19008264462809918,0.30666666666666664,0.1875,0.9090909090909091,0.751434034416826,0.248565965583174,1046,260,0.2046783625730994,0.875,40,171,64,12,sec_dev_0005
no_rel,19521013,dev,0.7,121,63,0.6984126984126984,0.36363636363636365,0.4782608695652174,0.28225806451612906,0.9917355371900827,0.7251805054151624,0.27481949458483756,2216,609,0.6458333333333334,0.775,40,48,124,35,sec_dev_0005
no_rel,19521013,dev,0.0,106,17,0.5882352941176471,0.09433962264150944,0.1626016260162602,0.1282051282051282,0.9339622641509434,0.795417348608838,0.20458265139116202,611,125,0.21782178217821782,0.8,55,202,39,5,sec_dev_0006
no_rel,19521013,dev,0.7,106,56,0.625,0.330188679245283,0.43209876543209874,0.19491525423728814,0.9905660377358491,0.7429006085192698,0.25709939148073024,1972,507,0.4482758620689655,0.4727272727272727,55,58,118,23,sec_dev_0006
no_rel,19521013,dev,0.0,107,23,0.6956521739130435,0.14953271028037382,0.2461538461538461,0.19230769230769232,0.9158878504672897,0.7180451127819549,0.2819548872180451,798,225,0.22950819672131148,0.7777777777777778,54,183,52,10,sec_dev_0007
no_rel,19521013,dev,0.7,107,58,0.603448275862069,0.32710280373831774,0.42424242424242425,0.3064516129032258,1.1495327102803738,0.6891891891891893,0.3108108108108108,2146,667,0.6829268292682927,0.5185185185185185,54,41,124,38,sec_dev_0007
no_rel,19521013,dev,0.0,109,18,0.7777777777777778,0.12844036697247707,0.2204724409448819,0.1724137931034483,0.9724770642201835,0.7219730941704036,0.27802690582959644,892,248,0.2342857142857143,0.7884615384615384,52,175,58,10,sec_dev_0008
no_rel,19521013,dev,0.7,109,55,0.6545454545454545,0.3302752293577982,0.4390243902439025,0.29365079365079366,1.165137614678899,0.6968864468864469,0.3031135531135531,2184,662,0.6410256410256411,0.4807692307692308,52,39,126,37,sec_dev_0008
no_rel,19521013,dev,0.0,110,15,0.9333333333333333,0.12727272727272726,0.22399999999999998,0.0784313725490196,0.9363636363636364,0.772795216741405,0.22720478325859492,669,152,0.21105527638190955,0.8235294117647058,51,199,51,4,sec_dev_0009
no_rel,19521013,dev,0.7,110,54,0.7407407407407407,0.36363636363636365,0.48780487804878053,0.22137404580152673,1.0272727272727273,0.7293378443692605,0.2706621556307395,2069,560,0.5490196078431373,0.5490196078431373,51,51,131,29,sec_dev_0009
no_rel,19521013,dev,0.0,104,17,0.8823529411764706,0.14423076923076922,0.24793388429752067,0.14,0.9230769230769231,0.7867647058823529,0.21323529411764705,680,145,0.265625,0.8947368421052632,57,192,50,7,sec_dev_0010
no_rel,19521013,dev,0.7,104,54,0.7037037037037037,0.36538461538461536,0.48101265822784806,0.1984126984126984,1.0673076923076923,0.7180638722554891,0.281936127744511,2004,565,0.5769230769230769,0.5263157894736842,57,52,126,25,sec_dev_0010
no_rel,19521013,dev,0.0,105,22,0.7272727272727273,0.1523809523809524,0.25196850393700787,0.15217391304347827,0.9333333333333333,0.8080110497237569,0.1919889502762431,724,139,0.24338624338624337,0.8214285714285714,56,189,46,7,sec_dev_0011
no_rel,19521013,dev,0.7,105,54,0.6851851851851852,0.3523809523809524,0.4654088050314466,0.2032520325203252,1.019047619047619,0.7442317133038783,0.2557682866961217,2037,521,0.52,0.4642857142857143,56,50,123,25,sec_dev_0011
no_rel,19521013,test,0.0,110,18,0.5555555555555556,0.09090909090909091,0.15625,0.24444444444444444,1.018181818181818,0.73006993006993,0.2699300699300699,715,193,0.2358974358974359,0.9019607843137255,51,195,45,11,sec_test_0000
no_rel,19521013,test,0.7,110,46,0.5434782608695652,0.22727272727272727,0.3205128205128205,0.25196850393700787,1.2181818181818183,0.726643598615917,0.27335640138408307,2023,553,0.5357142857142857,0.5882352941176471,51,56,127,32,sec_test_0000
no_rel,19521013,test,0.0,106,23,0.782608695652174,0.16981132075471697,0.27906976744186046,0.07936507936507936,0.9245283018867925,0.7864644107351225,0.21353558926487748,857,183,0.2742857142857143,0.8727272727272727,55,175,63,5,sec_test_0001
no_rel,19521013,test,0.7,106,64,0.703125,0.42452830188679247,0.5294117647058824,0.17054263565891473,0.9433962264150944,0.7479674796747968,0.25203252032520324,2091,527,0.6222222222222222,0.509090909090909,55,45,129,22,sec_test_0001
no_rel,19521013,test,0.0,114,18,0.6111111111111112,0.09649122807017543,0.16666666666666669,0.2037037037037037,1.0175438596491229,0.715311004784689,0.284688995215311,836,238,0.23118279569892472,0.9148936170212766,47,186,54,11,sec_test_0002
no_rel,19521013,test,0.7,114,57,0.6140350877192983,0.30701754385964913,0.40935672514619886,0.32231404958677684,1.1491228070175439,0.6889521100047415,0.3110478899952584,2109,656,0.5192307692307693,0.574468085106383,47,52,121,39,sec_test_0002
no_rel,19521013,test,0.0,111,13,0.6923076923076923,0.08108108108108109,0.14516129032258066,0.125,0.972972972972973,0.770096463022508,0.22990353697749197,622,143,0.2097560975609756,0.86,50,205,48,6,sec_test_0003
no_rel,19521013,test,0.7,111,61,0.7213114754098361,0.3963963963963964,0.5116279069767441,0.19047619047619047,0.954954954954955,0.7350299401197604,0.26497005988023953,2004,531,0.4745762711864407,0.56,50,59,126,24,sec_test_0003
no_rel,19521013,test,0.0,109,8,0.875,0.06422018348623854,0.11965811965811966,0.14814814814814814,0.9541284403669725,0.739946380697051,0.26005361930294907,373,97,0.20869565217391303,0.9230769230769231,52,230,27,4,sec_test_0004
no_rel,19521013,test,0.7,109,41,0.7073170731707317,0.26605504587155965,0.3866666666666667,0.24369747899159663,1.0825688073394495,0.724194429273621,0.275805570726379,1831,505,0.36,0.5192307692307693,52,75,119,29,sec_test_0004
no_rel,19521013,test,0.0,107,21,0.7619047619047619,0.14953271028037382,0.24999999999999997,0.12903225806451613,0.9532710280373832,0.7733485193621867,0.2266514806378132,878,199,0.22988505747126436,0.7407407407407407,54,174,62,8,sec_test_0005
no_rel,19521013,test,0.7,107,62,0.7096774193548387,0.411214953271028,0.5207100591715976,0.23622047244094488,1.0,0.7308216068996822,0.26917839310031777,2203,593,0.7142857142857143,0.46296296296296297,54,35,127,30,sec_test_0005
no_rel,19521013,test,0.0,108,7,0.7142857142857143,0.046296296296296294,0.08695652173913043,0.10344827586206896,0.9814814814814815,0.8286445012787724,0.17135549872122763,391,67,0.21145374449339208,0.9056603773584906,53,227,29,3,sec_test_0006
no_rel,19521013,test,0.7,108,40,0.675,0.25,0.36486486486486486,0.1565217391304348,1.0740740740740742,0.7634782608695652,0.23652173913043478,1725,408,0.3764705882352941,0.6037735849056604,53,85,115,18,sec_test_0006
no_rel,19521013,test,0.0,112,26,0.5384615384615384,0.125,0.20289855072463767,0.22807017543859648,1.0178571428571428,0.7200402819738168,0.2799597180261833,993,278,0.23214285714285715,0.7959183673469388,49,168,57,13,sec_test_0007
no_rel,19521013,test,0.7,112,59,0.5932203389830508,0.3125,0.40935672514619886,0.22580645161290322,1.0982142857142858,0.739109390125847,0.26089060987415297,2066,539,0.48148148148148145,0.5306122448979592,49,54,124,28,sec_test_0007
no_rel,19521013,test,0.0,106,26,0.7307692307692307,0.1792452830188679,0.2878787878787879,0.17647058823529413,0.9622641509433962,0.7490671641791045,0.25093283582089554,1072,269,0.2549019607843137,0.7090909090909091,55,153,68,12,sec_test_0008
no_rel,19521013,test,0.7,106,52,0.6923076923076923,0.33962264150943394,0.4556962025316456,0.23703703703703705,1.1415094339622642,0.7328735632183908,0.2671264367816092,2175,581,0.7777777777777778,0.509090909090909,55,36,135,32,sec_test_0008
no_rel,19521013,test,0.0,108,16,0.5625,0.08333333333333333,0.14516129032258063,0.10204081632653061,1.0,0.7776096822995462,0.22239031770045387,661,147,0.2222222222222222,0.8301886792452831,53,198,49,5,sec_test_0009
no_rel,19521013,test,0.7,108,50,0.46,0.21296296296296297,0.2911392405063291,0.2833333333333333,1.2314814814814814,0.7344497607655502,0.26555023923444976,2090,555,0.5625,0.5094339622641509,53,48,120,34,sec_test_0009
no_rel,19521013,test,0.0,110,10,0.7,0.06363636363636363,0.11666666666666667,0.12121212121212122,0.9818181818181818,0.7762863534675615,0.22371364653243847,447,100,0.2062780269058296,0.9019607843137255,51,223,33,4,sec_test_0010
no_rel,19521013,test,0.7,110,42,0.7380952380952381,0.2818181818181818,0.40789473684210525,0.211864406779661,1.0727272727272728,0.7387820512820513,0.26121794871794873,1872,489,0.3888888888888889,0.5490196078431373,51,72,118,25,sec_test_0010
no_rel,19521013,test,0.0,98,21,0.7619047619047619,0.16326530612244897,0.2689075630252101,0.15,0.9489795918367347,0.750561797752809,0.24943820224719102,890,222,0.31097560975609756,0.8095238095238095,63,164,60,9,sec_test_0011
no_rel,19521013,test,0.7,98,44,0.7272727272727273,0.32653061224489793,0.45070422535211263,0.20610687022900764,1.1224489795918366,0.7386759581881532,0.2613240418118467,2009,525,0.6444444444444445,0.4603174603174603,63,45,131,27,sec_test_0011
no_rel,19521013,test,0.0,116,14,0.7857142857142857,0.09482758620689655,0.1692307692307692,0.12280701754385964,0.9913793103448276,0.7583001328021248,0.24169986719787517,753,182,0.18877551020408162,0.8222222222222222,45,196,57,7,sec_test_0012
no_rel,19521013,test,0.7,116,59,0.6271186440677966,0.31896551724137934,0.4228571428571429,0.234375,1.0603448275862069,0.7326355851569933,0.26736441484300666,2102,562,0.4444444444444444,0.5333333333333333,45,54,128,30,sec_test_0012
no_rel,19521014,dev,0.0,113,13,0.6923076923076923,0.07964601769911504,0.14285714285714285,0.13953488372093023,0.9646017699115044,0.7325769854132902,0.26742301458670986,617,165,0.20192307692307693,0.875,48,208,43,6,sec_dev_0000
no_rel,19521014,dev,0.7,113,58,0.5862068965517241,0.3008849557522124,0.3976608187134503,0.325,1.1415929203539823,0.6995391705069125,0.30046082949308756,2170,652,0.6222222222222222,0.5833333333333334,48,45,120,39,sec_dev_0000
no_rel,19521014,dev,0.0,111,16,0.8125,0.11711711711711711,0.2047244094488189,0.08695652173913043,0.9099099099099099,0.7850162866449512,0.21498371335504887,614,132,0.2087378640776699,0.86,50,206,46,4,sec_dev_0001
no_rel,19521014,dev,0.7,111,61,0.6557377049180327,0.36036036036036034,0.46511627906976744,0.26356589147286824,1.063063063063063,0.7248986942818549,0.275101305718145,2221,611,0.7027027027027027,0.52,50,37,129,34,sec_dev_0001
no_rel,19521014,dev,0.0,112,4,0.75,0.026785714285714284,0.051724137931034475,0.05,0.9821428571428571,0.8727272727272728,0.12727272727272726,220,28,0.18072289156626506,0.9183673469387755,49,249,20,1,sec_dev_0002
no_rel,19521014,dev,0.7,112,50,0.68,0.30357142857142855,0.4197530864197531,0.21818181818181817,0.9196428571428571,0.7122222222222222,0.2877777777777778,1800,518,0.3780487804878049,0.6326530612244898,49,82,110,24,sec_dev_0002
no_rel,19521014,dev,0.0,104,8,0.625,0.04807692307692308,0.08928571428571429,0.13157894736842105,0.9903846153846154,0.8153526970954357,0.18464730290456433,482,89,0.24413145539906103,0.9122807017543859,57,213,38,5,sec_dev_0003
no_rel,19521014,dev,0.7,104,55,0.7272727272727273,0.38461538461538464,0.5031446540880503,0.19083969465648856,1.0288461538461537,0.732738374823861,0.26726162517613905,2129,569,0.717948717948718,0.49122807017543857,57,39,131,25,sec_dev_0003
no_rel,19521014,dev,0.0,117,12,0.75,0.07692307692307693,0.13953488372093026,0.12195121951219512,0.9658119658119658,0.8154657293497364,0.18453427065026362,569,105,0.17511520737327188,0.8636363636363636,44,217,41,5,sec_dev_0004
no_rel,19521014,dev,0.7,117,62,0.6612903225806451,0.3504273504273504,0.45810055865921784,0.2677165354330709,1.0341880341880343,0.7248113626276076,0.27518863737239235,2253,620,0.65,0.5909090909090909,44,40,127,34,sec_dev_0004
no_rel,19521014,dev,0.0,121,13,0.6923076923076923,0.0743801652892562,0.13432835820895525,0.11363636363636363,0.9586776859504132,0.7638888888888888,0.2361111111111111,576,136,0.15454545454545454,0.85,40,220,44,5,sec_dev_0005
no_rel,19521014,dev,0.7,121,66,0.7727272727272727,0.4214876033057851,0.5454545454545454,0.19852941176470587,0.9421487603305785,0.7383093525179856,0.26169064748201437,2224,582,0.5652173913043478,0.65,40,46,136,27,sec_dev_0005
no_rel,19521014,dev,0.0,106,8,0.875,0.0660377358490566,0.12280701754385966,0.04878048780487805,0.9528301886792453,0.8225469728601252,0.17745302713987474,479,85,0.21395348837209302,0.8363636363636363,55,215,41,2,sec_dev_0006
no_rel,19521014,dev,0.7,106,55,0.6363636363636364,0.330188679245283,0.4347826086956522,0.22627737226277372,1.1226415094339623,0.7501172058134083,0.24988279418659165,2133,533,0.65,0.4727272727272727,55,40,137,31,sec_dev_0006
no_rel,19521014,dev,0.0,107,21,0.47619047619047616,0.09345794392523364,0.15625,0.26666666666666666,1.0560747663551402,0.7258426966292135,0.27415730337078653,890,244,0.2658959537572254,0.8518518518518519,54,173,60,16,sec_dev_0007
no_rel,19521014,dev,0.7,107,55,0.6,0.308411214953271,0.40740740740740733,0.2781954887218045,1.1869158878504673,0.7086936731907146,0.29130632680928537,2197,640,0.7714285714285715,0.5,54,35,133,37,sec_dev_0007
no_rel,19521014,dev,0.0,109,7,0.2857142857142857,0.01834862385321101,0.034482758620689655,0.10638297872340426,1.0458715596330275,0.7678883071553229,0.23211169284467714,573,133,0.20192307692307693,0.8076923076923077,52,208,47,5,sec_dev_0008
no_rel,19521014,dev,0.7,109,55,0.6545454545454545,0.3302752293577982,0.4390243902439025,0.22556390977443608,1.091743119266055,0.7260083449235049,0.27399165507649514,2157,591,0.6097560975609756,0.4807692307692308,52,41,133,30,sec_dev_0008
no_rel,19521014,dev,0.0,110,11,0.5454545454545454,0.05454545454545454,0.09917355371900825,0.19047619047619047,1.0272727272727273,0.7240802675585285,0.27591973244147155,598,165,0.21739130434782608,0.8823529411764706,51,207,42,8,sec_dev_0009
no_rel,19521014,dev,0.7,110,46,0.6086956521739131,0.2545454545454545,0.358974358974359,0.20930232558139536,1.1636363636363636,0.7336244541484715,0.2663755458515284,2061,549,0.5192307692307693,0.5294117647058824,51,52,129,27,sec_dev_0009
no_rel,19521014,dev,0.0,104,9,0.7777777777777778,0.0673076923076923,0.12389380530973451,0.08695652173913043,0.9519230769230769,0.8194945848375451,0.18050541516245489,554,100,0.23902439024390243,0.8596491228070176,57,205,46,4,sec_dev_0010
no_rel,19521014,dev,0.7,104,58,0.7413793103448276,0.41346153846153844,0.5308641975308641,0.22950819672131148,0.9807692307692307,0.7238878143133463,0.2761121856866538,2068,571,0.6304347826086957,0.5087719298245614,57,46,122,28,sec_dev_0010
no_rel,19521014,dev,0.0,105,18,0.7222222222222222,0.12380952380952381,0.21138211382113822,0.08928571428571429,0.9238095238095239,0.8090185676392573,0.1909814323607427,754,144,0.22702702702702704,0.75,56,185,56,5,sec_dev_0011
no_rel,19521014,dev,0.7,105,68,0.7058823529411765,0.45714285714285713,0.5549132947976878,0.21428571428571427,0.8952380952380953,0.7380952380952381,0.2619047619047619,2184,572,0.7142857142857143,0.44642857142857145,56,35,126,27,sec_dev_0011
no_rel,19521014,test,0.0,110,11,0.7272727272727273,0.07272727272727272,0.13223140495867766,0.022222222222222223,0.9545454545454546,0.8220183486238533,0.1779816513761468,545,97,0.19339622641509435,0.803921568627451,51,212,45,1,sec_test_0000
no_rel,19521014,test,0.7,110,62,0.6290322580645161,0.35454545454545455,0.45348837209302323,0.22058823529411764,1.0818181818181818,0.7517825311942958,0.2482174688057041,2244,557,0.8181818181818182,0.5294117647058824,51,33,136,30,sec_test_0000
no_rel,19521014,test,0.0,106,9,1.0,0.08490566037735849,0.15652173913043477,0.08695652173913043,1.009433962264151,0.8226950354609929,0.1773049645390071,564,100,0.24271844660194175,0.9090909090909091,55,206,46,4,sec_test_0001
no_rel,19521014,test,0.7,106,54,0.6666666666666666,0.33962264150943394,0.44999999999999996,0.21641791044776118,1.1226415094339623,0.7275280898876404,0.27247191011235955,2136,582,0.7,0.509090909090909,55,40,134,29,sec_test_0001
no_rel,19521014,test,0.0,114,6,0.8333333333333334,0.043859649122807015,0.08333333333333333,0.1388888888888889,1.0087719298245614,0.8632075471698113,0.13679245283018868,424,58,0.19213973799126638,0.9361702127659575,47,229,36,5,sec_test_0002
no_rel,19521014,test,0.7,114,54,0.7777777777777778,0.3684210526315789,0.5,0.2366412213740458,1.043859649122807,0.7458511142721669,0.2541488857278331,2109,536,0.6078431372549019,0.6595744680851063,47,51,131,31,sec_test_0002
no_rel,19521014,test,0.0,111,9,0.6666666666666666,0.05405405405405406,0.1,0.06818181818181818,0.990990990990991,0.836996336996337,0.163003663003663,546,89,0.19248826291079812,0.82,50,213,44,3,sec_test_0003
no_rel,19521014,test,0.7,111,62,0.7096774193548387,0.3963963963963964,0.5086705202312138,0.2076923076923077,0.990990990990991,0.738388625592417,0.2616113744075829,2110,552,0.5833333333333334,0.56,50,48,130,27,sec_test_0003
no_rel,19521014,test,0.0,109,10,0.9,0.08256880733944955,0.15126050420168066,0.034482758620689655,0.926605504587156,0.7905236907730673,0.20947630922693267,401,84,0.1894273127753304,0.8269230769230769,52,227,29,1,sec_test_0004
no_rel,19521014,test,0.7,109,55,0.7454545454545455,0.3761467889908257,0.5,0.2336448598130841,0.8807339449541285,0.7102418939783839,0.28975810602161606,1943,563,0.46153846153846156,0.5769230769230769,52,65,107,25,sec_test_0004
no_rel,19521014,test,0.0,107,16,0.8125,0.12149532710280374,0.21138211382113822,0.1875,0.9345794392523364,0.7283236994219653,0.27167630057803466,692,188,0.23711340206185566,0.8518518518518519,54,194,48,9,sec_test_0005
no_rel,19521014,test,0.7,107,63,0.6825396825396826,0.40186915887850466,0.5058823529411764,0.2184873949579832,0.9252336448598131,0.7221961520412952,0.27780384795870483,2131,592,0.6046511627906976,0.48148148148148145,54,43,119,26,sec_test_0005
no_rel,19521014,test,0.0,108,9,0.6666666666666666,0.05555555555555555,0.10256410256410256,0.14705882352941177,0.9814814814814815,0.804932735426009,0.19506726457399104,446,87,0.2171945701357466,0.9056603773584906,53,221,34,5,sec_test_0006
no_rel,19521014,test,0.7,108,56,0.6964285714285714,0.3611111111111111,0.47560975609756095,0.23728813559322035,0.9537037037037037,0.7616632860040569,0.2383367139959432,1972,470,0.4666666666666667,0.5283018867924528,53,60,118,28,sec_test_0006
no_rel,19521014,test,0.0,112,15,0.8,0.10714285714285714,0.1889763779527559,0.020833333333333332,0.9196428571428571,0.7908496732026143,0.20915032679738563,612,128,0.1932367149758454,0.8163265306122449,49,207,48,1,sec_test_0007
no_rel,19521014,test,0.7,112,60,0.6833333333333333,0.36607142857142855,0.4767441860465116,0.2,1.0625,0.7263636363636363,0.2736363636363636,2200,602,0.675,0.5510204081632653,49,40,130,26,sec_test_0007
no_rel,19521014,test,0.0,106,9,0.7777777777777778,0.0660377358490566,0.12173913043478261,0.15555555555555556,1.0,0.7333333333333334,0.26666666666666666,585,156,0.24509803921568626,0.9090909090909091,55,204,45,7,sec_test_0008
no_rel,19521014,test,0.7,106,51,0.7254901960784313,0.3490566037735849,0.47133757961783435,0.23846153846153847,1.0943396226415094,0.7319047619047618,0.2680952380952381,2100,563,0.6818181818181818,0.5454545454545454,55,44,130,31,sec_test_0008
no_rel,19521014,test,0.0,108,9,0.7777777777777778,0.06481481481481481,0.11965811965811966,0.025,0.9537037037037037,0.8137254901960784,0.18627450980392157,510,95,0.20093457943925233,0.8113207547169812,53,214,40,1,sec_test_0009
no_rel,19521014,test,0.7,108,56,0.6428571428571429,0.3333333333333333,0.43902439024390244,0.2711864406779661,1.0277777777777777,0.7596525096525096,0.24034749034749034,2072,498,0.5,0.4716981132075472,53,50,118,32,sec_test_0009
no_rel,19521014,test,0.0,110,3,0.6666666666666666,0.01818181818181818,0.035398230088495575,0.0,0.990909090909091,0.9166666666666666,0.08333333333333333,192,16,0.196,0.9607843137254902,51,250,18,0,sec_test_0010
no_rel,19521014,test,0.7,110,48,0.6458333333333334,0.2818181818181818,0.3924050632911392,0.17886178861788618,1.0636363636363637,0.7773042088438998,0.22269579115610016,1877,418,0.38028169014084506,0.5294117647058824,51,71,123,22,sec_test_0010
no_rel,19521014,test,0.0,98,18,0.5,0.09183673469387756,0.15517241379310345,0.18571428571428572,1.0510204081632653,0.7315789473684211,0.26842105263157895,950,255,0.2802547770700637,0.6984126984126984,63,157,70,13,sec_test_0011
no_rel,19521014,test,0.7,98,52,0.5576923076923077,0.29591836734693877,0.3866666666666667,0.2421875,1.2244897959183674,0.7210915818686401,0.27890841813135986,2162,603,0.9,0.42857142857142855,63,30,128,31,sec_test_0011
no_rel,19521014,test,0.0,116,10,0.7,0.0603448275862069,0.11111111111111113,0.075,0.9655172413793104,0.8306122448979592,0.16938775510204082,490,83,0.17857142857142858,0.8888888888888888,45,224,40,3,sec_test_0012
no_rel,19521014,test,0.7,116,57,0.6842105263157895,0.33620689655172414,0.45086705202312144,0.2421875,1.0862068965517242,0.7292817679558011,0.27071823204419887,2172,588,0.5531914893617021,0.5777777777777777,45,47,128,31,sec_test_0012
no_rel,19521015,dev,0.0,113,32,0.65625,0.18584070796460178,0.28965517241379307,0.2413793103448276,1.0619469026548674,0.7300073367571533,0.26999266324284665,1363,368,0.26356589147286824,0.7083333333333334,48,129,87,21,sec_dev_0000
no_rel,19521015,dev,0.7,113,57,0.6842105263157895,0.34513274336283184,0.4588235294117647,0.3037037037037037,1.168141592920354,0.7215686274509804,0.2784313725490196,2295,639,0.8387096774193549,0.5416666666666666,48,31,135,41,sec_dev_0000
no_rel,19521015,dev,0.0,111,24,0.75,0.16216216216216217,0.26666666666666666,0.13414634146341464,0.9819819819819819,0.7553191489361702,0.24468085106382978,1128,276,0.2582781456953642,0.78,50,151,82,11,sec_dev_0001
no_rel,19521015,dev,0.7,111,58,0.6724137931034483,0.35135135135135137,0.4615384615384615,0.24087591240875914,1.1261261261261262,0.6837494524748138,0.31625054752518617,2283,722,0.8333333333333334,0.5,50,30,137,33,sec_dev_0001
no_rel,19521015,dev,0.0,112,25,0.72,0.16071428571428573,0.26277372262773724,0.22727272727272727,0.9285714285714286,0.7189349112426036,0.28106508875739644,1014,285,0.23636363636363636,0.7959183673469388,49,165,66,15,sec_dev_0002
no_rel,19521015,dev,0.7,112,61,0.7049180327868853,0.38392857142857145,0.4971098265895954,0.265625,1.0178571428571428,0.6953818827708703,0.3046181172291297,2252,686,0.7428571428571429,0.5306122448979592,49,35,128,34,sec_dev_0002
no_rel,19521015,dev,0.0,104,28,0.7142857142857143,0.19230769230769232,0.30303030303030304,0.13253012048192772,0.9711538461538461,0.7538048343777977,0.24619516562220234,1117,275,0.2896551724137931,0.7368421052631579,57,145,83,11,sec_dev_0003
no_rel,19521015,dev,0.7,104,61,0.5737704918032787,0.33653846153846156,0.42424242424242425,0.22058823529411764,1.2019230769230769,0.7091237579042458,0.2908762420957543,2214,644,0.9,0.47368421052631576,57,30,136,30,sec_dev_0003
no_rel,19521015,dev,0.0,117,31,0.8064516129032258,0.21367521367521367,0.3378378378378379,0.23170731707317074,0.9572649572649573,0.7336956521739131,0.266304347826087,1288,343,0.24822695035460993,0.7954545454545454,44,141,82,19,sec_dev_0004
no_rel,19521015,dev,0.7,117,67,0.7761194029850746,0.4444444444444444,0.5652173913043478,0.2631578947368421,0.9743589743589743,0.7197261446298673,0.28027385537013266,2337,655,0.8064516129032258,0.5681818181818182,44,31,133,35,sec_dev_0004
no_rel,19521015,dev,0.0,121,34,0.7058823529411765,0.19834710743801653,0.3096774193548387,0.17647058823529413,0.9586776859504132,0.776706827309237,0.22329317269076304,1245,278,0.2214765100671141,0.825,40,149,85,15,sec_dev_0005
no_rel,19521015,dev,0.7,121,76,0.6842105263157895,0.4297520661157025,0.5279187817258884,0.27941176470588236,0.9834710743801653,0.7242990654205608,0.2757009345794392,2354,649,0.8181818181818182,0.675,40,33,136,38,sec_dev_0005
no_rel,19521015,dev,0.0,106,19,0.631578947368421,0.11320754716981132,0.192,0.0967741935483871,0.9622641509433962,0.7875894988066826,0.21241050119331742,838,178,0.24293785310734464,0.7818181818181819,55,177,62,6,sec_dev_0006
no_rel,19521015,dev,0.7,106,61,0.5737704918032787,0.330188679245283,0.41916167664670656,0.26356589147286824,1.150943396226415,0.7240902809765085,0.2759097190234915,2171,599,0.7567567567567568,0.509090909090909,55,37,129,34,sec_dev_0006
no_rel,19521015,dev,0.0,107,24,0.5833333333333334,0.1308411214953271,0.21374045801526714,0.234375,1.0186915887850467,0.6920849420849421,0.3079150579150579,1036,319,0.27848101265822783,0.8148148148148148,54,158,64,15,sec_dev_0007
no_rel,19521015,dev,0.7,107,55,0.5636363636363636,0.2897196261682243,0.382716049382716,0.2734375,1.1962616822429906,0.6925858951175408,0.3074141048824593,2212,680,0.7647058823529411,0.48148148148148145,54,34,128,35,sec_dev_0007
no_rel,19521015,dev,0.0,109,11,0.7272727272727273,0.07339449541284404,0.13333333333333333,0.11363636363636363,0.9724770642201835,0.8223443223443223,0.17765567765567766,546,97,0.22274881516587677,0.9038461538461539,52,211,44,5,sec_dev_0008
no_rel,19521015,dev,0.7,109,57,0.7017543859649122,0.3669724770642202,0.48192771084337355,0.2719298245614035,1.018348623853211,0.696629213483146,0.30337078651685395,2136,648,0.6,0.5192307692307693,52,45,114,31,sec_dev_0008
no_rel,19521015,dev,0.0,110,33,0.8181818181818182,0.24545454545454545,0.3776223776223776,0.17857142857142858,0.9,0.744343891402715,0.25565610859728505,1326,339,0.2923076923076923,0.7450980392156863,51,130,84,15,sec_dev_0009
no_rel,19521015,dev,0.7,110,66,0.7121212121212122,0.42727272727272725,0.5340909090909091,0.23308270676691728,0.9818181818181818,0.7367730651508526,0.26322693484914733,2287,602,0.896551724137931,0.5098039215686274,51,29,133,31,sec_dev_0009
no_rel,19521015,dev,0.0,104,27,0.6296296296296297,0.16346153846153846,0.2595419847328244,0.20481927710843373,1.0480769230769231,0.7655055225148684,0.2344944774851317,1177,276,0.30935251798561153,0.7543859649122807,57,139,83,17,sec_dev_0010
no_rel,19521015,dev,0.7,104,58,0.6206896551724138,0.34615384615384615,0.4444444444444444,0.2537313432835821,1.1826923076923077,0.7155330882352942,0.2844669117647059,2176,619,0.7941176470588235,0.47368421052631576,57,34,134,34,sec_dev_0010
no_rel,19521015,dev,0.0,105,22,0.8181818181818182,0.17142857142857143,0.2834645669291339,0.14492753623188406,0.9333333333333333,0.7932067932067932,0.20679320679320679,1001,207,0.25157232704402516,0.7142857142857143,56,159,69,10,sec_dev_0011
no_rel,19521015,dev,0.7,105,52,0.75,0.37142857142857144,0.4968152866242038,0.2366412213740458,1.0571428571428572,0.728643216080402,0.271356783919598,2189,594,0.7647058823529411,0.4642857142857143,56,34,131,31,sec_dev_0011
no_rel,19521015,test,0.0,110,25,0.72,0.16363636363636364,0.26666666666666666,0.2,0.9090909090909091,0.758659217877095,0.24134078212290502,895,216,0.2159090909090909,0.7450980392156863,51,176,55,11,sec_test_0000
no_rel,19521015,test,0.7,110,61,0.639344262295082,0.35454545454545455,0.456140350877193,0.26153846153846155,1.1090909090909091,0.7336363636363636,0.26636363636363636,2200,586,0.7105263157894737,0.5294117647058824,51,38,130,34,sec_test_0000
no_rel,19521015,test,0.0,106,22,0.6363636363636364,0.1320754716981132,0.21875,0.2413793103448276,1.009433962264151,0.7103004291845494,0.28969957081545067,932,270,0.27380952380952384,0.8363636363636363,55,168,58,14,sec_test_0001
no_rel,19521015,test,0.7,106,49,0.7142857142857143,0.330188679245283,0.4516129032258065,0.20454545454545456,1.0943396226415094,0.698292220113852,0.301707779886148,2108,636,0.6511627906976745,0.509090909090909,55,43,132,27,sec_test_0001
no_rel,19521015,test,0.0,114,33,0.6060606060606061,0.17543859649122806,0.27210884353741494,0.28735632183908044,1.0964912280701755,0.741391426563598,0.258608573436402,1423,368,0.28225806451612906,0.7446808510638298,47,124,87,25,sec_test_0002
no_rel,19521015,test,0.7,114,66,0.5909090909090909,0.34210526315789475,0.43333333333333335,0.3333333333333333,1.1754385964912282,0.6967108073472874,0.30328919265271254,2341,710,0.9642857142857143,0.574468085106383,47,28,129,43,sec_test_0002
no_rel,19521015,test,0.0,111,26,0.9230769230769231,0.21621621621621623,0.35036496350364965,0.07246376811594203,0.8738738738738738,0.7645895153313551,0.2354104846686449,1011,238,0.22560975609756098,0.74,50,164,69,5,sec_test_0003
no_rel,19521015,test,0.7,111,60,0.6666666666666666,0.36036036036036034,0.4678362573099415,0.24390243902439024,1.045045045045045,0.6923425464431354,0.3076574535568645,2207,679,0.6666666666666666,0.52,50,39,123,30,sec_test_0003
no_rel,19521015,test,0.0,109,23,0.7391304347826086,0.1559633027522936,0.2575757575757576,0.15873015873015872,0.963302752293578,0.7471264367816092,0.25287356321839083,957,242,0.24404761904761904,0.7884615384615384,52,168,63,10,sec_test_0004
no_rel,19521015,test,0.7,109,53,0.6981132075471698,0.3394495412844037,0.4567901234567901,0.23255813953488372,1.091743119266055,0.7078959379278869,0.2921040620721132,2191,640,0.7105263157894737,0.5192307692307693,52,38,129,30,sec_test_0004
no_rel,19521015,test,0.0,107,17,0.8823529411764706,0.14018691588785046,0.24193548387096775,0.21818181818181817,0.9532710280373832,0.7577639751552795,0.2422360248447205,805,195,0.24725274725274726,0.8333333333333334,54,182,55,12,sec_test_0005
no_rel,19521015,test,0.7,107,53,0.6981132075471698,0.34579439252336447,0.46249999999999997,0.30833333333333335,1.102803738317757,0.715962441314554,0.284037558685446,2130,605,0.6511627906976745,0.5185185185185185,54,43,120,37,sec_test_0005
no_rel,19521015,test,0.0,108,13,0.6153846153846154,0.07407407407407407,0.1322314049586777,0.13793103448275862,1.0185185185185186,0.7900262467191601,0.2099737532808399,762,160,0.21390374331550802,0.7547169811320755,53,187,58,8,sec_test_0006
no_rel,19521015,test,0.7,108,52,0.5961538461538461,0.28703703703703703,0.38749999999999996,0.2755905511811024,1.1851851851851851,0.7411818598259277,0.2588181401740724,2183,565,0.6842105263157895,0.49056603773584906,53,38,127,35,sec_test_0006
no_rel,19521015,test,0.0,112,22,0.5909090909090909,0.11607142857142858,0.19402985074626866,0.1724137931034483,0.9732142857142857,0.7147505422993492,0.28524945770065074,922,263,0.21714285714285714,0.7755102040816326,49,175,58,10,sec_test_0007
no_rel,19521015,test,0.7,112,56,0.6071428571428571,0.30357142857142855,0.40476190476190477,0.23076923076923078,1.1160714285714286,0.7115555555555555,0.28844444444444445,2250,649,0.7142857142857143,0.5102040816326531,49,35,130,30,sec_test_0007
no_rel,19521015,test,0.0,106,19,0.8421052631578947,0.1509433962264151,0.256,0.15517241379310345,0.9245283018867925,0.759351620947631,0.24064837905236908,802,193,0.24861878453038674,0.8181818181818182,55,181,58,9,sec_test_0008
no_rel,19521015,test,0.7,106,59,0.6779661016949152,0.37735849056603776,0.4848484848484849,0.23255813953488372,1.0754716981132075,0.7124600638977636,0.28753993610223644,2191,630,0.7428571428571429,0.4727272727272727,55,35,129,30,sec_test_0008
no_rel,19521015,test,0.0,108,9,0.6666666666666666,0.05555555555555555,0.10256410256410256,0.125,1.0185185185185186,0.8006535947712419,0.19934640522875818,612,122,0.21674876847290642,0.8301886792452831,53,203,48,6,sec_test_0009
no_rel,19521015,test,0.7,108,45,0.5333333333333333,0.2222222222222222,0.3137254901960784,0.29411764705882354,1.2037037037037037,0.7393591582974653,0.26064084170253465,2091,545,0.5625,0.5094339622641509,53,48,119,35,sec_test_0009
no_rel,19521015,test,0.0,110,20,0.7,0.12727272727272726,0.2153846153846154,0.17105263157894737,1.0454545454545454,0.7862669245647969,0.2137330754352031,1034,221,0.25,0.7843137254901961,51,160,76,13,sec_test_0010
no_rel,19521015,test,0.7,110,53,0.660377358490566,0.3181818181818182,0.42944785276073616,0.23943661971830985,1.190909090909091,0.7292768959435626,0.2707231040564374,2268,614,0.8333333333333334,0.49019607843137253,51,30,142,34,sec_test_0010
no_rel,19521015,test,0.0,98,12,0.5833333333333334,0.07142857142857142,0.12727272727272726,0.24,1.1734693877551021,0.7497435897435898,0.25025641025641027,975,244,0.3181818181818182,0.7777777777777778,63,154,75,18,sec_test_0011
no_rel,19521015,test,0.7,98,43,0.5581395348837209,0.24489795918367346,0.34042553191489366,0.2923076923076923,1.3061224489795917,0.6961722488038278,0.3038277511961722,2090,635,0.7297297297297297,0.42857142857142855,63,37,130,38,sec_test_0011
no_rel,19521015,test,0.0,116,17,0.7647058823529411,0.11206896551724138,0.1954887218045113,0.09090909090909091,0.9568965517241379,0.8009259259259259,0.19907407407407407,864,172,0.19021739130434784,0.7777777777777778,45,184,66,6,sec_test_0012
no_rel,19521015,test,0.7,116,63,0.6031746031746031,0.3275862068965517,0.4245810055865922,0.29457364341085274,1.1293103448275863,0.7218600608431117,0.2781399391568883,2301,640,0.7352941176470589,0.5555555555555556,45,34,129,38,sec_test_0012
no_rel,19521016,dev,0.0,113,17,0.8235294117647058,0.12389380530973451,0.2153846153846154,0.18032786885245902,0.9646017699115044,0.7686996547756042,0.23130034522439585,869,201,0.2265193370165746,0.8541666666666666,48,181,61,11,sec_dev_0000
no_rel,19521016,dev,0.7,113,58,0.6551724137931034,0.336283185840708,0.4444444444444444,0.2748091603053435,1.1150442477876106,0.7323387450636244,0.2676612549363756,2279,610,0.7575757575757576,0.5208333333333334,48,33,131,36,sec_dev_0000
no_rel,19521016,dev,0.0,111,12,0.6666666666666666,0.07207207207207207,0.13008130081300812,0.2127659574468085,0.9819819819819819,0.7553342816500711,0.24466571834992887,703,172,0.20812182741116753,0.82,50,197,47,10,sec_dev_0001
no_rel,19521016,dev,0.7,111,55,0.7636363636363637,0.3783783783783784,0.5060240963855421,0.27692307692307694,1.063063063063063,0.7071111111111111,0.29288888888888887,2250,659,0.7352941176470589,0.5,50,34,130,36,sec_dev_0001
no_rel,19521016,dev,0.0,112,14,0.7142857142857143,0.08928571428571429,0.15873015873015872,0.11764705882352941,0.9732142857142857,0.7832585949177877,0.21674140508221226,669,145,0.19900497512437812,0.8163265306122449,49,201,51,6,sec_dev_0002
no_rel,19521016,dev,0.7,112,71,0.6619718309859155,0.41964285714285715,0.5136612021857924,0.2698412698412698,1.0,0.6914802065404475,0.3085197934595525,2324,717,0.8928571428571429,0.5102040816326531,49,28,126,34,sec_dev_0002
no_rel,19521016,dev,0.0,104,16,0.75,0.11538461538461539,0.19999999999999998,0.07142857142857142,0.9615384615384616,0.8151260504201681,0.18487394957983194,714,132,0.25,0.8245614035087719,57,188,56,4,sec_dev_0003
no_rel,19521016,dev,0.7,104,60,0.6833333333333333,0.3942307692307692,0.5,0.19696969696969696,1.0192307692307692,0.741890639481001,0.2581093605189991,2158,557,0.8055555555555556,0.5087719298245614,57,36,132,26,sec_dev_0003
no_rel,19521016,dev,0.0,117,30,0.8,0.20512820512820512,0.326530612244898,0.19117647058823528,0.8974358974358975,0.7664783427495292,0.2335216572504708,1062,248,0.21818181818181817,0.8181818181818182,44,165,68,13,sec_dev_0004
no_rel,19521016,dev,0.7,117,68,0.7058823529411765,0.41025641025641024,0.518918918918919,0.23404255319148937,1.0427350427350428,0.7350572276388301,0.26494277236117,2359,625,0.8928571428571429,0.5681818181818182,44,28,141,33,sec_dev_0004
no_rel,19521016,dev,0.0,121,12,0.8333333333333334,0.08264462809917356,0.15037593984962405,0.125,1.0,0.804093567251462,0.195906432748538,684,134,0.17307692307692307,0.9,40,208,56,7,sec_dev_0005
no_rel,19521016,dev,0.7,121,69,0.6811594202898551,0.3884297520661157,0.4947368421052632,0.3106060606060606,1.0578512396694215,0.7188859878154917,0.28111401218450827,2298,646,0.6666666666666666,0.65,40,39,132,41,sec_dev_0005
no_rel,19521016,dev,0.0,106,15,0.8,0.11320754716981132,0.19834710743801653,0.07142857142857142,0.9245283018867925,0.7829131652661064,0.21708683473389356,714,155,0.21052631578947367,0.7272727272727273,55,190,56,4,sec_dev_0006
no_rel,19521016,dev,0.7,106,65,0.7230769230769231,0.44339622641509435,0.5497076023391814,0.2109375,0.9339622641509434,0.7195340501792115,0.28046594982078854,2232,626,0.8064516129032258,0.45454545454545453,55,31,128,27,sec_dev_0006
no_rel,19521016,dev,0.0,107,19,0.6842105263157895,0.12149532710280374,0.20634920634920634,0.12962962962962962,0.9439252336448598,0.7898172323759791,0.21018276762402088,766,161,0.22580645161290322,0.7777777777777778,54,186,54,7,sec_dev_0007
no_rel,19521016,dev,0.7,107,58,0.5862068965517241,0.3177570093457944,0.4121212121212121,0.265625,1.1495327102803738,0.6934900542495479,0.3065099457504521,2212,678,0.7647058823529411,0.48148148148148145,54,34,128,34,sec_dev_0007
no_rel,19521016,dev,0.0,109,27,0.7037037037037037,0.1743119266055046,0.27941176470588236,0.19402985074626866,0.9541284403669725,0.7122507122507122,0.28774928774928776,1053,303,0.2721518987341772,0.8269230769230769,52,158,67,13,sec_dev_0008
no_rel,19521016,dev,0.7,109,61,0.6557377049180327,0.3669724770642202,0.4705882352941177,0.2230769230769231,1.073394495412844,0.7030567685589519,0.29694323144104806,2290,680,0.8928571428571429,0.4807692307692308,52,28,130,29,sec_dev_0008
no_rel,19521016,dev,0.0,110,18,0.6111111111111112,0.1,0.171875,0.18181818181818182,1.018181818181818,0.7798672566371682,0.22013274336283187,904,199,0.22988505747126436,0.7843137254901961,51,174,66,12,sec_dev_0009
no_rel,19521016,dev,0.7,110,61,0.7213114754098361,0.4,0.5146198830409356,0.22962962962962963,1.0454545454545454,0.7356984478935699,0.26430155210643014,2255,596,0.78125,0.49019607843137253,51,32,135,31,sec_dev_0009
no_rel,19521016,dev,0.0,104,14,0.8571428571428571,0.11538461538461539,0.20338983050847456,0.1323529411764706,0.9615384615384616,0.827790973871734,0.17220902612826602,842,145,0.28160919540229884,0.8596491228070176,57,174,68,9,sec_dev_0010
no_rel,19521016,dev,0.7,104,65,0.6461538461538462,0.40384615384615385,0.49704142011834324,0.265625,1.0096153846153846,0.7190860215053764,0.28091397849462363,2232,627,0.8620689655172413,0.43859649122807015,57,29,128,34,sec_dev_0010
no_rel,19521016,dev,0.0,105,20,0.65,0.12380952380952381,0.208,0.17857142857142858,0.9714285714285714,0.7810945273631841,0.21890547263681592,804,176,0.24444444444444444,0.7857142857142857,56,180,56,10,sec_dev_0011
no_rel,19521016,dev,0.7,105,68,0.5735294117647058,0.37142857142857144,0.4508670520231214,0.2698412698412698,1.0476190476190477,0.7261690647482014,0.2738309352517986,2224,609,0.8387096774193549,0.4642857142857143,56,31,126,34,sec_dev_0011
no_rel,19521016,test,0.0,110,16,0.75,0.10909090909090909,0.19047619047619047,0.13636363636363635,0.9454545454545454,0.8207547169811321,0.1792452830188679,636,114,0.21182266009852216,0.8431372549019608,51,203,44,6,sec_test_0000
no_rel,19521016,test,0.7,110,64,0.6875,0.4,0.5057471264367817,0.23076923076923078,1.009090909090909,0.7450892857142857,0.25491071428571427,2240,571,0.7352941176470589,0.49019607843137253,51,34,130,30,sec_test_0000
no_rel,19521016,test,0.0,106,27,0.7407407407407407,0.18867924528301888,0.30075187969924816,0.1388888888888889,0.9150943396226415,0.7707129094412332,0.22928709055876687,1038,238,0.26282051282051283,0.7454545454545455,55,156,72,10,sec_test_0001
no_rel,19521016,test,0.7,106,66,0.6515151515151515,0.4056603773584906,0.5,0.2595419847328244,1.0566037735849056,0.7047366091190792,0.29526339088092074,2259,667,0.9642857142857143,0.4909090909090909,55,28,131,34,sec_test_0001
no_rel,19521016,test,0.0,114,11,0.5454545454545454,0.05263157894736842,0.096,0.17777777777777778,1.043859649122807,0.7495934959349593,0.25040650406504067,615,154,0.20574162679425836,0.9148936170212766,47,209,45,8,sec_test_0002
no_rel,19521016,test,0.7,114,60,0.6,0.3157894736842105,0.41379310344827586,0.3111111111111111,1.1929824561403508,0.7185995623632385,0.2814004376367615,2285,643,0.8181818181818182,0.574468085106383,47,33,135,42,sec_test_0002
no_rel,19521016,test,0.0,111,16,0.75,0.10810810810810811,0.1889763779527559,0.14492753623188406,1.027027027027027,0.7508055853920516,0.24919441460794844,931,232,0.23255813953488372,0.8,50,172,69,10,sec_test_0003
no_rel,19521016,test,0.7,111,65,0.6923076923076923,0.40540540540540543,0.5113636363636364,0.22556390977443608,1.027027027027027,0.7221499783268314,0.27785002167316863,2307,641,0.8928571428571429,0.5,50,28,133,30,sec_test_0003
no_rel,19521016,test,0.0,109,13,0.8461538461538461,0.10091743119266056,0.18032786885245905,0.04878048780487805,0.9357798165137615,0.8073217726396917,0.1926782273603083,519,100,0.2102803738317757,0.8653846153846154,52,214,41,2,sec_test_0004
no_rel,19521016,test,0.7,109,62,0.7419354838709677,0.42201834862385323,0.5380116959064328,0.2248062015503876,0.9541284403669725,0.745988078862907,0.2540119211370931,2181,554,0.6410256410256411,0.4807692307692308,52,39,129,29,sec_test_0004
no_rel,19521016,test,0.0,107,22,0.8181818181818182,0.16822429906542055,0.27906976744186046,0.06,0.8785046728971962,0.7891891891891891,0.21081081081081082,740,156,0.2275132275132275,0.7962962962962963,54,189,50,3,sec_test_0005
no_rel,19521016,test,0.7,107,63,0.7619047619047619,0.4485981308411215,0.5647058823529412,0.23255813953488372,0.9158878504672897,0.7581013235965313,0.24189867640346874,2191,530,0.7222222222222222,0.48148148148148145,54,36,129,30,sec_test_0005
no_rel,19521016,test,0.0,108,14,0.7142857142857143,0.09259259259259259,0.16393442622950818,0.14285714285714285,0.9537037037037037,0.8315132605304212,0.1684867394695788,641,108,0.235,0.8867924528301887,53,200,49,7,sec_test_0006
no_rel,19521016,test,0.7,108,59,0.8135593220338984,0.4444444444444444,0.5748502994011976,0.17557251908396945,0.9444444444444444,0.7766402978129363,0.22335970218706375,2149,480,0.6341463414634146,0.49056603773584906,53,41,131,23,sec_test_0006
no_rel,19521016,test,0.0,112,18,0.7222222222222222,0.11607142857142858,0.2,0.21428571428571427,0.9285714285714286,0.7777777777777778,0.2222222222222222,648,144,0.2107843137254902,0.8775510204081632,49,204,42,9,sec_test_0007
no_rel,19521016,test,0.7,112,55,0.6,0.29464285714285715,0.3952095808383234,0.2748091603053435,1.1875,0.7220935618341825,0.2779064381658175,2159,600,0.5681818181818182,0.5102040816326531,49,44,131,36,sec_test_0007
no_rel,19521016,test,0.0,106,25,0.64,0.1509433962264151,0.24427480916030533,0.19298245614035087,0.9433962264150944,0.7397420867526378,0.26025791324736225,853,222,0.26704545454545453,0.8545454545454545,55,176,57,11,sec_test_0008
no_rel,19521016,test,0.7,106,62,0.6774193548387096,0.39622641509433965,0.5,0.24615384615384617,1.0660377358490567,0.7244444444444444,0.27555555555555555,2250,620,0.8620689655172413,0.45454545454545453,55,29,130,32,sec_test_0008
no_rel,19521016,test,0.0,108,9,0.4444444444444444,0.037037037037037035,0.06837606837606837,0.21875,1.0277777777777777,0.764018691588785,0.23598130841121495,428,101,0.21973094170403587,0.9245283018867925,53,223,32,7,sec_test_0009
no_rel,19521016,test,0.7,108,49,0.5714285714285714,0.25925925925925924,0.35668789808917195,0.3225806451612903,1.3240740740740742,0.713821892393321,0.28617810760667906,2156,617,0.6585365853658537,0.5094339622641509,53,41,124,40,sec_test_0009
no_rel,19521016,test,0.0,110,9,0.7777777777777778,0.06363636363636363,0.1176470588235294,0.06976744186046512,0.9636363636363636,0.8119180633147114,0.18808193668528864,537,101,0.18779342723004694,0.7843137254901961,51,213,43,3,sec_test_0010
no_rel,19521016,test,0.7,110,54,0.6296296296296297,0.3090909090909091,0.41463414634146345,0.2748091603053435,1.1727272727272726,0.7350157728706624,0.26498422712933756,2219,588,0.75,0.5294117647058824,51,36,131,36,sec_test_0010
no_rel,19521016,test,0.0,98,13,0.6153846153846154,0.08163265306122448,0.14414414414414414,0.1568627450980392,1.0408163265306123,0.7588152327221438,0.24118476727785615,709,171,0.2896174863387978,0.8412698412698413,63,183,51,8,sec_test_0011
no_rel,19521016,test,0.7,98,48,0.6041666666666666,0.29591836734693877,0.3972602739726027,0.20967741935483872,1.1326530612244898,0.7224352828379674,0.2775647171620326,2086,579,0.7105263157894737,0.42857142857142855,63,38,124,26,sec_test_0011
no_rel,19521016,test,0.0,116,15,0.7333333333333333,0.09482758620689655,0.16793893129770993,0.09259259259259259,0.9568965517241379,0.8269230769230769,0.17307692307692307,676,117,0.18627450980392157,0.8444444444444444,45,204,54,5,sec_test_0012
no_rel,19521016,test,0.7,116,67,0.582089552238806,0.33620689655172414,0.4262295081967214,0.30597014925373134,1.1810344827586208,0.7418664383561644,0.2581335616438356,2336,603,0.8333333333333334,0.5555555555555556,45,30,134,41,sec_test_0012
no_rel,19521017,dev,0.0,113,11,0.6363636363636364,0.061946902654867256,0.11290322580645161,0.20588235294117646,1.0,0.7860082304526749,0.2139917695473251,486,104,0.19369369369369369,0.8958333333333334,48,222,34,7,sec_dev_0000
no_rel,19521017,dev,0.7,113,49,0.6326530612244898,0.2743362831858407,0.38271604938271603,0.2764227642276423,1.1592920353982301,0.7179971658006613,0.2820028341993387,2117,597,0.5,0.5208333333333334,48,50,123,34,sec_dev_0000
no_rel,19521017,dev,0.0,111,7,0.5714285714285714,0.036036036036036036,0.06779661016949153,0.125,1.018018018018018,0.8037383177570093,0.19626168224299065,428,84,0.19911504424778761,0.9,50,226,32,4,sec_dev_0001
no_rel,19521017,dev,0.7,111,39,0.6666666666666666,0.23423423423423423,0.3466666666666667,0.25274725274725274,0.990990990990991,0.707409753008233,0.29259024699176694,1579,462,0.3238095238095238,0.68,50,105,91,23,sec_dev_0001
no_rel,19521017,dev,0.0,112,5,0.8,0.03571428571428571,0.06837606837606837,0.18181818181818182,0.9910714285714286,0.7326388888888888,0.2673611111111111,288,77,0.18181818181818182,0.8979591836734694,49,242,22,4,sec_dev_0002
no_rel,19521017,dev,0.7,112,35,0.6285714285714286,0.19642857142857142,0.29931972789115646,0.2826086956521739,1.0446428571428572,0.6819371727748691,0.3180628272251309,1528,486,0.2972972972972973,0.673469387755102,49,111,92,26,sec_dev_0002
no_rel,19521017,dev,0.0,104,14,0.9285714285714286,0.125,0.22033898305084745,0.07692307692307693,0.9230769230769231,0.7664783427495292,0.2335216572504708,531,124,0.24519230769230768,0.8947368421052632,57,208,39,3,sec_dev_0003
no_rel,19521017,dev,0.7,104,40,0.65,0.25,0.3611111111111111,0.20161290322580644,1.1538461538461537,0.7254797441364605,0.27452025586353945,1876,515,0.46153846153846156,0.5263157894736842,57,65,124,25,sec_dev_0003
no_rel,19521017,dev,0.0,117,5,0.6,0.02564102564102564,0.04918032786885246,0.22580645161290322,1.0512820512820513,0.6897374701670644,0.31026252983293556,419,130,0.1630901287553648,0.8636363636363636,44,233,31,7,sec_dev_0004
no_rel,19521017,dev,0.7,117,39,0.5641025641025641,0.18803418803418803,0.28205128205128205,0.28703703703703703,1.1965811965811965,0.6980023501762632,0.3019976498237368,1702,514,0.30927835051546393,0.6818181818181818,44,97,108,31,sec_dev_0004
no_rel,19521017,dev,0.0,121,20,0.9,0.1487603305785124,0.2553191489361702,0.1276595744680851,0.8925619834710744,0.7475455820476858,0.25245441795231416,713,180,0.1650485436893204,0.85,40,206,47,6,sec_dev_0005
no_rel,19521017,dev,0.7,121,54,0.7962962962962963,0.35537190082644626,0.49142857142857144,0.22935779816513763,0.9090909090909091,0.7293992557150453,0.2706007442849548,1881,509,0.3493975903614458,0.725,40,83,109,25,sec_dev_0005
no_rel,19521017,dev,0.0,106,7,0.7142857142857143,0.04716981132075472,0.08849557522123895,0.10344827586206896,1.0,0.7948717948717949,0.20512820512820512,351,72,0.2183406113537118,0.9090909090909091,55,229,29,3,sec_dev_0006
no_rel,19521017,dev,0.7,106,41,0.6829268292682927,0.2641509433962264,0.38095238095238093,0.1919191919191919,0.9905660377358491,0.7378325762491889,0.26216742375081115,1541,404,0.3106796116504854,0.5818181818181818,55,103,99,19,sec_dev_0006
no_rel,19521017,dev,0.0,107,8,0.75,0.056074766355140186,0.10434782608695652,0.2222222222222222,1.0186915887850467,0.7003968253968254,0.2996031746031746,504,151,0.21495327102803738,0.8518518518518519,54,214,36,8,sec_dev_0007
no_rel,19521017,dev,0.7,107,43,0.6046511627906976,0.24299065420560748,0.3466666666666667,0.21818181818181817,1.1495327102803738,0.6894444444444445,0.31055555555555553,1800,559,0.4155844155844156,0.5925925925925926,54,77,110,24,sec_dev_0007
no_rel,19521017,dev,0.0,109,16,0.625,0.09174311926605505,0.16,0.325,1.0,0.7043478260869565,0.2956521739130435,690,204,0.233502538071066,0.8846153846153846,52,197,40,13,sec_dev_0008
no_rel,19521017,dev,0.7,109,42,0.6428571428571429,0.24770642201834864,0.35761589403973515,0.2631578947368421,1.1559633027522935,0.7207009857612268,0.2792990142387733,1826,510,0.4342105263157895,0.6346153846153846,52,76,114,30,sec_dev_0008
no_rel,19521017,dev,0.0,110,8,0.875,0.06363636363636363,0.11864406779661017,0.16666666666666666,0.9818181818181818,0.7292682926829268,0.2707317073170732,410,111,0.2026431718061674,0.9019607843137255,51,227,30,5,sec_dev_0009
no_rel,19521017,dev,0.7,110,40,0.6,0.21818181818181817,0.32,0.2033898305084746,1.1272727272727272,0.7355658198614319,0.2644341801385681,1732,458,0.36046511627906974,0.6078431372549019,51,86,118,24,sec_dev_0009
no_rel,19521017,dev,0.0,104,15,0.5333333333333333,0.07692307692307693,0.13445378151260504,0.3142857142857143,0.9903846153846154,0.6859504132231404,0.3140495867768595,605,190,0.24378109452736318,0.8596491228070176,57,201,35,11,sec_dev_0010
no_rel,19521017,dev,0.7,104,49,0.6530612244897959,0.3076923076923077,0.4183006535947712,0.224,1.0865384615384615,0.721760391198044,0.278239608801956,2045,569,0.5833333333333334,0.49122807017543857,57,48,125,28,sec_dev_0010
no_rel,19521017,dev,0.0,105,11,0.6363636363636364,0.06666666666666667,0.12068965517241378,0.14285714285714285,1.0,0.7768421052631579,0.2231578947368421,475,106,0.22790697674418606,0.875,56,215,35,5,sec_dev_0011
no_rel,19521017,dev,0.7,105,52,0.5384615384615384,0.26666666666666666,0.35668789808917195,0.1951219512195122,1.1047619047619048,0.737934613388687,0.2620653866113129,1927,505,0.4262295081967213,0.4642857142857143,56,61,123,24,sec_dev_0011
no_rel,19521017,test,0.0,110,8,0.625,0.045454545454545456,0.08474576271186442,0.20588235294117646,1.0454545454545454,0.7591743119266054,0.2408256880733945,436,105,0.20089285714285715,0.8823529411764706,51,224,34,7,sec_test_0000
no_rel,19521017,test,0.7,110,37,0.6216216216216216,0.20909090909090908,0.31292517006802717,0.24528301886792453,1.1363636363636365,0.7354988399071926,0.26450116009280744,1724,456,0.38636363636363635,0.6666666666666666,51,88,106,26,sec_test_0000
no_rel,19521017,test,0.0,106,17,0.6470588235294118,0.10377358490566038,0.1788617886178862,0.16279069767441862,1.009433962264151,0.7315541601255887,0.2684458398744113,637,171,0.23618090452261306,0.8545454545454545,55,199,43,7,sec_test_0001
no_rel,19521017,test,0.7,106,49,0.5918367346938775,0.27358490566037735,0.37419354838709673,0.21367521367521367,1.1037735849056605,0.7021046950890448,0.2978953049109552,1853,552,0.44285714285714284,0.5636363636363636,55,70,117,25,sec_test_0001
no_rel,19521017,test,0.0,114,13,0.9230769230769231,0.10526315789473684,0.18897637795275588,0.1388888888888889,0.9298245614035088,0.8333333333333334,0.16666666666666666,504,84,0.19457013574660634,0.9148936170212766,47,221,36,5,sec_test_0002
no_rel,19521017,test,0.7,114,43,0.5581395348837209,0.21052631578947367,0.3057324840764331,0.22807017543859648,1.105263157894737,0.6971522453450164,0.3028477546549836,1826,553,0.38271604938271603,0.6595744680851063,47,81,114,26,sec_test_0002
no_rel,19521017,test,0.0,111,13,0.46153846153846156,0.05405405405405406,0.0967741935483871,0.24242424242424243,1.027027027027027,0.7066381156316917,0.29336188436830835,467,137,0.2072072072072072,0.92,50,222,33,8,sec_test_0003
no_rel,19521017,test,0.7,111,46,0.5,0.2072072072072072,0.2929936305732484,0.29914529914529914,1.1981981981981982,0.7046768260641093,0.2953231739358907,1903,562,0.44285714285714284,0.62,50,70,117,35,sec_test_0003
no_rel,19521017,test,0.0,109,6,0.8333333333333334,0.045871559633027525,0.08695652173913043,0.045454545454545456,0.9724770642201835,0.8604651162790697,0.13953488372093023,258,36,0.2024793388429752,0.9423076923076923,52,242,22,1,sec_test_0004
no_rel,19521017,test,0.7,109,42,0.7142857142857143,0.27522935779816515,0.3973509933774835,0.1694915254237288,1.0458715596330275,0.7349602724177071,0.26503972758229283,1762,467,0.3780487804878049,0.5961538461538461,52,82,118,20,sec_test_0004
no_rel,19521017,test,0.0,107,8,0.375,0.028037383177570093,0.05217391304347826,0.1724137931034483,1.0186915887850467,0.7391304347826086,0.2608695652173913,391,102,0.2079646017699115,0.8703703703703703,54,226,29,5,sec_test_0005
no_rel,19521017,test,0.7,107,33,0.6060606060606061,0.18691588785046728,0.2857142857142857,0.22093023255813954,1.02803738317757,0.6914739884393064,0.30852601156069365,1384,427,0.3140495867768595,0.7037037037037037,54,121,86,19,sec_test_0005
no_rel,19521017,test,0.0,108,2,0.5,0.009259259259259259,0.01818181818181818,0.0,0.9907407407407407,0.8125,0.1875,128,24,0.20392156862745098,0.9811320754716981,53,255,12,0,sec_test_0006
no_rel,19521017,test,0.7,108,29,0.8275862068965517,0.2222222222222222,0.35036496350364965,0.13043478260869565,0.9629629629629629,0.7871674491392802,0.21283255086071987,1278,272,0.2727272727272727,0.6792452830188679,53,132,92,12,sec_test_0006
no_rel,19521017,test,0.0,112,15,0.9333333333333333,0.125,0.2204724409448819,0.20512820512820512,0.9375,0.7278582930756844,0.2721417069243156,621,169,0.20772946859903382,0.8775510204081632,49,207,39,8,sec_test_0007
no_rel,19521017,test,0.7,112,44,0.75,0.29464285714285715,0.423076923076923,0.2072072072072072,0.9732142857142857,0.7115707098937953,0.2884292901062046,1789,516,0.3253012048192771,0.5510204081632653,49,83,111,23,sec_test_0007
no_rel,19521017,test,0.0,106,10,0.6,0.05660377358490566,0.10344827586206896,0.10256410256410256,1.009433962264151,0.7495107632093934,0.25048923679060664,511,128,0.23113207547169812,0.8909090909090909,55,212,39,4,sec_test_0008
no_rel,19521017,test,0.7,106,42,0.5952380952380952,0.2358490566037736,0.3378378378378379,0.2702702702702703,1.1132075471698113,0.7157778999450247,0.2842221000549753,1819,517,0.47297297297297297,0.6363636363636364,55,74,111,30,sec_test_0008
no_rel,19521017,test,0.0,108,2,1.0,0.018518518518518517,0.03636363636363636,0.19047619047619047,1.0462962962962963,0.7799227799227799,0.22007722007722008,259,57,0.21991701244813278,1.0,53,241,21,4,sec_test_0009
no_rel,19521017,test,0.7,108,26,0.5384615384615384,0.12962962962962962,0.208955223880597,0.17346938775510204,1.1203703703703705,0.8072196620583717,0.19278033794162827,1302,251,0.2558139534883721,0.6226415094339622,53,129,98,17,sec_test_0009
no_rel,19521017,test,0.0,110,2,0.5,0.00909090909090909,0.01785714285714286,0.1111111111111111,1.0272727272727273,0.8184818481848185,0.18151815181518152,303,55,0.18907563025210083,0.8823529411764706,51,238,27,3,sec_test_0010
no_rel,19521017,test,0.7,110,30,0.6333333333333333,0.17272727272727273,0.2714285714285714,0.21212121212121213,1.1090909090909091,0.7457511896668932,0.25424881033310676,1471,374,0.2719298245614035,0.6078431372549019,51,114,99,21,sec_test_0010
no_rel,19521017,test,0.0,98,14,0.8571428571428571,0.12244897959183673,0.21428571428571427,0.13157894736842105,0.9387755102040817,0.7435424354243543,0.2564575645756458,542,139,0.26865671641791045,0.8571428571428571,63,201,38,5,sec_test_0011
no_rel,19521017,test,0.7,98,48,0.625,0.30612244897959184,0.4109589041095891,0.23214285714285715,1.030612244897959,0.7024202420242025,0.29757975797579755,1818,541,0.45454545454545453,0.47619047619047616,63,66,112,26,sec_test_0011
no_rel,19521017,test,0.0,116,4,1.0,0.034482758620689655,0.06666666666666667,0.08333333333333333,0.9827586206896551,0.7151898734177216,0.2848101265822785,158,45,0.17307692307692307,1.0,45,260,12,1,sec_test_0012
no_rel,19521017,test,0.7,116,43,0.6744186046511628,0.25,0.36477987421383645,0.20952380952380953,0.9913793103448276,0.7526813880126183,0.2473186119873817,1585,392,0.26851851851851855,0.6444444444444445,45,108,105,22,sec_test_0012
no_rel,19521018,dev,0.0,113,2,1.0,0.017699115044247787,0.034782608695652174,0.2,0.9823008849557522,0.8533333333333333,0.14666666666666667,75,11,0.17293233082706766,0.9583333333333334,48,266,5,1,sec_dev_0000
no_rel,19521018,dev,0.7,113,30,0.7333333333333333,0.19469026548672566,0.3076923076923077,0.2625,1.0,0.724031007751938,0.27596899224806204,1290,356,0.27007299270072993,0.7708333333333334,48,137,80,21,sec_dev_0000
no_rel,19521018,dev,0.0,111,0,0.0,0.0,0.0,0.0,1.009009009009009,0.8888888888888888,0.1111111111111111,36,4,0.1865671641791045,1.0,50,268,4,0,sec_dev_0001
no_rel,19521018,dev,0.7,111,15,0.5333333333333333,0.07207207207207207,0.12698412698412698,0.32653061224489793,1.054054054054054,0.6826801517067004,0.3173198482932996,791,251,0.22340425531914893,0.84,50,188,49,16,sec_dev_0001
no_rel,19521018,dev,0.0,112,1,0.0,0.0,0.0,0.25,1.0,0.8695652173913043,0.13043478260869565,46,6,0.1828358208955224,1.0,49,268,4,1,sec_dev_0002
no_rel,19521018,dev,0.7,112,28,0.4642857142857143,0.11607142857142858,0.1857142857142857,0.3333333333333333,1.0714285714285714,0.635678391959799,0.36432160804020103,1194,435,0.23809523809523808,0.7142857142857143,49,147,66,22,sec_dev_0002
no_rel,19521018,dev,0.0,104,0,0.0,0.0,0.0,0.16666666666666666,1.0,0.734375,0.265625,64,17,0.21705426356589147,0.9824561403508771,57,258,6,1,sec_dev_0003
no_rel,19521018,dev,0.7,104,13,0.38461538461538464,0.04807692307692308,0.08547008547008547,0.2,1.0673076923076923,0.6812030075187969,0.318796992481203,665,212,0.24742268041237114,0.8421052631578947,57,194,45,9,sec_dev_0003
no_rel,19521018,dev,0.0,117,1,1.0,0.008547008547008548,0.016949152542372885,0.5,0.9914529914529915,0.6842105263157895,0.3157894736842105,38,12,0.16058394160583941,1.0,44,274,2,1,sec_dev_0004
no_rel,19521018,dev,0.7,117,22,0.2727272727272727,0.05128205128205128,0.08633093525179857,0.38095238095238093,1.170940170940171,0.6763185108583247,0.32368148914167527,967,313,0.21142857142857144,0.8409090909090909,44,175,63,24,sec_dev_0004
no_rel,19521018,dev,0.0,121,1,1.0,0.008264462809917356,0.01639344262295082,0.25,1.0082644628099173,0.803921568627451,0.19607843137254902,102,20,0.14760147601476015,1.0,40,271,8,2,sec_dev_0005
no_rel,19521018,dev,0.7,121,29,0.6206896551724138,0.1487603305785124,0.24,0.28378378378378377,1.0082644628099173,0.6926163723916533,0.3073836276083467,1246,383,0.23333333333333334,0.875,40,150,74,21,sec_dev_0005
no_rel,19521018,dev,0.0,106,3,0.3333333333333333,0.009433962264150943,0.01834862385321101,0.14285714285714285,1.0,0.7766990291262136,0.22330097087378642,103,23,0.20703125,0.9636363636363636,55,256,7,1,sec_dev_0006
no_rel,19521018,dev,0.7,106,31,0.4838709677419355,0.14150943396226415,0.21897810218978103,0.24050632911392406,1.0754716981132075,0.711943793911007,0.28805620608899296,1281,369,0.2900763358778626,0.6909090909090909,55,131,79,19,sec_dev_0006
no_rel,19521018,dev,0.0,107,0,0.0,0.0,0.0,0.16666666666666666,1.0,0.84375,0.15625,64,10,0.20689655172413793,1.0,54,261,6,1,sec_dev_0007
no_rel,19521018,dev,0.7,107,23,0.5217391304347826,0.11214953271028037,0.1846153846153846,0.3108108108108108,1.1495327102803738,0.6318407960199005,0.3681592039800995,1206,444,0.2857142857142857,0.7407407407407407,54,140,74,23,sec_dev_0007
no_rel,19521018,dev,0.0,109,2,0.5,0.009174311926605505,0.01801801801801802,0.14285714285714285,0.9908256880733946,0.8313253012048193,0.1686746987951807,83,14,0.19923371647509577,1.0,52,261,7,1,sec_dev_0008
no_rel,19521018,dev,0.7,109,25,0.44,0.10091743119266056,0.16417910447761194,0.2916666666666667,1.165137614678899,0.6202003338898163,0.3797996661101836,1198,455,0.3006993006993007,0.8269230769230769,52,143,72,21,sec_dev_0008
no_rel,19521018,dev,0.0,110,2,0.5,0.00909090909090909,0.01785714285714286,0.1111111111111111,1.009090909090909,0.7477477477477478,0.25225225225225223,111,28,0.19305019305019305,0.9803921568627451,51,259,9,1,sec_dev_0009
no_rel,19521018,dev,0.7,110,31,0.3870967741935484,0.10909090909090909,0.17021276595744683,0.30666666666666664,1.1181818181818182,0.6375478927203064,0.3624521072796935,1305,473,0.2857142857142857,0.7450980392156863,51,133,75,23,sec_dev_0009
no_rel,19521018,dev,0.0,104,3,1.0,0.028846153846153848,0.05607476635514019,0.125,0.9807692307692307,0.7868852459016393,0.21311475409836064,122,26,0.2261904761904762,1.0,57,252,8,1,sec_dev_0010
no_rel,19521018,dev,0.7,104,22,0.5909090909090909,0.125,0.20634920634920634,0.24285714285714285,1.0576923076923077,0.7240740740740741,0.2759259259259259,1080,298,0.32,0.8421052631578947,57,150,70,17,sec_dev_0010
no_rel,19521018,dev,0.0,105,3,0.6666666666666666,0.01904761904761905,0.037037037037037035,0.4,1.0,0.6823529411764706,0.3176470588235294,85,27,0.2178988326848249,1.0,56,257,5,2,sec_dev_0011
no_rel,19521018,dev,0.7,105,19,0.5789473684210527,0.10476190476190476,0.1774193548387097,0.2037037037037037,0.9809523809523809,0.739454094292804,0.26054590570719605,806,210,0.24444444444444444,0.7857142857142857,56,180,54,11,sec_dev_0011
no_rel,19521018,test,0.0,110,0,0.0,0.0,0.0,0.0,1.0,0.9777777777777777,0.022222222222222223,45,1,0.18796992481203006,0.9803921568627451,51,266,5,0,sec_test_0000
no_rel,19521018,test,0.7,110,13,0.5384615384615384,0.06363636363636363,0.11382113821138211,0.35555555555555557,1.0363636363636364,0.7081481481481482,0.29185185185185186,675,197,0.22613065326633167,0.8823529411764706,51,199,45,16,sec_test_0000
no_rel,19521018,test,0.0,106,2,1.0,0.018867924528301886,0.037037037037037035,0.2,0.9811320754716981,0.7294117647058824,0.27058823529411763,85,23,0.20930232558139536,0.9818181818181818,55,258,5,1,sec_test_0001
no_rel,19521018,test,0.7,106,30,0.8,0.22641509433962265,0.35294117647058826,0.203125,0.8773584905660378,0.6934900542495479,0.3065099457504521,1106,339,0.2733333333333333,0.7454545454545455,55,150,64,13,sec_test_0001
no_rel,19521018,test,0.0,114,4,1.0,0.03508771929824561,0.06779661016949151,0.25,0.9649122807017544,0.8257575757575757,0.17424242424242425,132,23,0.17624521072796934,0.9787234042553191,47,261,8,2,sec_test_0002
no_rel,19521018,test,0.7,114,34,0.5882352941176471,0.17543859649122806,0.27027027027027023,0.3717948717948718,1.0614035087719298,0.6602011494252873,0.33979885057471265,1392,473,0.2890625,0.7872340425531915,47,128,78,29,sec_test_0002
no_rel,19521018,test,0.0,111,3,1.0,0.02702702702702703,0.052631578947368425,0.0,0.972972972972973,0.8133333333333334,0.18666666666666668,75,14,0.1893939393939394,1.0,50,264,5,0,sec_test_0003
no_rel,19521018,test,0.7,111,27,0.7037037037037037,0.17117117117117117,0.2753623188405797,0.2727272727272727,0.9819819819819819,0.6889097744360902,0.31109022556390975,1064,331,0.2578616352201258,0.82,50,159,66,18,sec_test_0003
no_rel,19521018,test,0.0,109,2,1.0,0.01834862385321101,0.03603603603603604,0.0,0.9908256880733946,0.7857142857142857,0.21428571428571427,56,12,0.19696969696969696,1.0,52,264,4,0,sec_test_0004
no_rel,19521018,test,0.7,109,21,0.6666666666666666,0.12844036697247707,0.21538461538461537,0.16393442622950818,1.036697247706422,0.7532777115613826,0.2467222884386174,839,207,0.25,0.8653846153846154,52,180,61,10,sec_test_0004
no_rel,19521018,test,0.0,107,2,1.0,0.018691588785046728,0.03669724770642201,0.0,0.9906542056074766,0.8554216867469879,0.14457831325301204,83,12,0.20463320463320464,0.9814814814814815,54,259,7,0,sec_test_0005
no_rel,19521018,test,0.7,107,28,0.39285714285714285,0.102803738317757,0.16296296296296295,0.36,1.1401869158878504,0.6614232209737827,0.33857677902621724,1335,452,0.33070866141732286,0.7777777777777778,54,127,75,27,sec_test_0005
no_rel,19521018,test,0.0,108,1,1.0,0.009259259259259259,0.018348623853211007,0.0,0.9907407407407407,0.8260869565217391,0.17391304347826086,46,8,0.20075757575757575,1.0,53,264,4,0,sec_test_0006
no_rel,19521018,test,0.7,108,12,0.8333333333333334,0.09259259259259259,0.16666666666666666,0.0784313725490196,0.9537037037037037,0.7473035439137135,0.2526964560862866,649,164,0.20100502512562815,0.7547169811320755,53,199,51,4,sec_test_0006
no_rel,19521018,test,0.0,112,0,0.0,0.0,0.0,0.0,1.0089285714285714,0.8095238095238095,0.19047619047619047,63,12,0.18421052631578946,1.0,49,266,7,0,sec_test_0007
no_rel,19521018,test,0.7,112,11,0.5454545454545454,0.05357142857142857,0.09756097560975609,0.2,1.0267857142857142,0.7058823529411764,0.29411764705882354,595,175,0.19617224880382775,0.8367346938775511,49,209,45,9,sec_test_0007
no_rel,19521018,test,0.0,106,2,0.5,0.009433962264150943,0.018518518518518517,0.0,1.0,0.7469879518072289,0.25301204819277107,83,21,0.2054263565891473,0.9636363636363636,55,258,7,0,sec_test_0008
no_rel,19521018,test,0.7,106,22,0.5909090909090909,0.12264150943396226,0.203125,0.19402985074626866,1.0188679245283019,0.6999022482893451,0.30009775171065495,1023,307,0.2721518987341772,0.7818181818181819,55,158,67,13,sec_test_0008
no_rel,19521018,test,0.0,108,0,0.0,0.0,0.0,0.25,1.0092592592592593,0.8913043478260869,0.10869565217391304,46,5,0.20075757575757575,1.0,53,264,4,1,sec_test_0009
no_rel,19521018,test,0.7,108,22,0.5,0.10185185185185185,0.1692307692307692,0.23636363636363636,1.037037037037037,0.676923076923077,0.3230769230769231,975,315,0.25903614457831325,0.8113207547169812,53,166,55,13,sec_test_0009
no_rel,19521018,test,0.0,110,0,0.0,0.0,0.0,0.0,1.0,0.8666666666666667,0.13333333333333333,45,6,0.18796992481203006,0.9803921568627451,51,266,5,0,sec_test_0010
no_rel,19521018,test,0.7,110,18,0.5555555555555556,0.09090909090909091,0.15625,0.2413793103448276,1.0363636363636364,0.7262180974477959,0.2737819025522042,862,236,0.24022346368715083,0.8431372549019608,51,179,58,14,sec_test_0010
no_rel,19521018,test,0.0,98,2,1.0,0.02040816326530612,0.039999999999999994,0.0,0.9897959183673469,0.7311827956989247,0.26881720430107525,93,25,0.24899598393574296,0.9841269841269841,63,249,7,0,sec_test_0011
no_rel,19521018,test,0.7,98,26,0.34615384615384615,0.09183673469387756,0.14516129032258066,0.28169014084507044,1.1224489795918366,0.6321934945788157,0.3678065054211843,1199,441,0.3409090909090909,0.7142857142857143,63,132,71,20,sec_test_0011
no_rel,19521018,test,0.0,116,0,0.0,0.0,0.0,0.0,1.0086206896551724,0.8333333333333334,0.16666666666666666,54,9,0.16605166051660517,1.0,45,271,6,0,sec_test_0012
no_rel,19521018,test,0.7,116,35,0.6,0.1810344827586207,0.2781456953642384,0.25316455696202533,0.9827586206896551,0.7173750932140194,0.2826249067859806,1341,379,0.2518518518518518,0.7555555555555555,45,135,79,20,sec_test_0012
no_rel,19521019,dev,0.0,113,23,0.8695652173913043,0.17699115044247787,0.29411764705882354,0.1875,0.9469026548672567,0.7373225152129818,0.26267748478701824,986,259,0.24260355029585798,0.8541666666666666,48,169,64,12,sec_dev_0000
no_rel,19521019,dev,0.7,113,57,0.6491228070175439,0.3274336283185841,0.43529411764705883,0.2900763358778626,1.1415929203539823,0.734125171311101,0.26587482868889906,2189,582,0.7142857142857143,0.625,48,42,131,38,sec_dev_0000
no_rel,19521019,dev,0.0,111,17,0.5294117647058824,0.08108108108108109,0.140625,0.2222222222222222,1.0,0.7299270072992701,0.27007299270072993,685,185,0.20603015075376885,0.82,50,199,45,10,sec_dev_0001
no_rel,19521019,dev,0.7,111,65,0.6461538461538462,0.3783783783783784,0.4772727272727273,0.23770491803278687,0.954954954954955,0.7149666348903718,0.28503336510962823,2098,598,0.54,0.54,50,50,122,29,sec_dev_0001
no_rel,19521019,dev,0.0,112,13,0.9230769230769231,0.10714285714285714,0.19199999999999998,0.06976744186046512,0.9196428571428571,0.7427597955706985,0.2572402044293015,587,151,0.18095238095238095,0.7755102040816326,49,210,43,3,sec_dev_0002
no_rel,19521019,dev,0.7,112,64,0.671875,0.38392857142857145,0.4886363636363637,0.25,0.9910714285714286,0.7040627885503232,0.29593721144967683,2166,641,0.6136363636363636,0.5510204081632653,49,44,124,31,sec_dev_0002
no_rel,19521019,dev,0.0,104,19,0.7368421052631579,0.1346153846153846,0.22764227642276422,0.0784313725490196,0.9519230769230769,0.7925608011444921,0.20743919885550788,699,145,0.24210526315789474,0.8070175438596491,57,190,51,4,sec_dev_0003
no_rel,19521019,dev,0.7,104,55,0.6909090909090909,0.36538461538461536,0.4779874213836478,0.20300751879699247,1.0769230769230769,0.7448736289938007,0.25512637100619934,2097,535,0.7142857142857143,0.5263157894736842,57,42,133,27,sec_dev_0003
no_rel,19521019,dev,0.0,117,25,0.64,0.13675213675213677,0.22535211267605634,0.21818181818181817,0.9487179487179487,0.7457627118644068,0.2542372881355932,885,225,0.21195652173913043,0.8863636363636364,44,184,55,12,sec_dev_0004
no_rel,19521019,dev,0.7,117,59,0.6440677966101694,0.3247863247863248,0.4318181818181818,0.2558139534883721,1.0256410256410255,0.7343822304488663,0.26561776955113375,2161,574,0.5510204081632653,0.6136363636363636,44,49,129,33,sec_dev_0004
no_rel,19521019,dev,0.0,121,29,0.7586206896551724,0.18181818181818182,0.29333333333333333,0.171875,0.9173553719008265,0.7530120481927711,0.2469879518072289,996,246,0.20454545454545456,0.9,40,176,64,11,sec_dev_0005
no_rel,19521019,dev,0.7,121,66,0.696969696969697,0.38016528925619836,0.4919786096256684,0.2773722627737226,1.0578512396694215,0.7235063235935455,0.27649367640645445,2293,634,0.6923076923076923,0.675,40,39,137,38,sec_dev_0005
no_rel,19521019,dev,0.0,106,19,0.5263157894736842,0.09433962264150944,0.16,0.18,1.0188679245283019,0.7653333333333333,0.23466666666666666,750,176,0.23529411764705882,0.8,55,187,50,9,sec_dev_0006
no_rel,19521019,dev,0.7,106,57,0.631578947368421,0.33962264150943394,0.44171779141104295,0.216,1.0566037735849056,0.7174224343675417,0.2825775656324582,2095,592,0.6,0.4909090909090909,55,45,125,27,sec_dev_0006
no_rel,19521019,dev,0.0,107,27,0.6666666666666666,0.16822429906542055,0.2686567164179104,0.2413793103448276,0.9813084112149533,0.7016632016632016,0.2983367983367983,962,287,0.26506024096385544,0.8148148148148148,54,166,58,14,sec_dev_0007
no_rel,19521019,dev,0.7,107,50,0.58,0.27102803738317754,0.3694267515923566,0.29411764705882354,1.1495327102803738,0.7132761231701161,0.2867238768298839,1981,568,0.4827586206896552,0.5185185185185185,54,58,119,35,sec_dev_0007
no_rel,19521019,dev,0.0,109,23,0.782608695652174,0.1651376146788991,0.2727272727272727,0.09803921568627451,0.908256880733945,0.7637997432605905,0.2362002567394095,779,184,0.22459893048128343,0.8076923076923077,52,187,51,5,sec_dev_0008
no_rel,19521019,dev,0.7,109,64,0.671875,0.3944954128440367,0.49710982658959535,0.208,0.981651376146789,0.7365967365967365,0.2634032634032634,2145,565,0.627906976744186,0.5192307692307693,52,43,125,26,sec_dev_0008
no_rel,19521019,dev,0.0,110,23,0.6956521739130435,0.14545454545454545,0.24060150375939848,0.19672131147540983,0.9363636363636364,0.743940990516333,0.256059009483667,949,243,0.2411764705882353,0.803921568627451,51,170,61,12,sec_dev_0009
no_rel,19521019,dev,0.7,110,61,0.6065573770491803,0.33636363636363636,0.4327485380116959,0.22900763358778625,1.0909090909090908,0.7482868889904066,0.2517131110095934,2189,551,0.6666666666666666,0.5098039215686274,51,39,131,30,sec_dev_0009
no_rel,19521019,dev,0.0,104,24,0.75,0.17307692307692307,0.28124999999999994,0.14285714285714285,0.9615384615384616,0.7402323125659979,0.25976768743400214,947,246,0.2804878048780488,0.8070175438596491,57,164,63,9,sec_dev_0010
no_rel,19521019,dev,0.7,104,55,0.6545454545454545,0.34615384615384615,0.45283018867924535,0.21212121212121213,1.0769230769230769,0.7048417132216015,0.2951582867783985,2148,634,0.6486486486486487,0.42105263157894735,57,37,132,28,sec_dev_0010
no_rel,19521019,dev,0.0,105,28,0.7142857142857143,0.19047619047619047,0.3007518796992481,0.1044776119402985,0.9142857142857143,0.7846460618145563,0.21535393818544366,1003,216,0.25157232704402516,0.7142857142857143,56,159,67,7,sec_dev_0011
no_rel,19521019,dev,0.7,105,63,0.6349206349206349,0.38095238095238093,0.47619047619047616,0.23015873015873015,1.019047619047619,0.7485875706214689,0.2514124293785311,2124,534,0.6829268292682927,0.5,56,41,126,29,sec_dev_0011
no_rel,19521019,test,0.0,110,19,0.6842105263157895,0.11818181818181818,0.20155038759689922,0.1568627450980392,0.9727272727272728,0.7757009345794392,0.22429906542056074,749,168,0.23036649214659685,0.8627450980392157,51,191,51,8,sec_test_0000
no_rel,19521019,test,0.7,110,55,0.5636363636363636,0.2818181818181818,0.37575757575757573,0.3089430894308943,1.1818181818181819,0.7358490566037736,0.2641509433962264,2067,546,0.5384615384615384,0.5490196078431373,51,52,123,38,sec_test_0000
no_rel,19521019,test,0.0,106,24,0.6666666666666666,0.1509433962264151,0.24615384615384617,0.14705882352941177,1.009433962264151,0.7772177419354839,0.22278225806451613,992,221,0.2608695652173913,0.7636363636363637,55,161,68,10,sec_test_0001
no_rel,19521019,test,0.7,106,62,0.7258064516129032,0.42452830188679247,0.5357142857142857,0.20155038759689922,0.9811320754716981,0.7277752187931829,0.27222478120681715,2171,591,0.7027027027027027,0.4727272727272727,55,37,129,26,sec_test_0001
no_rel,19521019,test,0.0,114,18,0.9444444444444444,0.14912280701754385,0.2575757575757575,0.17543859649122806,0.956140350877193,0.736540664375716,0.2634593356242841,873,230,0.21978021978021978,0.851063829787234,47,182,57,10,sec_test_0002
no_rel,19521019,test,0.7,114,55,0.6363636363636364,0.30701754385964913,0.41420118343195267,0.2706766917293233,1.1578947368421053,0.7118260081558677,0.2881739918441323,2207,636,0.6585365853658537,0.574468085106383,47,41,133,36,sec_test_0002
no_rel,19521019,test,0.0,111,16,0.875,0.12612612612612611,0.22047244094488186,0.12962962962962962,0.990990990990991,0.7868632707774799,0.2131367292225201,746,159,0.21354166666666666,0.82,50,192,54,7,sec_test_0003
no_rel,19521019,test,0.7,111,55,0.6909090909090909,0.34234234234234234,0.4578313253012048,0.2222222222222222,1.072072072072072,0.738747553816047,0.26125244618395305,2044,534,0.45454545454545453,0.5,50,55,126,28,sec_test_0003
no_rel,19521019,test,0.0,109,9,0.7777777777777778,0.06422018348623854,0.11864406779661019,0.14583333333333334,1.0275229357798166,0.7598039215686274,0.24019607843137256,612,147,0.19607843137254902,0.7692307692307693,52,204,48,7,sec_test_0004
no_rel,19521019,test,0.7,109,44,0.6590909090909091,0.26605504587155965,0.3790849673202614,0.26666666666666666,1.165137614678899,0.7099502487562189,0.2900497512437811,2010,583,0.5087719298245614,0.5576923076923077,52,57,120,32,sec_test_0004
no_rel,19521019,test,0.0,107,27,0.8888888888888888,0.22429906542056074,0.3582089552238806,0.10144927536231885,0.8785046728971962,0.8001998001998002,0.1998001998001998,1001,200,0.2608695652173913,0.7777777777777778,54,161,69,7,sec_test_0005
no_rel,19521019,test,0.7,107,63,0.7301587301587301,0.42990654205607476,0.5411764705882353,0.2366412213740458,0.9626168224299065,0.7645709040844424,0.2354290959155576,2179,513,0.7567567567567568,0.5185185185185185,54,37,131,31,sec_test_0005
no_rel,19521019,test,0.0,108,21,0.6666666666666666,0.12962962962962962,0.21705426356589147,0.14285714285714285,0.9351851851851852,0.75,0.25,708,177,0.22164948453608246,0.8113207547169812,53,194,42,6,sec_test_0006
no_rel,19521019,test,0.7,108,51,0.6666666666666666,0.3148148148148148,0.4276729559748428,0.24166666666666667,1.0833333333333333,0.7587939698492463,0.24120603015075376,1990,480,0.4827586206896552,0.5283018867924528,53,58,120,29,sec_test_0006
no_rel,19521019,test,0.0,112,25,0.64,0.14285714285714285,0.23357664233576642,0.18333333333333332,0.9553571428571429,0.74,0.26,950,247,0.20930232558139536,0.7346938775510204,49,172,60,11,sec_test_0007
no_rel,19521019,test,0.7,112,56,0.6785714285714286,0.3392857142857143,0.45238095238095244,0.27049180327868855,1.0178571428571428,0.7195571955719557,0.28044280442804426,2168,608,0.6136363636363636,0.5510204081632653,49,44,122,33,sec_test_0007
no_rel,19521019,test,0.0,106,19,0.7368421052631579,0.1320754716981132,0.224,0.15217391304347827,0.9339622641509434,0.77046783625731,0.22953216374269006,684,157,0.2268041237113402,0.8,55,194,46,7,sec_test_0008
no_rel,19521019,test,0.7,106,48,0.6875,0.3113207547169811,0.42857142857142855,0.22608695652173913,1.009433962264151,0.7233595800524935,0.27664041994750654,1905,527,0.4,0.4727272727272727,55,65,115,26,sec_test_0008
no_rel,19521019,test,0.0,108,17,0.7058823529411765,0.1111111111111111,0.192,0.14285714285714285,0.9722222222222222,0.8002853067047075,0.19971469329529243,701,140,0.2268041237113402,0.8301886792452831,53,194,49,7,sec_test_0009
no_rel,19521019,test,0.7,108,47,0.574468085106383,0.25,0.34838709677419355,0.31092436974789917,1.212962962962963,0.7144906743185079,0.2855093256814921,2091,597,0.5625,0.5094339622641509,53,48,119,37,sec_test_0009
no_rel,19521019,test,0.0,110,22,0.7727272727272727,0.15454545454545454,0.25757575757575757,0.06382978723404255,0.8909090909090909,0.7965367965367965,0.20346320346320346,693,141,0.2233502538071066,0.8627450980392157,51,197,47,3,sec_test_0010
no_rel,19521019,test,0.7,110,62,0.6612903225806451,0.37272727272727274,0.4767441860465117,0.232,0.9818181818181818,0.7600950118764845,0.23990498812351543,2105,505,0.5625,0.5294117647058824,51,48,125,29,sec_test_0010
no_rel,19521019,test,0.0,98,15,0.8,0.12244897959183673,0.21238938053097345,0.21818181818181817,1.010204081632653,0.7233532934131737,0.27664670658682633,835,231,0.28823529411764703,0.7777777777777778,63,170,55,12,sec_test_0011
no_rel,19521019,test,0.7,98,45,0.7777777777777778,0.35714285714285715,0.48951048951048953,0.20512820512820512,1.0,0.7113884555382215,0.28861154446177845,1923,555,0.5454545454545454,0.47619047619047616,63,55,117,24,sec_test_0011
no_rel,19521019,test,0.0,116,25,0.76,0.16379310344827586,0.2695035460992908,0.11666666666666667,0.9310344827586207,0.7625,0.2375,880,209,0.1912568306010929,0.7777777777777778,45,183,60,7,sec_test_0012
no_rel,19521019,test,0.7,116,59,0.6610169491525424,0.33620689655172414,0.44571428571428573,0.27906976744186046,1.0948275862068966,0.7403979639055993,0.25960203609440075,2161,561,0.5208333333333334,0.5555555555555556,45,48,129,36,sec_test_0012
no_rel,19521020,dev,0.0,113,8,0.875,0.061946902654867256,0.11570247933884298,0.11428571428571428,1.0,0.8,0.2,445,89,0.20353982300884957,0.9583333333333334,48,226,35,4,sec_dev_0000
no_rel,19521020,dev,0.7,113,46,0.6956521739130435,0.2831858407079646,0.4025157232704402,0.29411764705882354,1.1150442477876106,0.7378888322284549,0.26211116777154514,1961,514,0.4696969696969697,0.6458333333333334,48,66,119,35,sec_dev_0000
no_rel,19521020,dev,0.0,111,11,0.6363636363636364,0.06306306306306306,0.11475409836065573,0.125,0.9819819819819819,0.771689497716895,0.228310502283105,438,100,0.20444444444444446,0.92,50,225,32,4,sec_dev_0001
no_rel,19521020,dev,0.7,111,51,0.5882352941176471,0.2702702702702703,0.37037037037037035,0.2542372881355932,1.09009009009009,0.7277722277722278,0.2722277722277722,2002,545,0.45,0.54,50,60,118,30,sec_dev_0001
no_rel,19521020,dev,0.0,112,3,1.0,0.026785714285714284,0.052173913043478265,0.0,0.9732142857142857,0.8682170542635659,0.13178294573643412,129,17,0.1776061776061776,0.9387755102040817,49,259,11,0,sec_dev_0002
no_rel,19521020,dev,0.7,112,35,0.6,0.1875,0.2857142857142857,0.15625,1.0,0.7492877492877492,0.25071225071225073,1404,352,0.2601626016260163,0.6530612244897959,49,123,96,15,sec_dev_0002
no_rel,19521020,dev,0.0,104,2,1.0,0.019230769230769232,0.03773584905660378,0.0,0.9903846153846154,0.8083333333333333,0.19166666666666668,120,23,0.2222222222222222,0.9824561403508771,57,252,10,0,sec_dev_0003
no_rel,19521020,dev,0.7,104,32,0.8125,0.25,0.38235294117647056,0.11428571428571428,1.0,0.7695501730103806,0.23044982698961938,1445,333,0.3090909090909091,0.5964912280701754,57,110,105,12,sec_dev_0003
no_rel,19521020,dev,0.0,117,19,0.7894736842105263,0.1282051282051282,0.22058823529411764,0.23529411764705882,0.9743589743589743,0.7769328263624842,0.22306717363751585,789,176,0.21649484536082475,0.9545454545454546,44,194,51,12,sec_dev_0004
no_rel,19521020,dev,0.7,117,57,0.7192982456140351,0.3504273504273504,0.4712643678160919,0.27419354838709675,1.0341880341880343,0.7166821994408201,0.2833178005591799,2146,608,0.5490196078431373,0.6363636363636364,44,51,124,34,sec_dev_0004
no_rel,19521020,dev,0.0,121,8,0.75,0.049586776859504134,0.09302325581395349,0.09523809523809523,0.9917355371900827,0.7893700787401575,0.2106299212598425,508,107,0.16740088105726872,0.95,40,227,42,4,sec_dev_0005
no_rel,19521020,dev,0.7,121,52,0.6923076923076923,0.2975206611570248,0.4161849710982659,0.30434782608695654,1.0661157024793388,0.7092731829573935,0.2907268170426065,1995,580,0.39436619718309857,0.7,40,71,115,35,sec_dev_0005
no_rel,19521020,dev,0.0,106,2,0.5,0.009433962264150943,0.018518518518518517,0.09523809523809523,1.009433962264151,0.8122270742358079,0.18777292576419213,229,43,0.2231404958677686,0.9818181818181818,55,242,21,2,sec_dev_0006
no_rel,19521020,dev,0.7,106,41,0.43902439024390244,0.16981132075471697,0.24489795918367346,0.23853211009174313,1.2169811320754718,0.7244234180958014,0.2755765819041987,1691,466,0.3563218390804598,0.5636363636363636,55,87,109,26,sec_dev_0006
no_rel,19521020,dev,0.0,107,11,0.5454545454545454,0.056074766355140186,0.10169491525423728,0.21875,0.9906542056074766,0.6987704918032787,0.3012295081967213,488,147,0.22685185185185186,0.9074074074074074,54,216,32,7,sec_dev_0007
no_rel,19521020,dev,0.7,107,39,0.6153846153846154,0.22429906542056074,0.32876712328767127,0.22727272727272727,1.0934579439252337,0.7241379310344828,0.27586206896551724,1740,480,0.40963855421686746,0.6296296296296297,54,83,110,25,sec_dev_0007
no_rel,19521020,dev,0.0,109,14,0.5,0.06422018348623854,0.11382113821138211,0.2222222222222222,1.0,0.7343511450381679,0.26564885496183205,655,174,0.22,0.8461538461538461,52,200,45,10,sec_dev_0008
no_rel,19521020,dev,0.7,109,55,0.6181818181818182,0.3119266055045872,0.41463414634146345,0.2956521739130435,1.055045871559633,0.7154394299287411,0.2845605700712589,2105,599,0.6041666666666666,0.5576923076923077,52,48,115,34,sec_dev_0008
no_rel,19521020,dev,0.0,110,10,0.9,0.08181818181818182,0.15,0.2903225806451613,0.9363636363636364,0.7116564417177914,0.2883435582822086,489,141,0.2328767123287671,1.0,51,219,31,9,sec_dev_0009
no_rel,19521020,dev,0.7,110,46,0.7391304347826086,0.3090909090909091,0.4358974358974359,0.26785714285714285,1.009090909090909,0.7212855637513171,0.2787144362486828,1898,529,0.45714285714285713,0.6274509803921569,51,70,112,30,sec_dev_0009
no_rel,19521020,dev,0.0,104,9,0.6666666666666666,0.057692307692307696,0.10619469026548674,0.18181818181818182,0.9615384615384616,0.7958579881656804,0.20414201183431951,338,69,0.22707423580786026,0.9122807017543859,57,229,22,4,sec_dev_0010
no_rel,19521020,dev,0.7,104,47,0.6170212765957447,0.27884615384615385,0.3841059602649007,0.20689655172413793,1.0961538461538463,0.7558528428093645,0.24414715719063546,1794,438,0.43243243243243246,0.5614035087719298,57,74,116,24,sec_dev_0010
no_rel,19521020,dev,0.0,105,9,1.0,0.08571428571428572,0.15789473684210528,0.14285714285714285,0.9238095238095239,0.7957894736842105,0.20421052631578948,475,97,0.22790697674418606,0.875,56,215,35,5,sec_dev_0011
no_rel,19521020,dev,0.7,105,51,0.6862745098039216,0.3333333333333333,0.44871794871794873,0.2066115702479339,1.0285714285714285,0.7516505840528187,0.24834941594718132,1969,489,0.47368421052631576,0.48214285714285715,56,57,121,25,sec_dev_0011
no_rel,19521020,test,0.0,110,7,1.0,0.06363636363636363,0.11965811965811964,0.1935483870967742,0.9727272727272728,0.7668997668997669,0.2331002331002331,429,100,0.21333333333333335,0.9411764705882353,51,225,31,6,sec_test_0000
no_rel,19521020,test,0.7,110,48,0.6458333333333334,0.2818181818181818,0.3924050632911392,0.29411764705882354,1.1454545454545455,0.7205370462456488,0.2794629537543511,2011,562,0.5,0.5686274509803921,51,58,119,35,sec_test_0000
no_rel,19521020,test,0.0,106,6,0.6666666666666666,0.03773584905660377,0.07142857142857142,0.05,1.0188679245283019,0.8465116279069768,0.15348837209302327,430,66,0.23636363636363636,0.9454545454545454,55,220,40,2,sec_test_0001
no_rel,19521020,test,0.7,106,56,0.6607142857142857,0.3490566037735849,0.4567901234567901,0.21311475409836064,1.0377358490566038,0.7280080889787665,0.27199191102123355,1978,538,0.5789473684210527,0.6,55,57,122,26,sec_test_0001
no_rel,19521020,test,0.0,114,6,0.6666666666666666,0.03508771929824561,0.06666666666666667,0.16129032258064516,1.0,0.7940379403794038,0.20596205962059622,369,76,0.1829787234042553,0.9148936170212766,47,235,31,5,sec_test_0002
no_rel,19521020,test,0.7,114,46,0.6739130434782609,0.2719298245614035,0.3875,0.2882882882882883,1.0701754385964912,0.7111350188273264,0.2888649811726735,1859,537,0.3974358974358974,0.6595744680851063,47,78,111,32,sec_test_0002
no_rel,19521020,test,0.0,111,9,0.8888888888888888,0.07207207207207207,0.13333333333333333,0.09803921568627451,1.0360360360360361,0.7948303715670436,0.20516962843295639,619,127,0.18536585365853658,0.76,50,205,51,5,sec_test_0003
no_rel,19521020,test,0.7,111,52,0.6346153846153846,0.2972972972972973,0.4049079754601227,0.2689075630252101,1.1081081081081081,0.7109798129000493,0.28902018709995075,2031,587,0.49122807017543857,0.56,50,57,119,32,sec_test_0003
no_rel,19521020,test,0.0,109,9,1.0,0.08256880733944955,0.15254237288135594,0.0,0.926605504587156,0.8227848101265822,0.17721518987341772,316,56,0.19491525423728814,0.8846153846153846,52,236,24,0,sec_test_0004
no_rel,19521020,test,0.7,109,43,0.8372093023255814,0.3302752293577982,0.4736842105263158,0.17757009345794392,0.8899082568807339,0.7807715860379669,0.21922841396203308,1633,358,0.3229166666666667,0.5961538461538461,52,96,107,19,sec_test_0004
no_rel,19521020,test,0.0,107,8,0.75,0.056074766355140186,0.10434782608695652,0.12121212121212122,1.0093457943925233,0.7793764988009593,0.22062350119904076,417,92,0.2242152466367713,0.9259259259259259,54,223,33,4,sec_test_0005
no_rel,19521020,test,0.7,107,57,0.631578947368421,0.3364485981308411,0.4390243902439024,0.26785714285714285,1.0,0.68701171875,0.31298828125,2048,641,0.5384615384615384,0.5185185185185185,54,52,112,30,sec_test_0005
no_rel,19521020,test,0.0,108,2,1.0,0.018518518518518517,0.03636363636363636,0.0,0.9814814814814815,0.864516129032258,0.13548387096774195,155,21,0.1984126984126984,0.9433962264150944,53,252,15,0,sec_test_0006
no_rel,19521020,test,0.7,108,40,0.675,0.25,0.36486486486486486,0.15841584158415842,0.9537037037037037,0.7553260167850226,0.2446739832149774,1549,379,0.3173076923076923,0.6226415094339622,53,104,101,16,sec_test_0006
no_rel,19521020,test,0.0,112,15,0.7333333333333333,0.09821428571428571,0.1732283464566929,0.15555555555555556,0.9732142857142857,0.7922480620155039,0.20775193798449612,645,134,0.19607843137254902,0.8163265306122449,49,204,45,7,sec_test_0007
no_rel,19521020,test,0.7,112,49,0.7346938775510204,0.32142857142857145,0.4472049689440994,0.23076923076923078,1.0089285714285714,0.7328872876994339,0.26711271230056616,1943,519,0.40298507462686567,0.5510204081632653,49,67,117,27,sec_test_0007
no_rel,19521020,test,0.0,106,6,0.6666666666666666,0.03773584905660377,0.07142857142857142,0.06,1.0377358490566038,0.8547169811320755,0.14528301886792452,530,77,0.22009569377990432,0.8363636363636363,55,209,50,3,sec_test_0008
no_rel,19521020,test,0.7,106,49,0.6122448979591837,0.2830188679245283,0.3870967741935484,0.18461538461538463,1.1132075471698113,0.7507692307692307,0.24923076923076923,1950,486,0.4745762711864407,0.509090909090909,55,59,130,24,sec_test_0008
no_rel,19521020,test,0.0,108,7,0.7142857142857143,0.046296296296296294,0.08695652173913043,0.16666666666666666,1.0277777777777777,0.7195121951219512,0.2804878048780488,410,115,0.2088888888888889,0.8867924528301887,53,225,30,5,sec_test_0009
no_rel,19521020,test,0.7,108,44,0.5227272727272727,0.21296296296296297,0.3026315789473684,0.25,1.2037037037037037,0.7396049896049897,0.2603950103950104,1924,501,0.4461538461538462,0.5471698113207547,53,65,116,29,sec_test_0009
no_rel,19521020,test,0.0,110,4,1.0,0.03636363636363636,0.07017543859649122,0.0,0.9727272727272728,0.8762886597938144,0.12371134020618557,194,24,0.192,0.9411764705882353,51,250,16,0,sec_test_0010
no_rel,19521020,test,0.7,110,42,0.7142857142857143,0.2727272727272727,0.3947368421052631,0.16216216216216217,1.009090909090909,0.7671075330649799,0.23289246693502014,1739,405,0.37209302325581395,0.6274509803921569,51,86,111,18,sec_test_0010
no_rel,19521020,test,0.0,98,17,0.6470588235294118,0.11224489795918367,0.19130434782608696,0.15789473684210525,1.010204081632653,0.7584059775840598,0.24159402241594022,803,194,0.26011560693641617,0.7142857142857143,63,173,57,9,sec_test_0011
no_rel,19521020,test,0.7,98,57,0.6140350877192983,0.35714285714285715,0.4516129032258065,0.18699186991869918,1.0204081632653061,0.7194944093339815,0.2805055906660185,2057,577,0.6097560975609756,0.3968253968253968,63,41,123,23,sec_test_0011
no_rel,19521020,test,0.0,116,5,1.0,0.04310344827586207,0.08264462809917356,0.05555555555555555,0.9568965517241379,0.7629310344827587,0.23706896551724138,232,55,0.15873015873015872,0.8888888888888888,45,252,18,1,sec_test_0012
no_rel,19521020,test,0.7,116,44,0.7727272727272727,0.29310344827586204,0.425,0.23423423423423423,0.9827586206896551,0.7377049180327868,0.26229508196721313,1769,464,0.30337078651685395,0.6,45,89,111,26,sec_test_0012
no_rel,19521021,dev,0.0,113,16,0.75,0.10619469026548672,0.18604651162790697,0.14285714285714285,1.0176991150442478,0.8,0.2,920,184,0.2342857142857143,0.8541666666666666,48,175,70,10,sec_dev_0000
no_rel,19521021,dev,0.7,113,51,0.6666666666666666,0.3008849557522124,0.4146341463414634,0.27007299270072993,1.2212389380530972,0.7440395861448493,0.25596041385515067,2223,569,0.6842105263157895,0.5416666666666666,48,38,137,37,sec_dev_0000
no_rel,19521021,dev,0.0,111,21,0.6190476190476191,0.11711711711711711,0.19696969696969696,0.14814814814814814,0.9279279279279279,0.7564432989690721,0.24355670103092783,776,189,0.2275132275132275,0.86,50,189,54,8,sec_dev_0001
no_rel,19521021,dev,0.7,111,55,0.7090909090909091,0.35135135135135137,0.46987951807228917,0.20454545454545456,1.027027027027027,0.75,0.25,2068,517,0.5576923076923077,0.58,50,52,132,27,sec_dev_0001
no_rel,19521021,dev,0.0,112,13,1.0,0.11607142857142858,0.208,0.2,0.9642857142857143,0.7426356589147287,0.25736434108527134,645,166,0.20588235294117646,0.8571428571428571,49,204,45,9,sec_dev_0002
no_rel,19521021,dev,0.7,112,60,0.5666666666666667,0.30357142857142855,0.39534883720930225,0.344,1.1160714285714286,0.6997701149425287,0.3002298850574713,2175,653,0.627906976744186,0.5510204081632653,49,43,125,43,sec_dev_0002
no_rel,19521021,dev,0.0,104,17,0.47058823529411764,0.07692307692307693,0.1322314049586777,0.125,1.0480769230769231,0.7796803652968036,0.22031963470319635,876,193,0.23976608187134502,0.7192982456140351,57,171,64,8,sec_dev_0003
no_rel,19521021,dev,0.7,104,58,0.603448275862069,0.33653846153846156,0.4320987654320988,0.17164179104477612,1.0961538461538463,0.7481447124304268,0.25185528756957326,2156,543,0.7222222222222222,0.45614035087719296,57,36,134,23,sec_dev_0003
no_rel,19521021,dev,0.0,117,17,0.7647058823529411,0.1111111111111111,0.19402985074626863,0.23255813953488372,0.9658119658119658,0.7524752475247525,0.24752475247524752,707,175,0.1724137931034483,0.7954545454545454,44,203,43,10,sec_dev_0004
no_rel,19521021,dev,0.7,117,60,0.6833333333333333,0.3504273504273504,0.46327683615819215,0.208955223880597,1.0341880341880343,0.7440257352941176,0.25597426470588236,2176,557,0.5319148936170213,0.5681818181818182,44,47,134,28,sec_dev_0004
no_rel,19521021,dev,0.0,121,26,0.8076923076923077,0.17355371900826447,0.28571428571428575,0.171875,0.9256198347107438,0.7882096069868996,0.21179039301310043,916,194,0.19021739130434784,0.875,40,184,64,11,sec_dev_0005
no_rel,19521021,dev,0.7,121,60,0.7333333333333333,0.36363636363636365,0.48618784530386744,0.22695035460992907,1.0413223140495869,0.7312970340858786,0.2687029659141213,2259,607,0.6190476190476191,0.65,40,42,141,32,sec_dev_0005
no_rel,19521021,dev,0.0,106,11,0.6363636363636364,0.0660377358490566,0.11965811965811965,0.0625,1.0,0.8006644518272426,0.19933554817275748,602,120,0.23267326732673269,0.8545454545454545,55,202,48,3,sec_dev_0006
no_rel,19521021,dev,0.7,106,58,0.7586206896551724,0.41509433962264153,0.5365853658536586,0.14492753623188406,0.9622641509433962,0.766258246936852,0.23374175306314798,2122,496,0.6829268292682927,0.509090909090909,55,41,138,20,sec_dev_0006
no_rel,19521021,dev,0.0,107,20,0.7,0.1308411214953271,0.22047244094488186,0.15254237288135594,0.9719626168224299,0.7398373983739837,0.2601626016260163,861,224,0.22727272727272727,0.7407407407407407,54,176,59,9,sec_dev_0007
no_rel,19521021,dev,0.7,107,56,0.5892857142857143,0.308411214953271,0.40490797546012264,0.25,1.158878504672897,0.7026390197926484,0.2973609802073516,2122,631,0.627906976744186,0.5,54,43,128,32,sec_dev_0007
no_rel,19521021,dev,0.0,109,23,0.6521739130434783,0.13761467889908258,0.22727272727272727,0.11864406779661017,0.9174311926605505,0.7428243398392652,0.2571756601607348,871,224,0.22598870056497175,0.7692307692307693,52,177,59,7,sec_dev_0008
no_rel,19521021,dev,0.7,109,65,0.7076923076923077,0.42201834862385323,0.5287356321839081,0.1984126984126984,0.908256880733945,0.7224247948951686,0.27757520510483136,2194,609,0.7105263157894737,0.5192307692307693,52,38,126,25,sec_dev_0008
no_rel,19521021,dev,0.0,110,15,0.7333333333333333,0.1,0.17600000000000002,0.17857142857142858,1.009090909090909,0.7806122448979592,0.2193877551020408,784,172,0.21390374331550802,0.7843137254901961,51,187,56,10,sec_dev_0009
no_rel,19521021,dev,0.7,110,52,0.7307692307692307,0.34545454545454546,0.4691358024691359,0.22388059701492538,1.1454545454545455,0.7304189435336976,0.26958105646630237,2196,592,0.7368421052631579,0.5490196078431373,51,38,134,30,sec_dev_0009
no_rel,19521021,dev,0.0,104,21,0.7619047619047619,0.15384615384615385,0.256,0.07352941176470588,0.9711538461538461,0.801605504587156,0.19839449541284404,872,173,0.26900584795321636,0.8070175438596491,57,171,68,5,sec_dev_0010
no_rel,19521021,dev,0.7,104,51,0.7647058823529411,0.375,0.5032258064516129,0.16901408450704225,1.0673076923076923,0.7516370439663237,0.24836295603367634,2138,531,0.7297297297297297,0.47368421052631576,57,37,142,24,sec_dev_0010
no_rel,19521021,dev,0.0,105,7,0.7142857142857143,0.047619047619047616,0.08928571428571427,0.06521739130434782,1.0285714285714285,0.8579766536964981,0.14202334630350194,514,73,0.23809523809523808,0.8928571428571429,56,210,46,3,sec_dev_0011
no_rel,19521021,dev,0.7,105,47,0.6595744680851063,0.29523809523809524,0.40789473684210525,0.19696969696969696,1.1238095238095238,0.7596630327056492,0.24033696729435083,2018,485,0.5294117647058824,0.48214285714285715,56,51,132,26,sec_dev_0011
no_rel,19521021,test,0.0,110,14,0.8571428571428571,0.10909090909090909,0.19354838709677416,0.09433962264150944,0.9545454545454546,0.8286558345642541,0.17134416543574593,677,116,0.21212121212121213,0.8235294117647058,51,198,53,5,sec_test_0000
no_rel,19521021,test,0.7,110,60,0.7833333333333333,0.42727272727272725,0.5529411764705883,0.18518518518518517,0.990909090909091,0.7822323462414579,0.21776765375854215,2195,478,0.7368421052631579,0.5490196078431373,51,38,135,25,sec_test_0000
no_rel,19521021,test,0.0,106,28,0.7857142857142857,0.20754716981132076,0.3283582089552239,0.0547945205479452,0.8679245283018868,0.818455366098295,0.1815446339017051,997,181,0.25,0.7272727272727273,55,160,73,4,sec_test_0001
no_rel,19521021,test,0.7,106,67,0.7611940298507462,0.4811320754716981,0.5895953757225434,0.16176470588235295,0.9150943396226415,0.7625341841385597,0.2374658158614403,2194,521,0.7352941176470589,0.45454545454545453,55,34,136,22,sec_test_0001
no_rel,19521021,test,0.0,114,25,0.72,0.15789473684210525,0.2589928057553956,0.20967741935483872,0.9824561403508771,0.7655310621242485,0.23446893787575152,998,234,0.21893491124260356,0.7872340425531915,47,169,62,13,sec_test_0002
no_rel,19521021,test,0.7,114,51,0.7254901960784313,0.32456140350877194,0.4484848484848485,0.26666666666666666,1.1578947368421053,0.7266514806378133,0.2733485193621868,2195,600,0.6666666666666666,0.5957446808510638,47,42,135,36,sec_test_0002
no_rel,19521021,test,0.0,111,25,0.76,0.17117117117117117,0.27941176470588236,0.13725490196078433,0.8828828828828829,0.7404202719406675,0.2595797280593325,809,210,0.21505376344086022,0.8,50,186,51,7,sec_test_0003
no_rel,19521021,test,0.7,111,59,0.7627118644067796,0.40540540540540543,0.5294117647058822,0.17054263565891473,0.9279279279279279,0.7267967634459781,0.2732032365540219,2101,574,0.5510204081632653,0.54,50,49,129,22,sec_test_0003
no_rel,19521021,test,0.0,109,19,0.7894736842105263,0.13761467889908258,0.234375,0.06382978723404255,0.908256880733945,0.7833089311859444,0.21669106881405564,683,148,0.20304568527918782,0.7692307692307693,52,197,47,3,sec_test_0004
no_rel,19521021,test,0.7,109,52,0.6346153846153846,0.30275229357798167,0.4099378881987578,0.2222222222222222,1.0825688073394495,0.7502507522567703,0.24974924774322968,1994,498,0.46551724137931033,0.5192307692307693,52,58,126,28,sec_test_0004
no_rel,19521021,test,0.0,107,13,0.7692307692307693,0.09345794392523364,0.16666666666666666,0.10869565217391304,0.9626168224299065,0.7836538461538461,0.21634615384615385,624,135,0.22885572139303484,0.8518518518518519,54,201,46,5,sec_test_0005
no_rel,19521021,test,0.7,107,52,0.6346153846153846,0.308411214953271,0.41509433962264153,0.21804511278195488,1.074766355140187,0.7446094873023479,0.2553905126976521,2087,533,0.5434782608695652,0.46296296296296297,54,46,133,29,sec_test_0005
no_rel,19521021,test,0.0,108,6,0.5,0.027777777777777776,0.05263157894736842,0.09375,0.9907407407407407,0.7611607142857143,0.23883928571428573,448,107,0.19909502262443438,0.8301886792452831,53,221,32,3,sec_test_0006
no_rel,19521021,test,0.7,108,53,0.7358490566037735,0.3611111111111111,0.484472049689441,0.15702479338842976,0.9814814814814815,0.7386759581881532,0.2613240418118467,2009,525,0.5178571428571429,0.5471698113207547,53,56,121,19,sec_test_0006
no_rel,19521021,test,0.0,112,9,0.7777777777777778,0.0625,0.11570247933884298,0.05,0.9642857142857143,0.792,0.208,500,104,0.1780821917808219,0.7959183673469388,49,219,40,2,sec_test_0007
no_rel,19521021,test,0.7,112,53,0.660377358490566,0.3125,0.42424242424242425,0.17293233082706766,1.0357142857142858,0.7481769567331065,0.25182304326689353,2057,518,0.46296296296296297,0.5102040816326531,49,54,133,23,sec_test_0007
no_rel,19521021,test,0.0,106,15,0.8666666666666667,0.12264150943396226,0.21487603305785125,0.11320754716981132,0.9433962264150944,0.8189533239038189,0.18104667609618105,707,128,0.24083769633507854,0.8363636363636363,55,191,53,6,sec_test_0008
no_rel,19521021,test,0.7,106,50,0.8,0.37735849056603776,0.5128205128205128,0.2,1.0188679245283019,0.7497607655502392,0.25023923444976076,2090,523,0.5777777777777777,0.4727272727272727,55,45,130,26,sec_test_0008
no_rel,19521021,test,0.0,108,10,0.6,0.05555555555555555,0.10169491525423728,0.16279069767441862,1.037037037037037,0.7901234567901234,0.20987654320987653,567,119,0.22596153846153846,0.8867924528301887,53,208,43,7,sec_test_0009
no_rel,19521021,test,0.7,108,45,0.6888888888888889,0.28703703703703703,0.4052287581699347,0.2689075630252101,1.1296296296296295,0.7496360989810771,0.25036390101892286,2061,516,0.5882352941176471,0.5660377358490566,53,51,119,32,sec_test_0009
no_rel,19521021,test,0.0,110,18,0.7777777777777778,0.12727272727272726,0.21874999999999994,0.1111111111111111,0.9454545454545454,0.7992916174734357,0.20070838252656434,847,170,0.21666666666666667,0.7647058823529411,51,180,63,7,sec_test_0010
no_rel,19521021,test,0.7,110,64,0.703125,0.4090909090909091,0.5172413793103449,0.2028985507246377,1.0272727272727273,0.779291553133515,0.22070844686648503,2202,486,0.7027027027027027,0.5098039215686274,51,37,138,28,sec_test_0010
no_rel,19521021,test,0.0,98,12,0.6666666666666666,0.08163265306122448,0.14545454545454545,0.1111111111111111,1.1020408163265305,0.7734204793028323,0.22657952069716775,918,208,0.275,0.6984126984126984,63,160,72,8,sec_test_0011
no_rel,19521021,test,0.7,98,50,0.64,0.32653061224489793,0.43243243243243235,0.1937984496124031,1.1224489795918366,0.725376031052887,0.27462396894711305,2061,566,0.7,0.4444444444444444,63,40,129,25,sec_test_0011
no_rel,19521021,test,0.0,116,22,0.8636363636363636,0.16379310344827586,0.2753623188405797,0.11864406779661017,0.896551724137931,0.812128418549346,0.187871581450654,841,158,0.18716577540106952,0.7777777777777778,45,187,59,7,sec_test_0012
no_rel,19521021,test,0.7,116,58,0.7241379310344828,0.3620689655172414,0.4827586206896552,0.25190839694656486,1.0172413793103448,0.7428700769578995,0.25712992304210047,2209,568,0.5813953488372093,0.5555555555555556,45,43,131,33,sec_test_0012
no_rel,19521022,dev,0.0,113,4,1.0,0.035398230088495575,0.06837606837606837,0.0,0.9646017699115044,0.9338842975206612,0.06611570247933884,121,8,0.18007662835249041,0.9791666666666666,48,261,9,0,sec_dev_0000
no_rel,19521022,dev,0.7,113,35,0.6571428571428571,0.20353982300884957,0.3108108108108108,0.25,1.0353982300884956,0.7440725244072525,0.25592747559274753,1434,367,0.2892561983471074,0.7291666666666666,48,121,96,24,sec_dev_0000
no_rel,19521022,dev,0.0,111,1,1.0,0.009009009009009009,0.01785714285714286,0.0,0.990990990990991,0.828125,0.171875,64,11,0.18867924528301888,1.0,50,265,6,0,sec_dev_0001
no_rel,19521022,dev,0.7,111,28,0.6428571428571429,0.16216216216216217,0.2589928057553957,0.2676056338028169,1.0,0.7154046997389034,0.2845953002610966,1149,327,0.26,0.78,50,150,71,19,sec_dev_0001
no_rel,19521022,dev,0.0,112,2,1.0,0.017857142857142856,0.03508771929824561,0.0,1.0,0.9363636363636364,0.06363636363636363,110,7,0.18007662835249041,0.9591836734693877,49,261,10,0,sec_dev_0002
no_rel,19521022,dev,0.7,112,43,0.627906976744186,0.24107142857142858,0.34838709677419355,0.3020833333333333,1.0803571428571428,0.6904474002418379,0.309552599758162,1654,512,0.336734693877551,0.673469387755102,49,98,96,29,sec_dev_0002
no_rel,19521022,dev,0.0,104,3,0.6666666666666666,0.019230769230769232,0.037383177570093455,0.058823529411764705,0.9903846153846154,0.7978142076502732,0.20218579234972678,183,37,0.2163265306122449,0.9298245614035088,57,245,17,1,sec_dev_0003
no_rel,19521022,dev,0.7,104,47,0.5319148936170213,0.2403846153846154,0.3311258278145695,0.23214285714285715,1.1153846153846154,0.7040481400437637,0.2959518599562363,1828,541,0.4647887323943662,0.5789473684210527,57,71,112,26,sec_dev_0003
no_rel,19521022,dev,0.0,117,1,1.0,0.008547008547008548,0.016949152542372885,0.08333333333333333,0.9914529914529915,0.8671875,0.1328125,128,17,0.1553030303030303,0.9318181818181818,44,264,12,1,sec_dev_0004
no_rel,19521022,dev,0.7,117,36,0.75,0.23076923076923078,0.3529411764705882,0.22772277227722773,1.0085470085470085,0.7240280433397068,0.27597195666029317,1569,433,0.2882882882882883,0.7272727272727273,44,111,101,23,sec_dev_0004
no_rel,19521022,dev,0.0,121,19,0.5789473684210527,0.09090909090909091,0.15714285714285714,0.25,0.9586776859504132,0.7247557003257329,0.2752442996742671,614,169,0.15668202764976957,0.85,40,217,36,9,sec_dev_0005
no_rel,19521022,dev,0.7,121,52,0.6730769230769231,0.2892561983471074,0.4046242774566474,0.30578512396694213,1.0909090909090908,0.6943029180176008,0.30569708198239925,2159,660,0.5,0.675,40,54,121,37,sec_dev_0005
no_rel,19521022,dev,0.0,106,0,0.0,0.0,0.0,0.0,1.0,0.9814814814814815,0.018518518518518517,54,1,0.20689655172413793,0.9818181818181818,55,261,6,0,sec_dev_0006
no_rel,19521022,dev,0.7,106,23,0.6956521739130435,0.1509433962264151,0.24806201550387597,0.22033898305084745,0.9811320754716981,0.7643097643097643,0.2356902356902357,891,210,0.25,0.7818181818181819,55,172,59,13,sec_dev_0006
no_rel,19521022,dev,0.0,107,1,0.0,0.0,0.0,0.14285714285714285,1.0,0.6867469879518072,0.3132530120481928,83,26,0.20077220077220076,0.9629629629629629,54,259,7,1,sec_dev_0007
no_rel,19521022,dev,0.7,107,28,0.6785714285714286,0.17757009345794392,0.28148148148148144,0.1839080459770115,1.0654205607476634,0.7039420756234915,0.29605792437650846,1243,368,0.3037037037037037,0.7592592592592593,54,135,87,16,sec_dev_0007
no_rel,19521022,dev,0.0,109,5,0.6,0.027522935779816515,0.05263157894736843,0.15789473684210525,1.0,0.7343173431734318,0.2656826568265683,271,72,0.1908713692946058,0.8846153846153846,52,241,19,3,sec_dev_0008
no_rel,19521022,dev,0.7,109,43,0.5116279069767442,0.2018348623853211,0.2894736842105263,0.27450980392156865,1.165137614678899,0.6822272215973003,0.3177727784026997,1778,565,0.3902439024390244,0.6153846153846154,52,82,102,28,sec_dev_0008
no_rel,19521022,dev,0.0,110,1,0.0,0.0,0.0,0.1,1.018181818181818,0.94,0.06,100,6,0.19230769230769232,0.9803921568627451,51,260,10,1,sec_dev_0009
no_rel,19521022,dev,0.7,110,36,0.3888888888888889,0.12727272727272726,0.19178082191780818,0.26804123711340205,1.209090909090909,0.7275114904793172,0.2724885095206829,1523,415,0.27522935779816515,0.5882352941176471,51,109,97,26,sec_dev_0009
no_rel,19521022,dev,0.0,104,1,1.0,0.009615384615384616,0.01904761904761905,0.09090909090909091,1.0096153846153846,0.7829457364341086,0.21705426356589147,129,28,0.22310756972111553,0.9824561403508771,57,251,11,1,sec_dev_0010
no_rel,19521022,dev,0.7,104,39,0.6410256410256411,0.2403846153846154,0.34965034965034963,0.24719101123595505,0.9903846153846154,0.6935804103242886,0.3064195896757114,1511,463,0.34285714285714286,0.631578947368421,57,105,89,22,sec_dev_0010
no_rel,19521022,dev,0.0,105,6,0.8333333333333334,0.047619047619047616,0.09009009009009009,0.05,0.9619047619047619,0.8280000000000001,0.172,250,43,0.2217573221757322,0.9464285714285714,56,239,20,1,sec_dev_0011
no_rel,19521022,dev,0.7,105,53,0.5283018867924528,0.26666666666666666,0.3544303797468354,0.256198347107438,1.1428571428571428,0.7265973254086182,0.27340267459138184,2019,552,0.5576923076923077,0.5178571428571429,56,52,121,31,sec_dev_0011
no_rel,19521022,test,0.0,110,1,1.0,0.00909090909090909,0.018018018018018018,0.16666666666666666,0.990909090909091,0.9324324324324325,0.06756756756756757,74,5,0.19011406844106463,0.9803921568627451,51,263,6,1,sec_test_0000
no_rel,19521022,test,0.7,110,29,0.7241379310344828,0.19090909090909092,0.302158273381295,0.2073170731707317,1.0,0.7728013029315961,0.2271986970684039,1228,279,0.29285714285714287,0.803921568627451,51,140,82,17,sec_test_0000
no_rel,19521022,test,0.0,106,5,0.8,0.03773584905660377,0.07207207207207207,0.13333333333333333,0.9811320754716981,0.8,0.2,215,43,0.21311475409836064,0.9454545454545454,55,244,15,2,sec_test_0001
no_rel,19521022,test,0.7,106,28,0.7857142857142857,0.20754716981132076,0.3283582089552239,0.1978021978021978,0.9905660377358491,0.7104329311568488,0.2895670688431512,1409,408,0.3333333333333333,0.7090909090909091,55,117,91,18,sec_test_0001
no_rel,19521022,test,0.0,114,3,0.0,0.0,0.0,0.2,1.0263157894736843,0.8594594594594595,0.14054054054054055,185,26,0.1843137254901961,1.0,47,255,15,3,sec_test_0002
no_rel,19521022,test,0.7,114,44,0.36363636363636365,0.14035087719298245,0.20253164556962025,0.37623762376237624,1.2280701754385965,0.6986924388857305,0.3013075611142695,1759,530,0.3707865168539326,0.7021276595744681,47,89,101,38,sec_test_0002
no_rel,19521022,test,0.0,111,4,1.0,0.036036036036036036,0.06956521739130435,0.06666666666666667,0.972972972972973,0.8756756756756756,0.12432432432432433,185,23,0.18253968253968253,0.92,50,252,15,1,sec_test_0003
no_rel,19521022,test,0.7,111,42,0.5952380952380952,0.22522522522522523,0.326797385620915,0.26126126126126126,1.1531531531531531,0.7158651188501934,0.2841348811498065,1809,514,0.3625,0.58,50,80,111,29,sec_test_0003
no_rel,19521022,test,0.0,109,1,1.0,0.009174311926605505,0.018181818181818184,0.25,0.9908256880733946,0.5303030303030303,0.4696969696969697,66,31,0.18631178707224336,0.9423076923076923,52,263,4,1,sec_test_0004
no_rel,19521022,test,0.7,109,33,0.6666666666666666,0.2018348623853211,0.30985915492957744,0.26436781609195403,1.018348623853211,0.715721464465183,0.28427853553481697,1393,396,0.3114754098360656,0.7307692307692307,52,122,87,23,sec_test_0004
no_rel,19521022,test,0.0,107,2,1.0,0.018691588785046728,0.03669724770642201,0.0625,1.0093457943925233,0.8793103448275862,0.1206896551724138,174,21,0.21285140562248997,0.9814814814814815,54,249,16,1,sec_test_0005
no_rel,19521022,test,0.7,107,34,0.6764705882352942,0.21495327102803738,0.326241134751773,0.2261904761904762,1.0,0.7136627906976745,0.2863372093023256,1376,394,0.32786885245901637,0.7407407407407407,54,122,84,19,sec_test_0005
no_rel,19521022,test,0.0,108,1,1.0,0.009259259259259259,0.018348623853211007,0.0,0.9907407407407407,0.9189189189189189,0.08108108108108109,37,3,0.2,1.0,53,265,3,0,sec_test_0006
no_rel,19521022,test,0.7,108,31,0.6451612903225806,0.18518518518518517,0.2877697841726618,0.17894736842105263,1.0,0.7476702508960573,0.2523297491039427,1395,352,0.3,0.6792452830188679,53,120,95,17,sec_test_0006
no_rel,19521022,test,0.0,112,4,0.25,0.008928571428571428,0.017241379310344824,0.125,1.0,0.7843137254901961,0.21568627450980393,204,44,0.17928286852589642,0.9183673469387755,49,251,16,2,sec_test_0007
no_rel,19521022,test,0.7,112,41,0.6585365853658537,0.24107142857142858,0.35294117647058826,0.22935779816513763,1.0714285714285714,0.6761332605133807,0.3238667394866193,1831,593,0.379746835443038,0.6122448979591837,49,79,109,25,sec_test_0007
no_rel,19521022,test,0.0,106,5,0.8,0.03773584905660377,0.07207207207207207,0.09090909090909091,0.9716981132075472,0.8742138364779874,0.12578616352201258,159,20,0.216,0.9818181818181818,55,250,11,1,sec_test_0008
no_rel,19521022,test,0.7,106,44,0.5454545454545454,0.22641509433962265,0.32,0.22935779816513763,1.1415094339622642,0.7180249851279001,0.2819750148720999,1681,474,0.4431818181818182,0.7090909090909091,55,88,109,25,sec_test_0008
no_rel,19521022,test,0.0,108,1,1.0,0.009259259259259259,0.018348623853211007,0.1,1.0,0.8181818181818181,0.18181818181818182,110,20,0.20233463035019456,0.9811320754716981,53,257,10,1,sec_test_0009
no_rel,19521022,test,0.7,108,31,0.5806451612903226,0.16666666666666666,0.2589928057553957,0.2978723404255319,1.1296296296296295,0.7154947916666667,0.2845052083333333,1536,437,0.330188679245283,0.660377358490566,53,106,94,28,sec_test_0009
no_rel,19521022,test,0.0,110,1,1.0,0.00909090909090909,0.018018018018018018,0.16666666666666666,0.990909090909091,0.7765957446808511,0.22340425531914893,94,21,0.18773946360153257,0.9607843137254902,51,261,6,1,sec_test_0010
no_rel,19521022,test,0.7,110,20,0.5,0.09090909090909091,0.15384615384615385,0.19101123595505617,1.1545454545454545,0.7849280270956817,0.21507197290431837,1181,254,0.22916666666666666,0.6470588235294118,51,144,89,17,sec_test_0010
no_rel,19521022,test,0.0,98,3,0.6666666666666666,0.02040816326530612,0.0396039603960396,0.05263157894736842,0.9795918367346939,0.748917748917749,0.2510822510822511,231,58,0.23931623931623933,0.8888888888888888,63,234,19,1,sec_test_0011
no_rel,19521022,test,0.7,98,37,0.6486486486486487,0.24489795918367346,0.3555555555555555,0.17757009345794392,1.030612244897959,0.7114337568058076,0.2885662431941924,1653,477,0.3614457831325301,0.47619047619047616,63,83,107,19,sec_test_0011
no_rel,19521022,test,0.0,116,1,1.0,0.008620689655172414,0.017094017094017096,0.0,1.0,0.9090909090909091,0.09090909090909091,55,5,0.16605166051660517,1.0,45,271,5,0,sec_test_0012
no_rel,19521022,test,0.7,116,34,0.5882352941176471,0.1724137931034483,0.26666666666666666,0.21649484536082475,1.0775862068965518,0.744975744975745,0.255024255024255,1443,368,0.2764227642276423,0.7555555555555555,45,123,97,21,sec_test_0012
no_rel,19521023,dev,0.0,113,9,0.5555555555555556,0.04424778761061947,0.0819672131147541,0.2413793103448276,1.0265486725663717,0.7600950118764845,0.23990498812351543,421,101,0.2052401746724891,0.9791666666666666,48,229,29,7,sec_dev_0000
no_rel,19521023,dev,0.7,113,33,0.5757575757575758,0.168141592920354,0.26027397260273977,0.3020833333333333,1.1061946902654867,0.7442333785617368,0.25576662143826323,1474,377,0.28205128205128205,0.6875,48,117,96,29,sec_dev_0000
no_rel,19521023,dev,0.0,111,2,1.0,0.018018018018018018,0.035398230088495575,0.0,0.990990990990991,0.8545454545454545,0.14545454545454545,110,16,0.19230769230769232,1.0,50,260,10,0,sec_dev_0001
no_rel,19521023,dev,0.7,111,23,0.5217391304347826,0.10810810810810811,0.17910447761194032,0.2898550724637681,1.0810810810810811,0.7521206409048068,0.2478793590951932,1061,263,0.23270440251572327,0.74,50,159,69,20,sec_dev_0001
no_rel,19521023,dev,0.0,112,12,0.5,0.05357142857142857,0.09677419354838708,0.3333333333333333,1.0267857142857142,0.7169811320754718,0.2830188679245283,530,150,0.20276497695852536,0.8979591836734694,49,217,30,10,sec_dev_0002
no_rel,19521023,dev,0.7,112,33,0.5454545454545454,0.16071428571428573,0.24827586206896554,0.22784810126582278,1.0535714285714286,0.7568843430369787,0.24311565696302123,1271,309,0.2608695652173913,0.7346938775510204,49,138,79,18,sec_dev_0002
no_rel,19521023,dev,0.0,104,1,1.0,0.009615384615384616,0.01904761904761905,0.08333333333333333,1.0096153846153846,0.7753623188405797,0.2246376811594203,138,31,0.22,0.9649122807017544,57,250,12,1,sec_dev_0003
no_rel,19521023,dev,0.7,104,20,0.55,0.10576923076923077,0.1774193548387097,0.1875,1.1057692307692308,0.7420718816067653,0.25792811839323465,946,244,0.2926829268292683,0.8421052631578947,57,164,64,12,sec_dev_0003
no_rel,19521023,dev,0.0,117,6,0.3333333333333333,0.017094017094017096,0.032520325203252036,0.22580645161290322,1.0683760683760684,0.7921760391198044,0.2078239608801956,409,85,0.17094017094017094,0.9090909090909091,44,234,31,7,sec_dev_0004
no_rel,19521023,dev,0.7,117,39,0.6153846153846154,0.20512820512820512,0.3076923076923077,0.3269230769230769,1.1196581196581197,0.7294322132097335,0.2705677867902665,1726,467,0.3157894736842105,0.6818181818181818,44,95,104,34,sec_dev_0004
no_rel,19521023,dev,0.0,121,7,0.8571428571428571,0.049586776859504134,0.09375000000000001,0.16666666666666666,1.024793388429752,0.7825,0.2175,400,87,0.16736401673640167,1.0,40,239,30,5,sec_dev_0005
no_rel,19521023,dev,0.7,121,44,0.5454545454545454,0.19834710743801653,0.2909090909090909,0.3786407766990291,1.1487603305785123,0.684474123539232,0.31552587646076796,1797,567,0.31521739130434784,0.725,40,92,103,39,sec_dev_0005
no_rel,19521023,dev,0.0,106,4,0.5,0.018867924528301886,0.03636363636363636,0.3,0.9905660377358491,0.79375,0.20625,160,33,0.212,0.9636363636363636,55,250,10,3,sec_dev_0006
no_rel,19521023,dev,0.7,106,22,0.7272727272727273,0.1509433962264151,0.25,0.2318840579710145,1.0471698113207548,0.7425552353506244,0.2574447646493756,1041,268,0.26282051282051283,0.7454545454545455,55,156,69,16,sec_dev_0006
no_rel,19521023,dev,0.0,107,2,1.0,0.018691588785046728,0.03669724770642201,0.125,1.0,0.7880434782608696,0.21195652173913043,184,39,0.2056451612903226,0.9444444444444444,54,248,16,2,sec_dev_0007
no_rel,19521023,dev,0.7,107,28,0.6071428571428571,0.1588785046728972,0.2518518518518518,0.2235294117647059,1.1121495327102804,0.6943396226415095,0.30566037735849055,1325,405,0.29133858267716534,0.6851851851851852,54,127,85,19,sec_dev_0007
no_rel,19521023,dev,0.0,109,8,0.5,0.03669724770642202,0.06837606837606838,0.2222222222222222,0.9724770642201835,0.8206106870229007,0.17938931297709923,262,47,0.19834710743801653,0.9230769230769231,52,242,18,4,sec_dev_0008
no_rel,19521023,dev,0.7,109,36,0.4722222222222222,0.1559633027522936,0.23448275862068965,0.2823529411764706,1.0642201834862386,0.6919298245614035,0.3080701754385965,1425,439,0.29411764705882354,0.6730769230769231,52,119,85,24,sec_dev_0008
no_rel,19521023,dev,0.0,110,11,0.45454545454545453,0.045454545454545456,0.08264462809917356,0.36666666666666664,1.0454545454545454,0.725,0.275,520,143,0.2222222222222222,0.9411764705882353,51,216,30,11,sec_dev_0009
no_rel,19521023,dev,0.7,110,33,0.3939393939393939,0.11818181818181818,0.18181818181818182,0.313953488372093,1.2,0.7378917378917379,0.2621082621082621,1404,368,0.3114754098360656,0.7450980392156863,51,122,86,27,sec_dev_0009
no_rel,19521023,dev,0.0,104,6,0.3333333333333333,0.019230769230769232,0.03636363636363637,0.30434782608695654,1.0673076923076923,0.7366946778711485,0.26330532212885155,357,94,0.23788546255506607,0.9473684210526315,57,227,23,7,sec_dev_0010
no_rel,19521023,dev,0.7,104,26,0.5384615384615384,0.1346153846153846,0.2153846153846154,0.2875,1.125,0.690625,0.309375,1280,396,0.3488372093023256,0.7894736842105263,57,129,80,23,sec_dev_0010
no_rel,19521023,dev,0.0,105,5,0.8,0.0380952380952381,0.07272727272727274,0.125,1.0,0.8243243243243243,0.17567567567567569,296,52,0.2222222222222222,0.9285714285714286,56,234,24,3,sec_dev_0011
no_rel,19521023,dev,0.7,105,37,0.6756756756756757,0.23809523809523808,0.35211267605633795,0.205607476635514,1.0380952380952382,0.7574226152874289,0.24257738471257106,1583,384,0.36082474226804123,0.625,56,97,107,22,sec_dev_0011
no_rel,19521023,test,0.0,110,6,0.8333333333333334,0.045454545454545456,0.08620689655172414,0.0,0.9636363636363636,0.9392523364485982,0.06074766355140187,214,13,0.1814516129032258,0.8823529411764706,51,248,16,0,sec_test_0000
no_rel,19521023,test,0.7,110,29,0.6551724137931034,0.17272727272727273,0.2733812949640288,0.19767441860465115,1.0545454545454545,0.7686915887850467,0.23130841121495327,1284,297,0.26865671641791045,0.7058823529411765,51,134,86,17,sec_test_0000
no_rel,19521023,test,0.0,106,5,0.8,0.03773584905660377,0.07207207207207207,0.2,0.9811320754716981,0.7892857142857143,0.21071428571428572,280,59,0.21940928270042195,0.9454545454545454,55,237,20,4,sec_test_0001
no_rel,19521023,test,0.7,106,34,0.5294117647058824,0.16981132075471697,0.2571428571428572,0.21978021978021978,1.0754716981132075,0.7230443974630021,0.2769556025369979,1419,393,0.31896551724137934,0.6727272727272727,55,116,91,20,sec_test_0001
no_rel,19521023,test,0.0,114,6,0.5,0.02631578947368421,0.05,0.2631578947368421,1.0175438596491229,0.8167330677290836,0.18326693227091634,251,46,0.18951612903225806,1.0,47,248,19,5,sec_test_0002
no_rel,19521023,test,0.7,114,36,0.5277777777777778,0.16666666666666666,0.25333333333333335,0.3058823529411765,1.087719298245614,0.7297491039426524,0.27025089605734764,1395,377,0.29133858267716534,0.7872340425531915,47,127,85,26,sec_test_0002
no_rel,19521023,test,0.0,111,10,0.4,0.036036036036036036,0.06611570247933883,0.25,1.045045045045045,0.7656903765690377,0.23430962343096234,478,112,0.19909502262443438,0.88,50,221,32,8,sec_test_0003
no_rel,19521023,test,0.7,111,42,0.5952380952380952,0.22522522522522523,0.326797385620915,0.24778761061946902,1.0810810810810811,0.7282079047103411,0.2717920952896589,1847,502,0.3815789473684211,0.58,50,76,113,28,sec_test_0003
no_rel,19521023,test,0.0,109,8,0.625,0.045871559633027525,0.08547008547008549,0.29411764705882354,0.981651376146789,0.7561837455830389,0.24381625441696114,283,69,0.20416666666666666,0.9423076923076923,52,240,17,5,sec_test_0004
no_rel,19521023,test,0.7,109,25,0.72,0.1651376146788991,0.26865671641791045,0.2608695652173913,1.018348623853211,0.7306689834926151,0.2693310165073849,1151,310,0.27702702702702703,0.7884615384615384,52,148,69,18,sec_test_0004
no_rel,19521023,test,0.0,107,5,0.6,0.028037383177570093,0.053571428571428575,0.15789473684210525,1.0,0.8838174273858921,0.11618257261410789,241,28,0.21487603305785125,0.9629629629629629,54,242,19,3,sec_test_0005
no_rel,19521023,test,0.7,107,32,0.65625,0.19626168224299065,0.302158273381295,0.18888888888888888,1.0654205607476634,0.7364963503649635,0.2635036496350365,1370,361,0.3114754098360656,0.7037037037037037,54,122,90,17,sec_test_0005
no_rel,19521023,test,0.0,108,2,0.5,0.009259259259259259,0.01818181818181818,0.16666666666666666,1.0277777777777777,0.8018867924528301,0.19811320754716982,212,42,0.2073170731707317,0.9622641509433962,53,246,18,3,sec_test_0006
no_rel,19521023,test,0.7,108,27,0.5185185185185185,0.12962962962962962,0.20740740740740737,0.19736842105263158,1.0740740740740742,0.7538994800693241,0.24610051993067592,1154,284,0.2465753424657534,0.6792452830188679,53,146,76,15,sec_test_0006
no_rel,19521023,test,0.0,112,3,0.3333333333333333,0.008928571428571428,0.017391304347826087,0.14285714285714285,1.0178571428571428,0.7413127413127414,0.25868725868725867,259,67,0.19183673469387755,0.9591836734693877,49,245,21,3,sec_test_0007
no_rel,19521023,test,0.7,112,38,0.47368421052631576,0.16071428571428573,0.24,0.26,1.1875,0.7322784810126582,0.26772151898734176,1580,423,0.29523809523809524,0.6326530612244898,49,105,100,26,sec_test_0007
no_rel,19521023,test,0.0,106,2,0.0,0.0,0.0,0.23529411764705882,1.0377358490566038,0.7823834196891192,0.21761658031088082,193,42,0.21544715447154472,0.9636363636363636,55,246,17,4,sec_test_0008
no_rel,19521023,test,0.7,106,23,0.5652173913043478,0.12264150943396226,0.20155038759689922,0.21875,1.2075471698113207,0.7294721407624634,0.27052785923753664,1364,369,0.32231404958677684,0.7090909090909091,55,121,96,21,sec_test_0008
no_rel,19521023,test,0.0,108,9,0.2222222222222222,0.018518518518518517,0.034188034188034185,0.2692307692307692,1.0555555555555556,0.7774725274725275,0.22252747252747251,364,81,0.21304347826086956,0.9245283018867925,53,230,26,7,sec_test_0009
no_rel,19521023,test,0.7,108,23,0.391304347826087,0.08333333333333333,0.13740458015267176,0.31645569620253167,1.2314814814814814,0.7324738114423852,0.26752618855761484,1241,332,0.2773722627737226,0.7169811320754716,53,137,79,25,sec_test_0009
no_rel,19521023,test,0.0,110,3,0.3333333333333333,0.00909090909090909,0.017699115044247787,0.25,1.009090909090909,0.8333333333333334,0.16666666666666666,168,28,0.19367588932806323,0.9607843137254902,51,253,12,3,sec_test_0010
no_rel,19521023,test,0.7,110,22,0.5,0.1,0.16666666666666669,0.3013698630136986,1.1454545454545455,0.7455012853470437,0.2544987146529563,1167,297,0.2585034013605442,0.7450980392156863,51,147,73,22,sec_test_0010
no_rel,19521023,test,0.0,98,9,0.6666666666666666,0.061224489795918366,0.11214953271028037,0.09090909090909091,1.0204081632653061,0.8231939163498099,0.17680608365019013,526,93,0.26732673267326734,0.8571428571428571,63,202,44,4,sec_test_0011
no_rel,19521023,test,0.7,98,48,0.6041666666666666,0.29591836734693877,0.3972602739726027,0.1810344827586207,1.0612244897959184,0.7383592017738358,0.2616407982261641,1804,472,0.4925373134328358,0.5238095238095238,63,67,116,21,sec_test_0011
no_rel,19521023,test,0.0,116,11,0.45454545454545453,0.04310344827586207,0.07874015748031497,0.39285714285714285,1.043103448275862,0.7632743362831859,0.23672566371681417,452,107,0.18777292576419213,0.9555555555555556,45,229,28,11,sec_test_0012
no_rel,19521023,test,0.7,116,29,0.6551724137931034,0.16379310344827586,0.2620689655172414,0.23529411764705882,1.0775862068965518,0.7596837944664032,0.24031620553359684,1265,304,0.24647887323943662,0.7777777777777778,45,142,85,20,sec_test_0012
no_rel,19521024,dev,0.0,113,17,0.8235294117647058,0.12389380530973451,0.2153846153846154,0.09523809523809523,0.9734513274336283,0.7992831541218638,0.2007168458781362,837,168,0.20108695652173914,0.7708333333333334,48,184,63,6,sec_dev_0000
no_rel,19521024,dev,0.7,113,69,0.6956521739130435,0.4247787610619469,0.5274725274725275,0.26666666666666666,1.008849557522124,0.7346578366445916,0.2653421633554084,2265,601,0.7647058823529411,0.5416666666666666,48,34,135,36,sec_dev_0000
no_rel,19521024,dev,0.0,111,18,0.8333333333333334,0.13513513513513514,0.23255813953488372,0.10909090909090909,0.918918918918919,0.7869281045751634,0.2130718954248366,765,163,0.21052631578947367,0.8,50,190,55,6,sec_dev_0001
no_rel,19521024,dev,0.7,111,59,0.7457627118644068,0.3963963963963964,0.5176470588235293,0.24087591240875914,1.027027027027027,0.7213553276861346,0.27864467231386536,2243,625,0.7352941176470589,0.5,50,34,137,33,sec_dev_0001
no_rel,19521024,dev,0.0,112,12,0.6666666666666666,0.07142857142857142,0.12903225806451613,0.08695652173913043,0.9821428571428571,0.8102836879432624,0.18971631205673758,564,107,0.19811320754716982,0.8571428571428571,49,212,46,4,sec_dev_0002
no_rel,19521024,dev,0.7,112,66,0.6363636363636364,0.375,0.47191011235955066,0.23846153846153847,1.0089285714285714,0.7131818181818181,0.2868181818181818,2200,631,0.65,0.5306122448979592,49,40,130,31,sec_dev_0002
no_rel,19521024,dev,0.0,104,16,0.75,0.11538461538461539,0.19999999999999998,0.07317073170731707,0.9519230769230769,0.770293609671848,0.229706390328152,579,133,0.22167487684729065,0.7894736842105263,57,203,41,3,sec_dev_0003
no_rel,19521024,dev,0.7,104,61,0.6885245901639344,0.40384615384615385,0.5090909090909091,0.16417910447761194,1.0288461538461537,0.741690408357075,0.258309591642925,2106,544,0.7317073170731707,0.5263157894736842,57,41,134,22,sec_dev_0003
no_rel,19521024,dev,0.0,117,23,0.782608695652174,0.15384615384615385,0.2571428571428572,0.08450704225352113,0.9658119658119658,0.78159757330637,0.21840242669362994,989,216,0.20348837209302326,0.7954545454545454,44,172,71,6,sec_dev_0004
no_rel,19521024,dev,0.7,117,60,0.7333333333333333,0.37606837606837606,0.4971751412429378,0.22627737226277372,1.0341880341880343,0.7370590929912963,0.2629409070087036,2183,574,0.6086956521739131,0.6363636363636364,44,46,137,31,sec_dev_0004
no_rel,19521024,dev,0.0,121,34,0.8529411764705882,0.2396694214876033,0.3741935483870968,0.17105263157894737,0.8842975206611571,0.75,0.25,1184,296,0.20512820512820512,0.8,40,156,76,13,sec_dev_0005
no_rel,19521024,dev,0.7,121,69,0.7536231884057971,0.4297520661157025,0.5473684210526315,0.2773722627737226,1.024793388429752,0.7179272879231091,0.28207271207689094,2393,675,0.8620689655172413,0.625,40,29,137,38,sec_dev_0005
no_rel,19521024,dev,0.0,106,29,0.7931034482758621,0.2169811320754717,0.34074074074074073,0.1527777777777778,0.8962264150943396,0.7771535580524345,0.22284644194756553,1068,238,0.2679738562091503,0.7454545454545455,55,153,72,11,sec_dev_0006
no_rel,19521024,dev,0.7,106,65,0.6615384615384615,0.4056603773584906,0.5029239766081871,0.20863309352517986,1.0471698113207548,0.7609951132829853,0.23900488671701467,2251,538,0.8571428571428571,0.43636363636363634,55,28,139,29,sec_dev_0006
no_rel,19521024,dev,0.0,107,20,0.75,0.14018691588785046,0.23622047244094485,0.16666666666666666,0.9532710280373832,0.7191283292978208,0.28087167070217917,826,232,0.23333333333333334,0.7777777777777778,54,180,54,9,sec_dev_0007
no_rel,19521024,dev,0.7,107,56,0.6607142857142857,0.34579439252336447,0.4539877300613497,0.25984251968503935,1.102803738317757,0.7087378640776699,0.2912621359223301,2163,630,0.6666666666666666,0.48148148148148145,54,39,127,33,sec_dev_0007
no_rel,19521024,dev,0.0,109,28,0.6071428571428571,0.1559633027522936,0.24817518248175183,0.16923076923076924,0.9724770642201835,0.7241379310344828,0.27586206896551724,1015,280,0.24074074074074073,0.75,52,162,65,11,sec_dev_0008
no_rel,19521024,dev,0.7,109,63,0.6825396825396826,0.3944954128440367,0.5,0.22727272727272727,1.0,0.7330960854092528,0.2669039145907473,2248,600,0.75,0.46153846153846156,52,32,132,30,sec_dev_0008
no_rel,19521024,dev,0.0,110,28,0.75,0.19090909090909092,0.30434782608695654,0.18072289156626506,0.990909090909091,0.7350835322195703,0.2649164677804296,1257,333,0.27007299270072993,0.7254901960784313,51,137,83,15,sec_dev_0009
no_rel,19521024,dev,0.7,110,61,0.6885245901639344,0.38181818181818183,0.4912280701754386,0.2302158273381295,1.0818181818181818,0.738208567719602,0.2617914322803981,2311,605,0.9615384615384616,0.49019607843137253,51,26,139,32,sec_dev_0009
no_rel,19521024,dev,0.0,104,25,0.68,0.16346153846153846,0.26356589147286824,0.1746031746031746,0.9615384615384616,0.7207859358841779,0.2792140641158221,967,270,0.2962962962962963,0.8421052631578947,57,162,63,11,sec_dev_0010
no_rel,19521024,dev,0.7,104,62,0.6451612903225806,0.38461538461538464,0.4819277108433735,0.1893939393939394,1.0288461538461537,0.7170154686078253,0.2829845313921747,2198,622,0.75,0.42105263157894735,57,32,132,25,sec_dev_0010
no_rel,19521024,dev,0.0,105,23,0.782608695652174,0.17142857142857143,0.28125000000000006,0.18461538461538463,0.9619047619047619,0.7989637305699482,0.20103626943005182,965,194,0.25153374233128833,0.7321428571428571,56,163,65,12,sec_dev_0011
no_rel,19521024,dev,0.7,105,70,0.7,0.4666666666666667,0.56,0.25190839694656486,0.9619047619047619,0.7638190954773869,0.23618090452261306,2189,517,0.7647058823529411,0.4642857142857143,56,34,131,33,sec_dev_0011
no_rel,19521024,test,0.0,110,26,0.8461538461538461,0.2,0.3235294117647059,0.0967741935483871,0.8636363636363636,0.7801724137931034,0.21982758620689655,928,204,0.25,0.8431372549019608,51,172,62,6,sec_test_0000
no_rel,19521024,test,0.7,110,64,0.78125,0.45454545454545453,0.5747126436781609,0.21212121212121213,0.9,0.7576301615798923,0.24236983842010773,2228,540,0.7714285714285715,0.5294117647058824,51,35,132,28,sec_test_0000
no_rel,19521024,test,0.0,106,32,0.78125,0.2358490566037736,0.36231884057971014,0.2,0.9056603773584906,0.74,0.26,1100,286,0.29333333333333333,0.8,55,150,70,14,sec_test_0001
no_rel,19521024,test,0.7,106,67,0.7313432835820896,0.46226415094339623,0.5664739884393063,0.23846153846153847,0.9339622641509434,0.7085585585585585,0.29144144144144146,2220,647,0.78125,0.45454545454545453,55,32,130,31,sec_test_0001
no_rel,19521024,test,0.0,114,23,0.5217391304347826,0.10526315789473684,0.17518248175182483,0.24242424242424243,1.0,0.7241035856573705,0.27589641434262946,1004,277,0.23214285714285715,0.8297872340425532,47,168,66,16,sec_test_0002
no_rel,19521024,test,0.7,114,66,0.6363636363636364,0.3684210526315789,0.4666666666666667,0.26515151515151514,1.105263157894737,0.7049393414211438,0.29506065857885616,2308,681,0.8387096774193549,0.5531914893617021,47,31,132,35,sec_test_0002
no_rel,19521024,test,0.0,111,18,0.8888888888888888,0.14414414414414414,0.24806201550387597,0.09523809523809523,0.9369369369369369,0.7981109799291617,0.20188902007083825,847,171,0.20441988950276244,0.74,50,181,63,6,sec_test_0003
no_rel,19521024,test,0.7,111,64,0.734375,0.42342342342342343,0.537142857142857,0.2153846153846154,0.9459459459459459,0.7263392857142856,0.2736607142857143,2240,613,0.7714285714285715,0.54,50,35,130,28,sec_test_0003
no_rel,19521024,test,0.0,109,19,0.7894736842105263,0.13761467889908258,0.234375,0.06896551724137931,0.9174311926605505,0.7518248175182481,0.24817518248175183,822,204,0.22527472527472528,0.7884615384615384,52,182,58,4,sec_test_0004
no_rel,19521024,test,0.7,109,56,0.6964285714285714,0.3577981651376147,0.4727272727272727,0.17647058823529413,1.0,0.7422680412371134,0.25773195876288657,2134,550,0.5813953488372093,0.4807692307692308,52,43,136,24,sec_test_0004
no_rel,19521024,test,0.0,107,27,0.8148148148148148,0.205607476635514,0.3283582089552239,0.21875,0.9345794392523364,0.7414772727272727,0.2585227272727273,1056,273,0.28846153846153844,0.8333333333333334,54,156,64,14,sec_test_0005
no_rel,19521024,test,0.7,107,58,0.7241379310344828,0.3925233644859813,0.509090909090909,0.2222222222222222,1.0093457943925233,0.723769730733519,0.276230269266481,2154,595,0.725,0.5370370370370371,54,40,126,28,sec_test_0005
no_rel,19521024,test,0.0,108,16,0.8125,0.12037037037037036,0.2096774193548387,0.12727272727272726,0.9629629629629629,0.7920529801324503,0.20794701986754968,755,157,0.26063829787234044,0.9245283018867925,53,188,55,7,sec_test_0006
no_rel,19521024,test,0.7,108,59,0.6949152542372882,0.37962962962962965,0.4910179640718563,0.18604651162790697,1.0277777777777777,0.7523852794184461,0.24761472058155384,2201,545,0.7222222222222222,0.49056603773584906,53,36,129,24,sec_test_0006
no_rel,19521024,test,0.0,112,23,0.9130434782608695,0.1875,0.31111111111111106,0.030303030303030304,0.875,0.8009049773755657,0.19909502262443438,884,176,0.19662921348314608,0.7142857142857143,49,178,66,2,sec_test_0007
no_rel,19521024,test,0.7,112,53,0.8113207547169812,0.38392857142857145,0.5212121212121213,0.17518248175182483,1.0,0.7398119122257053,0.2601880877742947,2233,581,0.6944444444444444,0.5102040816326531,49,36,137,24,sec_test_0007
no_rel,19521024,test,0.0,106,26,0.8846153846153846,0.2169811320754717,0.34848484848484845,0.12698412698412698,0.8490566037735849,0.7645195353748679,0.235480464625132,947,223,0.26506024096385544,0.8,55,166,63,8,sec_test_0008
no_rel,19521024,test,0.7,106,61,0.7049180327868853,0.4056603773584906,0.5149700598802396,0.23076923076923078,1.0,0.7219178082191781,0.27808219178082194,2190,609,0.7142857142857143,0.45454545454545453,55,35,130,30,sec_test_0008
no_rel,19521024,test,0.0,108,7,0.8571428571428571,0.05555555555555555,0.10434782608695652,0.0,0.9814814814814815,0.8674698795180723,0.13253012048192772,332,44,0.2017167381974249,0.8867924528301887,53,233,28,0,sec_test_0009
no_rel,19521024,test,0.7,108,48,0.625,0.2777777777777778,0.3846153846153846,0.23255813953488372,1.1759259259259258,0.7537786445636275,0.2462213554363725,2051,505,0.5294117647058824,0.5094339622641509,53,51,129,30,sec_test_0009
no_rel,19521024,test,0.0,110,20,0.75,0.13636363636363635,0.23076923076923075,0.1111111111111111,0.9727272727272728,0.8016701461377871,0.19832985386221294,958,190,0.23809523809523808,0.7843137254901961,51,168,72,8,sec_test_0010
no_rel,19521024,test,0.7,110,68,0.7794117647058824,0.4818181818181818,0.5955056179775281,0.2,0.8727272727272727,0.7520697167755992,0.24793028322440086,2295,569,0.9285714285714286,0.5098039215686274,51,28,135,27,sec_test_0010
no_rel,19521024,test,0.0,98,28,0.8214285714285714,0.23469387755102042,0.3650793650793651,0.14285714285714285,0.9285714285714286,0.769297484822203,0.23070251517779705,1153,266,0.33088235294117646,0.7142857142857143,63,136,77,11,sec_test_0011
no_rel,19521024,test,0.7,98,58,0.7241379310344828,0.42857142857142855,0.5384615384615385,0.1968503937007874,1.0,0.7326178254783015,0.26738217452169855,2143,573,0.8125,0.4126984126984127,63,32,127,25,sec_test_0011
no_rel,19521024,test,0.0,116,13,0.9230769230769231,0.10344827586206896,0.18604651162790697,0.05454545454545454,0.9396551724137931,0.8122137404580152,0.18778625954198475,655,123,0.18446601941747573,0.8444444444444444,45,206,55,3,sec_test_0012
no_rel,19521024,test,0.7,116,58,0.6551724137931034,0.3275862068965517,0.43678160919540227,0.3230769230769231,1.1810344827586208,0.7135964912280701,0.2864035087719298,2280,653,0.7222222222222222,0.5777777777777777,45,36,130,42,sec_test_0012
no_rel,19521025,dev,0.0,113,13,0.7692307692307693,0.08849557522123894,0.15873015873015872,0.2916666666666667,0.9469026548672567,0.75,0.25,416,104,0.2,0.9583333333333334,48,230,24,7,sec_dev_0000
no_rel,19521025,dev,0.7,113,48,0.5416666666666666,0.23008849557522124,0.32298136645962733,0.36,1.1415929203539823,0.691304347826087,0.30869565217391304,1840,568,0.4375,0.7291666666666666,48,80,100,36,sec_dev_0000
no_rel,19521025,dev,0.0,111,1,0.0,0.0,0.0,0.09090909090909091,1.009009009009009,0.8807339449541285,0.11926605504587157,109,13,0.18846153846153846,0.98,50,260,11,1,sec_dev_0001
no_rel,19521025,dev,0.7,111,44,0.5,0.1981981981981982,0.2838709677419355,0.29545454545454547,1.0990990990990992,0.657035175879397,0.34296482412060303,1592,546,0.3076923076923077,0.64,50,104,88,26,sec_dev_0001
no_rel,19521025,dev,0.0,112,3,0.6666666666666666,0.017857142857142856,0.034782608695652174,0.058823529411764705,1.0,0.8177339901477833,0.18226600985221675,203,37,0.17928286852589642,0.9183673469387755,49,251,17,1,sec_dev_0002
no_rel,19521025,dev,0.7,112,40,0.65,0.23214285714285715,0.3421052631578948,0.27835051546391754,1.0267857142857142,0.6897788404064555,0.3102211595935445,1673,519,0.34375,0.673469387755102,49,96,97,27,sec_dev_0002
no_rel,19521025,dev,0.0,104,0,0.0,0.0,0.0,0.0,1.0,0.9259259259259259,0.07407407407407407,27,2,0.21374045801526717,0.9824561403508771,57,262,3,0,sec_dev_0003
no_rel,19521025,dev,0.7,104,25,0.56,0.1346153846153846,0.21705426356589147,0.18055555555555555,1.0096153846153846,0.7334558823529411,0.2665441176470588,1088,290,0.28187919463087246,0.7368421052631579,57,149,72,13,sec_dev_0003
no_rel,19521025,dev,0.0,117,7,0.5714285714285714,0.03418803418803419,0.06451612903225806,0.22727272727272727,1.017094017094017,0.7130177514792899,0.2869822485207101,338,97,0.16942148760330578,0.9318181818181818,44,242,22,5,sec_dev_0004
no_rel,19521025,dev,0.7,117,41,0.6585365853658537,0.23076923076923078,0.3417721518987342,0.2736842105263158,1.0341880341880343,0.6973293768545994,0.3026706231454006,1685,510,0.34,0.7727272727272727,44,100,95,26,sec_dev_0004
no_rel,19521025,dev,0.0,121,4,0.5,0.01652892561983471,0.03200000000000001,0.07692307692307693,0.9917355371900827,0.8789808917197452,0.12101910828025478,157,19,0.1471698113207547,0.975,40,265,13,1,sec_dev_0005
no_rel,19521025,dev,0.7,121,44,0.7045454545454546,0.256198347107438,0.37575757575757573,0.3645833333333333,1.0,0.6805074971164937,0.31949250288350634,1734,554,0.31313131313131315,0.775,40,99,96,35,sec_dev_0005
no_rel,19521025,dev,0.0,106,2,1.0,0.018867924528301886,0.037037037037037035,0.0,0.9905660377358491,0.8783783783783784,0.12162162162162163,74,9,0.21235521235521235,1.0,55,259,6,0,sec_dev_0006
no_rel,19521025,dev,0.7,106,41,0.6097560975609756,0.2358490566037736,0.34013605442176875,0.2619047619047619,0.9339622641509434,0.7185338865836791,0.2814661134163209,1446,407,0.3508771929824561,0.7272727272727273,55,114,84,22,sec_dev_0006
no_rel,19521025,dev,0.0,107,12,0.5,0.056074766355140186,0.10084033613445378,0.2413793103448276,1.0186915887850467,0.6811279826464208,0.3188720173535792,461,147,0.228310502283105,0.9259259259259259,54,219,29,7,sec_dev_0007
no_rel,19521025,dev,0.7,107,48,0.5416666666666666,0.24299065420560748,0.3354838709677419,0.31,1.1308411214953271,0.6865168539325843,0.31348314606741573,1780,558,0.45,0.6666666666666666,54,80,100,31,sec_dev_0007
no_rel,19521025,dev,0.0,109,3,0.6666666666666666,0.01834862385321101,0.03571428571428572,0.0,1.0,0.8231292517006803,0.17687074829931973,147,26,0.1968503937007874,0.9615384615384616,52,254,13,0,sec_dev_0008
no_rel,19521025,dev,0.7,109,32,0.53125,0.1559633027522936,0.2411347517730497,0.2826086956521739,1.146788990825688,0.689987163029525,0.310012836970475,1558,483,0.3047619047619048,0.6153846153846154,52,105,92,26,sec_dev_0008
no_rel,19521025,dev,0.0,110,10,0.7,0.06363636363636363,0.11666666666666667,0.25806451612903225,0.9727272727272728,0.6936416184971098,0.3063583815028902,519,159,0.2175925925925926,0.9215686274509803,51,216,31,8,sec_dev_0009
no_rel,19521025,dev,0.7,110,48,0.5208333333333334,0.22727272727272727,0.3164556962025316,0.3364485981308411,1.1818181818181819,0.6660009985022466,0.33399900149775336,2003,669,0.5,0.5882352941176471,51,60,107,36,sec_dev_0009
no_rel,19521025,dev,0.0,104,10,0.8,0.07692307692307693,0.14035087719298248,0.13333333333333333,0.9519230769230769,0.7533333333333333,0.24666666666666667,450,111,0.2350230414746544,0.8947368421052632,57,217,30,4,sec_dev_0010
no_rel,19521025,dev,0.7,104,56,0.5714285714285714,0.3076923076923077,0.4,0.27102803738317754,1.0576923076923077,0.7015400955921403,0.2984599044078598,1883,562,0.5454545454545454,0.631578947368421,57,66,107,29,sec_dev_0010
no_rel,19521025,dev,0.0,105,3,1.0,0.02857142857142857,0.05555555555555556,0.0,0.9809523809523809,0.8918918918918919,0.10810810810810811,111,12,0.2125984251968504,0.9642857142857143,56,254,9,0,sec_dev_0011
no_rel,19521025,dev,0.7,105,28,0.6071428571428571,0.1619047619047619,0.25563909774436094,0.18421052631578946,1.0285714285714285,0.728405315614618,0.27159468438538203,1204,327,0.2898550724637681,0.7142857142857143,56,138,76,14,sec_dev_0011
no_rel,19521025,test,0.0,110,6,0.8333333333333334,0.045454545454545456,0.08620689655172414,0.125,0.9818181818181818,0.7745901639344263,0.22540983606557377,244,55,0.19591836734693877,0.9411764705882353,51,245,16,2,sec_test_0000
no_rel,19521025,test,0.7,110,47,0.5957446808510638,0.2545454545454545,0.35668789808917195,0.2,1.0363636363636364,0.7164420485175202,0.2835579514824798,1855,526,0.36,0.5294117647058824,51,75,105,21,sec_test_0000
no_rel,19521025,test,0.0,106,9,0.8888888888888888,0.07547169811320754,0.1391304347826087,0.16,0.9433962264150944,0.7036144578313253,0.2963855421686747,415,123,0.23766816143497757,0.9636363636363636,55,223,25,4,sec_test_0001
no_rel,19521025,test,0.7,106,53,0.5849056603773585,0.29245283018867924,0.389937106918239,0.2571428571428571,0.9811320754716981,0.6830379746835443,0.3169620253164557,1975,626,0.5254237288135594,0.5636363636363636,55,59,105,27,sec_test_0001
no_rel,19521025,test,0.0,114,4,0.25,0.008771929824561403,0.016949152542372878,0.25,1.0175438596491229,0.7429906542056075,0.2570093457943925,214,55,0.1746031746031746,0.9361702127659575,47,252,16,4,sec_test_0002
no_rel,19521025,test,0.7,114,40,0.475,0.16666666666666666,0.24675324675324675,0.34375,1.1929824561403508,0.6838565022421524,0.31614349775784756,1784,564,0.367816091954023,0.6808510638297872,47,87,96,33,sec_test_0002
no_rel,19521025,test,0.0,111,10,0.6,0.05405405405405406,0.09917355371900827,0.3,0.990990990990991,0.7194444444444444,0.28055555555555556,360,101,0.19658119658119658,0.92,50,234,20,6,sec_test_0003
no_rel,19521025,test,0.7,111,48,0.5833333333333334,0.25225225225225223,0.3522012578616352,0.3617021276595745,1.027027027027027,0.6905805038335159,0.3094194961664841,1826,565,0.4,0.64,50,80,94,34,sec_test_0003
no_rel,19521025,test,0.0,109,1,1.0,0.009174311926605505,0.018181818181818184,0.14285714285714285,1.0,0.7710843373493976,0.2289156626506024,83,19,0.19157088122605365,0.9615384615384616,52,261,7,1,sec_test_0004
no_rel,19521025,test,0.7,109,15,0.6666666666666666,0.09174311926605505,0.16129032258064516,0.2127659574468085,1.0,0.7441217150760719,0.25587828492392806,723,185,0.22279792746113988,0.8269230769230769,52,193,47,10,sec_test_0004
no_rel,19521025,test,0.0,107,2,1.0,0.018691588785046728,0.03669724770642201,0.0,0.9813084112149533,0.9246575342465754,0.07534246575342465,146,11,0.20634920634920634,0.9629629629629629,54,252,14,0,sec_test_0005
no_rel,19521025,test,0.7,107,44,0.6590909090909091,0.27102803738317754,0.3841059602649006,0.3333333333333333,0.9906542056074766,0.7007125890736342,0.2992874109263658,1684,504,0.3888888888888889,0.6481481481481481,54,90,96,32,sec_test_0005
no_rel,19521025,test,0.0,108,5,0.6,0.027777777777777776,0.05309734513274336,0.058823529411764705,0.9814814814814815,0.789237668161435,0.21076233183856502,223,47,0.2,0.9245283018867925,53,245,17,1,sec_test_0006
no_rel,19521025,test,0.7,108,45,0.5555555555555556,0.23148148148148148,0.326797385620915,0.2871287128712871,1.0740740740740742,0.7133973996608254,0.2866026003391747,1769,507,0.36585365853658536,0.5660377358490566,53,82,101,29,sec_test_0006
no_rel,19521025,test,0.0,112,6,0.8333333333333334,0.044642857142857144,0.0847457627118644,0.0,0.9642857142857143,0.7219251336898396,0.27807486631016043,187,52,0.1857707509881423,0.9591836734693877,49,253,13,0,sec_test_0007
no_rel,19521025,test,0.7,112,44,0.6136363636363636,0.24107142857142858,0.34615384615384615,0.24489795918367346,1.0,0.7198538367844093,0.2801461632155907,1642,460,0.2828282828282828,0.5714285714285714,49,99,98,24,sec_test_0007
no_rel,19521025,test,0.0,106,4,0.5,0.018867924528301886,0.03636363636363636,0.125,1.0188679245283019,0.8120300751879699,0.18796992481203006,266,50,0.22268907563025211,0.9636363636363636,55,238,24,3,sec_test_0008
no_rel,19521025,test,0.7,106,46,0.5,0.2169811320754717,0.3026315789473684,0.32653061224489793,1.150943396226415,0.6370292887029289,0.36297071129707115,1912,694,0.42424242424242425,0.509090909090909,55,66,98,32,sec_test_0008
no_rel,19521025,test,0.0,108,2,0.5,0.009259259259259259,0.01818181818181818,0.16666666666666666,0.9907407407407407,0.8333333333333334,0.16666666666666666,84,14,0.19615384615384615,0.9622641509433962,53,260,6,1,sec_test_0009
no_rel,19521025,test,0.7,108,26,0.5,0.12037037037037036,0.19402985074626866,0.3253012048192771,1.1851851851851851,0.7325162220620043,0.26748377793799566,1387,371,0.29508196721311475,0.6792452830188679,53,122,83,27,sec_test_0009
no_rel,19521025,test,0.0,110,1,1.0,0.00909090909090909,0.018018018018018018,0.0,0.990909090909091,0.9,0.1,100,10,0.19230769230769232,0.9803921568627451,51,260,10,0,sec_test_0010
no_rel,19521025,test,0.7,110,38,0.8157894736842105,0.2818181818181818,0.41891891891891886,0.20987654320987653,0.8818181818181818,0.7357293868921776,0.2642706131078224,1419,375,0.2809917355371901,0.6666666666666666,51,121,81,17,sec_test_0010
no_rel,19521025,test,0.0,98,5,0.8,0.04081632653061224,0.07766990291262134,0.17857142857142858,1.010204081632653,0.8115183246073299,0.18848167539267016,382,72,0.26146788990825687,0.9047619047619048,63,218,28,5,sec_test_0011
no_rel,19521025,test,0.7,98,44,0.5227272727272727,0.23469387755102042,0.323943661971831,0.3142857142857143,1.163265306122449,0.7053221288515406,0.2946778711484594,1785,526,0.5,0.5555555555555556,63,70,105,33,sec_test_0011
no_rel,19521025,test,0.0,116,7,0.7142857142857143,0.04310344827586207,0.0813008130081301,0.2222222222222222,0.9741379310344828,0.7748091603053435,0.22519083969465647,262,59,0.17269076305220885,0.9555555555555556,45,249,18,4,sec_test_0012
no_rel,19521025,test,0.7,116,46,0.5869565217391305,0.23275862068965517,0.33333333333333337,0.37254901960784315,1.1379310344827587,0.7007415254237288,0.2992584745762712,1888,565,0.3717948717948718,0.6444444444444445,45,78,102,38,sec_test_0012
no_time,19521011,dev,0.0,113,13,0.6153846153846154,0.07079646017699115,0.12698412698412698,0.225,1.0265486725663717,0.7234375,0.2765625,640,177,0.2087378640776699,0.8958333333333334,48,206,40,9,sec_dev_0000
no_time,19521011,dev,0.7,113,42,0.5476190476190477,0.20353982300884957,0.29677419354838713,0.32456140350877194,1.2212389380530972,0.6948640483383686,0.30513595166163143,1986,606,0.4375,0.5833333333333334,48,64,114,37,sec_dev_0000
no_time,19521011,dev,0.0,111,13,0.6923076923076923,0.08108108108108109,0.14516129032258066,0.5652173913043478,0.972972972972973,0.6380255941499087,0.3619744058500914,547,198,0.20930232558139536,0.9,50,215,23,13,sec_dev_0001
no_time,19521011,dev,0.7,111,35,0.6857142857142857,0.21621621621621623,0.32876712328767127,0.391304347826087,1.0990990990990992,0.6684334511189635,0.33156654888103654,1698,563,0.34408602150537637,0.64,50,93,92,36,sec_dev_0001
no_time,19521011,dev,0.0,112,5,0.6,0.026785714285714284,0.05128205128205128,0.18181818181818182,0.9732142857142857,0.7396449704142012,0.2603550295857988,169,44,0.1843137254901961,0.9591836734693877,49,255,11,2,sec_dev_0002
no_time,19521011,dev,0.7,112,34,0.5,0.15178571428571427,0.2328767123287671,0.3,1.1160714285714286,0.6703703703703704,0.3296296296296296,1350,445,0.26153846153846155,0.6938775510204082,49,130,80,24,sec_dev_0002
no_time,19521011,dev,0.0,104,5,0.6,0.028846153846153848,0.05504587155963303,0.09090909090909091,0.9903846153846154,0.7388059701492538,0.26119402985074625,268,70,0.23728813559322035,0.9824561403508771,57,236,22,2,sec_dev_0003
no_time,19521011,dev,0.7,104,37,0.5135135135135135,0.18269230769230768,0.2695035460992907,0.23,1.1538461538461537,0.7024844720496894,0.29751552795031055,1610,479,0.4148936170212766,0.6842105263157895,57,94,100,23,sec_dev_0003
no_time,19521011,dev,0.0,117,2,1.0,0.017094017094017096,0.033613445378151266,0.0,0.9914529914529915,0.930635838150289,0.06936416184971098,173,12,0.16988416988416988,1.0,44,259,17,0,sec_dev_0004
no_time,19521011,dev,0.7,117,40,0.65,0.2222222222222222,0.33121019108280253,0.22,1.0769230769230769,0.7228395061728394,0.2771604938271605,1620,449,0.29245283018867924,0.7045454545454546,44,106,100,22,sec_dev_0004
no_time,19521011,dev,0.0,121,13,0.7692307692307693,0.08264462809917356,0.14925373134328357,0.125,0.9504132231404959,0.7542735042735043,0.24572649572649571,468,115,0.16379310344827586,0.95,40,232,32,4,sec_dev_0005
no_time,19521011,dev,0.7,121,35,0.6,0.17355371900826447,0.2692307692307693,0.2897196261682243,1.165289256198347,0.6862521391899601,0.3137478608100399,1753,550,0.3229166666666667,0.775,40,96,107,31,sec_dev_0005
no_time,19521011,dev,0.0,106,9,0.6666666666666666,0.05660377358490566,0.10434782608695653,0.22727272727272727,0.9622641509433962,0.7959770114942528,0.20402298850574713,348,71,0.21739130434782608,0.9090909090909091,55,230,22,5,sec_dev_0006
no_time,19521011,dev,0.7,106,34,0.6470588235294118,0.20754716981132076,0.3142857142857143,0.26136363636363635,1.0471698113207548,0.7210051546391752,0.27899484536082475,1552,433,0.33980582524271846,0.6363636363636364,55,103,88,23,sec_dev_0006
no_time,19521011,dev,0.0,107,7,0.5714285714285714,0.037383177570093455,0.07017543859649122,0.16,0.9906542056074766,0.7746031746031746,0.2253968253968254,315,71,0.2094017094017094,0.9074074074074074,54,234,25,4,sec_dev_0007
no_time,19521011,dev,0.7,107,40,0.6,0.22429906542056074,0.326530612244898,0.24719101123595505,1.0373831775700935,0.6816143497757847,0.3183856502242152,1561,497,0.34951456310679613,0.6666666666666666,54,103,89,22,sec_dev_0007
no_time,19521011,dev,0.0,109,8,0.75,0.05504587155963303,0.10256410256410257,0.1,0.944954128440367,0.7655172413793103,0.23448275862068965,290,68,0.200836820083682,0.9230769230769231,52,239,20,2,sec_dev_0008
no_time,19521011,dev,0.7,109,36,0.6666666666666666,0.22018348623853212,0.33103448275862074,0.25316455696202533,0.9908256880733946,0.6840253342716397,0.3159746657283603,1421,449,0.275,0.6346153846153846,52,120,79,20,sec_dev_0008
no_time,19521011,dev,0.0,110,17,0.9411764705882353,0.14545454545454545,0.25196850393700787,0.125,0.8818181818181818,0.7918032786885246,0.2081967213114754,610,127,0.21844660194174756,0.8823529411764706,51,206,40,5,sec_dev_0009
no_time,19521011,dev,0.7,110,44,0.7272727272727273,0.2909090909090909,0.4155844155844156,0.2037037037037037,0.9636363636363636,0.7482876712328768,0.2517123287671233,1752,441,0.3411764705882353,0.5686274509803921,51,85,108,22,sec_dev_0009
no_time,19521011,dev,0.0,104,8,0.875,0.0673076923076923,0.125,0.2,0.9423076923076923,0.8026666666666666,0.19733333333333333,375,74,0.2311111111111111,0.9122807017543859,57,225,25,5,sec_dev_0010
no_time,19521011,dev,0.7,104,39,0.6666666666666666,0.25,0.36363636363636365,0.2872340425531915,1.0480769230769231,0.6944444444444444,0.3055555555555556,1656,506,0.3888888888888889,0.6140350877192983,57,90,94,27,sec_dev_0010
no_time,19521011,dev,0.0,105,12,0.75,0.08571428571428572,0.15384615384615383,0.22580645161290322,0.9523809523809523,0.7334669338677355,0.2665330661322645,499,133,0.22065727699530516,0.8392857142857143,56,213,31,7,sec_dev_0011
no_time,19521011,dev,0.7,105,46,0.6304347826086957,0.2761904761904762,0.3841059602649007,0.25263157894736843,0.9714285714285714,0.7306990881458967,0.2693009118541033,1645,443,0.40217391304347827,0.6607142857142857,56,92,95,24,sec_dev_0011
no_time,19521011,test,0.0,110,7,1.0,0.06363636363636363,0.11965811965811964,0.14814814814814814,0.9545454545454546,0.839142091152815,0.16085790884718498,373,60,0.19047619047619047,0.8627450980392157,51,231,27,4,sec_test_0000
no_time,19521011,test,0.7,110,39,0.5384615384615384,0.19090909090909092,0.28187919463087246,0.30612244897959184,1.1454545454545455,0.7009512485136742,0.2990487514863258,1682,503,0.3548387096774194,0.6470588235294118,51,93,98,30,sec_test_0000
no_time,19521011,test,0.0,106,13,0.7692307692307693,0.09433962264150944,0.16806722689075632,0.1111111111111111,0.9245283018867925,0.7457627118644068,0.2542372881355932,413,105,0.23318385650224216,0.9454545454545454,55,223,27,3,sec_test_0001
no_time,19521011,test,0.7,106,47,0.5957446808510638,0.2641509433962264,0.36601307189542487,0.18627450980392157,0.9716981132075472,0.7181705809641532,0.28182941903584674,1618,456,0.3368421052631579,0.5818181818181818,55,95,102,19,sec_test_0001
no_time,19521011,test,0.0,114,9,0.6666666666666666,0.05263157894736842,0.09756097560975609,0.2413793103448276,0.9824561403508771,0.7276507276507276,0.27234927234927236,481,131,0.1875,0.8936170212765957,47,224,29,7,sec_test_0002
no_time,19521011,test,0.7,114,33,0.5454545454545454,0.15789473684210525,0.24489795918367344,0.3333333333333333,1.131578947368421,0.6531020680453636,0.3468979319546364,1499,520,0.27350427350427353,0.6808510638297872,47,117,81,27,sec_test_0002
no_time,19521011,test,0.0,111,6,0.6666666666666666,0.036036036036036036,0.06837606837606838,0.125,1.009009009009009,0.8179347826086957,0.18206521739130435,368,67,0.19827586206896552,0.92,50,232,32,4,sec_test_0003
no_time,19521011,test,0.7,111,45,0.4888888888888889,0.1981981981981982,0.28205128205128205,0.3119266055045872,1.1441441441441442,0.6897870016384489,0.3102129983615511,1831,568,0.38461538461538464,0.6,50,78,109,34,sec_test_0003
no_time,19521011,test,0.0,109,8,0.875,0.06422018348623854,0.11965811965811966,0.125,0.9541284403669725,0.7341040462427746,0.2658959537572254,346,92,0.19742489270386265,0.8846153846153846,52,233,24,3,sec_test_0004
no_time,19521011,test,0.7,109,40,0.725,0.26605504587155965,0.38926174496644295,0.25882352941176473,0.944954128440367,0.6799999999999999,0.32,1575,504,0.3269230769230769,0.6538461538461539,52,104,85,22,sec_test_0004
no_time,19521011,test,0.0,107,3,1.0,0.028037383177570093,0.05454545454545455,0.0,0.9906542056074766,0.8415300546448088,0.15846994535519127,183,29,0.2056451612903226,0.9444444444444444,54,248,17,0,sec_test_0005
no_time,19521011,test,0.7,107,43,0.6046511627906976,0.24299065420560748,0.3466666666666667,0.2727272727272727,0.9719626168224299,0.7080665813060179,0.2919334186939821,1562,456,0.30097087378640774,0.5740740740740741,54,103,88,24,sec_test_0005
no_time,19521011,test,0.0,108,0,0.0,0.0,0.0,0.15789473684210525,1.037037037037037,0.7759336099585062,0.22406639004149378,241,54,0.19753086419753085,0.9056603773584906,53,243,19,3,sec_test_0006
no_time,19521011,test,0.7,108,31,0.41935483870967744,0.12037037037037036,0.1870503597122302,0.2736842105263158,1.25,0.7074918566775245,0.29250814332247554,1535,449,0.32075471698113206,0.6415094339622641,53,106,95,26,sec_test_0006
no_time,19521011,test,0.0,112,12,0.5833333333333334,0.0625,0.11290322580645161,0.25,1.0178571428571428,0.6695205479452055,0.3304794520547945,584,193,0.2037914691943128,0.8775510204081632,49,211,36,9,sec_test_0007
no_time,19521011,test,0.7,112,37,0.6486486486486487,0.21428571428571427,0.3221476510067114,0.3010752688172043,1.0625,0.6700058927519151,0.32999410724808487,1697,560,0.35106382978723405,0.673469387755102,49,94,93,28,sec_test_0007
no_time,19521011,test,0.0,106,8,0.75,0.05660377358490566,0.10526315789473685,0.25,0.9905660377358491,0.7524271844660194,0.24757281553398058,412,102,0.21524663677130046,0.8727272727272727,55,223,28,7,sec_test_0008
no_time,19521011,test,0.7,106,40,0.725,0.27358490566037735,0.3972602739726028,0.2708333333333333,0.9811320754716981,0.726474278544542,0.27352572145545795,1594,436,0.35714285714285715,0.6363636363636364,55,98,96,26,sec_test_0008
no_time,19521011,test,0.0,108,5,1.0,0.046296296296296294,0.08849557522123894,0.25,0.9537037037037037,0.7171717171717171,0.2828282828282828,198,56,0.2056451612903226,0.9622641509433962,53,248,12,3,sec_test_0009
no_time,19521011,test,0.7,108,32,0.71875,0.21296296296296297,0.3285714285714285,0.21978021978021978,1.0740740740740742,0.7456567060458652,0.2543432939541348,1439,366,0.3103448275862069,0.6792452830188679,53,116,91,20,sec_test_0009
no_time,19521011,test,0.0,110,4,0.5,0.01818181818181818,0.03508771929824561,0.09523809523809523,0.9818181818181818,0.8473895582329317,0.15261044176706828,249,38,0.19262295081967212,0.9215686274509803,51,244,21,2,sec_test_0010
no_time,19521011,test,0.7,110,39,0.5641025641025641,0.2,0.2953020134228188,0.25301204819277107,1.0454545454545454,0.6919973100201748,0.30800268997982516,1487,458,0.2982456140350877,0.6666666666666666,51,114,83,21,sec_test_0010
no_time,19521011,test,0.0,98,5,0.6,0.030612244897959183,0.058252427184466014,0.14814814814814814,1.0,0.7717717717717718,0.22822822822822822,333,76,0.2556053811659193,0.9047619047619048,63,223,27,4,sec_test_0011
no_time,19521011,test,0.7,98,36,0.6388888888888888,0.23469387755102042,0.34328358208955223,0.2717391304347826,1.0918367346938775,0.6681643132220796,0.3318356867779204,1558,517,0.39361702127659576,0.5873015873015873,63,94,92,25,sec_test_0011
no_time,19521011,test,0.0,116,8,0.625,0.04310344827586207,0.08064516129032258,0.11764705882352941,0.9913793103448276,0.7575107296137339,0.24248927038626608,466,113,0.18061674008810572,0.9111111111111111,45,227,34,4,sec_test_0012
no_time,19521011,test,0.7,116,50,0.7,0.3017241379310345,0.4216867469879518,0.26666666666666666,1.0086206896551724,0.7156498673740053,0.2843501326259947,1885,536,0.3333333333333333,0.5777777777777777,45,78,105,28,sec_test_0012
no_time,19521012,dev,0.0,113,11,0.7272727272727273,0.07079646017699115,0.12903225806451613,0.17777777777777778,1.0176991150442478,0.8153846153846154,0.18461538461538463,585,108,0.1895734597156398,0.8333333333333334,48,211,45,8,sec_dev_0000
no_time,19521012,dev,0.7,113,51,0.5882352941176471,0.26548672566371684,0.36585365853658536,0.2867647058823529,1.2566371681415929,0.7127949183303085,0.2872050816696915,2204,633,0.625,0.5208333333333334,48,40,136,39,sec_dev_0000
no_time,19521012,dev,0.0,111,13,0.6153846153846154,0.07207207207207207,0.12903225806451613,0.15789473684210525,0.963963963963964,0.783203125,0.216796875,512,111,0.2119815668202765,0.92,50,217,38,6,sec_dev_0001
no_time,19521012,dev,0.7,111,55,0.6181818181818182,0.3063063063063063,0.40963855421686746,0.2975206611570248,1.117117117117117,0.6966188050023159,0.3033811949976841,2159,655,0.5909090909090909,0.52,50,44,121,36,sec_dev_0001
no_time,19521012,dev,0.0,112,11,0.6363636363636364,0.0625,0.11382113821138211,0.2571428571428571,0.9642857142857143,0.7371428571428571,0.26285714285714284,525,138,0.1889400921658986,0.8367346938775511,49,217,35,9,sec_dev_0002
no_time,19521012,dev,0.7,112,53,0.660377358490566,0.3125,0.42424242424242425,0.23809523809523808,1.0982142857142858,0.7065619223659889,0.2934380776340111,2164,635,0.6363636363636364,0.5714285714285714,49,44,126,30,sec_dev_0002
no_time,19521012,dev,0.0,104,18,0.6111111111111112,0.10576923076923077,0.18032786885245902,0.22413793103448276,1.0288461538461537,0.7134570765661252,0.2865429234338747,862,247,0.27167630057803466,0.8245614035087719,57,173,58,13,sec_dev_0003
no_time,19521012,dev,0.7,104,50,0.52,0.25,0.33766233766233766,0.21641791044776118,1.2692307692307692,0.7253000923361035,0.27469990766389657,2166,595,0.7714285714285715,0.47368421052631576,57,35,134,29,sec_dev_0003
no_time,19521012,dev,0.0,117,13,0.6923076923076923,0.07692307692307693,0.13846153846153847,0.15555555555555556,0.9829059829059829,0.7934959349593496,0.20650406504065041,615,127,0.1792452830188679,0.8636363636363636,44,212,45,7,sec_dev_0004
no_time,19521012,dev,0.7,117,54,0.6296296296296297,0.2905982905982906,0.3976608187134503,0.26618705035971224,1.188034188034188,0.729765590446705,0.27023440955329503,2261,611,0.6842105263157895,0.5909090909090909,44,38,139,37,sec_dev_0004
no_time,19521012,dev,0.0,121,16,0.8125,0.10743801652892562,0.18978102189781024,0.18181818181818182,0.9338842975206612,0.7662538699690402,0.23374613003095976,646,151,0.16901408450704225,0.9,40,213,44,8,sec_dev_0005
no_time,19521012,dev,0.7,121,60,0.6833333333333333,0.33884297520661155,0.4530386740331492,0.29411764705882354,1.0991735537190082,0.73046875,0.26953125,2304,621,0.6842105263157895,0.65,40,38,136,40,sec_dev_0005
no_time,19521012,dev,0.0,106,6,0.8333333333333334,0.04716981132075472,0.0892857142857143,0.03571428571428571,1.0,0.8313253012048193,0.1686746987951807,332,56,0.21645021645021645,0.9090909090909091,55,231,28,1,sec_dev_0006
no_time,19521012,dev,0.7,106,53,0.5849056603773585,0.29245283018867924,0.389937106918239,0.23387096774193547,1.1415094339622642,0.7146365422396856,0.28536345776031435,2036,581,0.5098039215686274,0.4727272727272727,55,51,124,29,sec_dev_0006
no_time,19521012,dev,0.0,107,14,0.5,0.06542056074766354,0.11570247933884296,0.15789473684210525,0.9719626168224299,0.7010309278350515,0.29896907216494845,582,174,0.20388349514563106,0.7777777777777778,54,206,38,6,sec_dev_0007
no_time,19521012,dev,0.7,107,58,0.6551724137931034,0.35514018691588783,0.4606060606060606,0.1864406779661017,0.9532710280373832,0.6661998132586369,0.3338001867413632,2142,715,0.6666666666666666,0.5185185185185185,54,42,118,22,sec_dev_0007
no_time,19521012,dev,0.0,109,12,0.5,0.05504587155963303,0.09917355371900827,0.14634146341463414,0.9724770642201835,0.7469244288224957,0.2530755711775044,569,144,0.20574162679425836,0.8269230769230769,52,209,41,6,sec_dev_0008
no_time,19521012,dev,0.7,109,58,0.5,0.26605504587155965,0.3473053892215569,0.25196850393700787,1.2293577981651376,0.7154582763337893,0.28454172366621067,2193,624,0.7105263157894737,0.5192307692307693,52,38,127,32,sec_dev_0008
no_time,19521012,dev,0.0,110,11,0.9090909090909091,0.09090909090909091,0.1652892561983471,0.15,0.9727272727272728,0.7589285714285714,0.24107142857142858,560,135,0.22274881516587677,0.9215686274509803,51,211,40,6,sec_dev_0009
no_time,19521012,dev,0.7,110,45,0.7777777777777778,0.3181818181818182,0.45161290322580644,0.24087591240875914,1.1454545454545455,0.7436723423838012,0.2563276576161988,2173,557,0.625,0.49019607843137253,51,40,137,33,sec_dev_0009
no_time,19521012,dev,0.0,104,16,0.8125,0.125,0.21666666666666667,0.16,0.9519230769230769,0.7619718309859155,0.2380281690140845,710,169,0.26455026455026454,0.8771929824561403,57,189,50,8,sec_dev_0010
no_time,19521012,dev,0.7,104,60,0.7,0.40384615384615385,0.5121951219512195,0.2265625,1.0,0.7238667900092507,0.2761332099907493,2162,597,0.75,0.47368421052631576,57,36,128,29,sec_dev_0010
no_time,19521012,dev,0.0,105,10,0.9,0.08571428571428572,0.1565217391304348,0.04878048780487805,0.9523809523809523,0.8156312625250501,0.1843687374749499,499,92,0.23113207547169812,0.875,56,212,41,2,sec_dev_0011
no_time,19521012,dev,0.7,105,57,0.6842105263157895,0.37142857142857144,0.4814814814814815,0.24060150375939848,1.0476190476190477,0.7510431154381085,0.24895688456189152,2157,537,0.6486486486486487,0.42857142857142855,56,37,133,32,sec_dev_0011
no_time,19521012,test,0.0,110,6,0.6666666666666666,0.03636363636363636,0.06896551724137931,0.03333333333333333,0.9818181818181818,0.84,0.16,350,56,0.1888412017167382,0.8627450980392157,51,233,30,1,sec_test_0000
no_time,19521012,test,0.7,110,60,0.65,0.35454545454545455,0.4588235294117647,0.19083969465648856,1.0545454545454545,0.7581792318634424,0.24182076813655762,2109,510,0.6170212765957447,0.5686274509803921,51,47,131,25,sec_test_0000
no_time,19521012,test,0.0,106,14,0.8571428571428571,0.11320754716981132,0.2,0.09090909090909091,0.9433962264150944,0.785234899328859,0.21476510067114093,596,128,0.24630541871921183,0.9090909090909091,55,203,44,4,sec_test_0001
no_time,19521012,test,0.7,106,64,0.734375,0.44339622641509435,0.5529411764705883,0.24,0.9528301886792453,0.7235697940503433,0.2764302059496567,2185,604,0.7777777777777778,0.509090909090909,55,36,125,30,sec_test_0001
no_time,19521012,test,0.0,114,10,0.8,0.07017543859649122,0.12903225806451613,0.0851063829787234,0.9736842105263158,0.8313659359190556,0.16863406408094436,593,100,0.1990521327014218,0.8936170212765957,47,211,47,4,sec_test_0002
no_time,19521012,test,0.7,114,59,0.6271186440677966,0.32456140350877194,0.4277456647398844,0.2727272727272727,1.1754385964912282,0.707105719237435,0.292894280762565,2308,676,0.8387096774193549,0.5531914893617021,47,31,132,36,sec_test_0002
no_time,19521012,test,0.0,111,14,0.6428571428571429,0.08108108108108109,0.14400000000000002,0.15,0.954954954954955,0.746551724137931,0.253448275862069,580,147,0.19523809523809524,0.82,50,210,40,6,sec_test_0003
no_time,19521012,test,0.7,111,63,0.746031746031746,0.42342342342342343,0.5402298850574712,0.20155038759689922,0.9369369369369369,0.7339114559561843,0.2660885440438156,2191,583,0.7,0.56,50,40,129,26,sec_test_0003
no_time,19521012,test,0.0,109,3,1.0,0.027522935779816515,0.05357142857142857,0.047619047619047616,0.981651376146789,0.8602620087336245,0.13973799126637554,229,32,0.19591836734693877,0.9230769230769231,52,245,21,1,sec_test_0004
no_time,19521012,test,0.7,109,47,0.6170212765957447,0.26605504587155965,0.3717948717948718,0.2558139534883721,1.165137614678899,0.7488584474885844,0.2511415525114155,1971,495,0.45,0.5192307692307693,52,60,129,33,sec_test_0004
no_time,19521012,test,0.0,107,14,0.7857142857142857,0.102803738317757,0.18181818181818182,0.1346153846153846,0.9719626168224299,0.7733516483516484,0.22664835164835165,728,165,0.22631578947368422,0.7962962962962963,54,190,52,7,sec_test_0005
no_time,19521012,test,0.7,107,61,0.6557377049180327,0.37383177570093457,0.4761904761904762,0.2558139534883721,1.0654205607476634,0.7283053157655611,0.2716946842344389,2201,598,0.7428571428571429,0.48148148148148145,54,35,129,33,sec_test_0005
no_time,19521012,test,0.0,108,6,0.8333333333333334,0.046296296296296294,0.08771929824561403,0.037037037037037035,0.9722222222222222,0.8111455108359134,0.18885448916408668,323,61,0.19658119658119658,0.8679245283018868,53,234,27,1,sec_test_0006
no_time,19521012,test,0.7,108,51,0.6274509803921569,0.2962962962962963,0.4025157232704403,0.203125,1.1018518518518519,0.7727717923604309,0.22722820763956905,2042,464,0.4807692307692308,0.4716981132075472,53,52,128,26,sec_test_0006
no_time,19521012,test,0.0,112,5,1.0,0.044642857142857144,0.08547008547008547,0.02702702702702703,0.9821428571428571,0.7869249394673123,0.21307506053268765,413,88,0.19298245614035087,0.8979591836734694,49,228,37,1,sec_test_0007
no_time,19521012,test,0.7,112,58,0.7241379310344828,0.375,0.4941176470588236,0.232,0.9732142857142857,0.7290780141843971,0.27092198581560284,2115,573,0.5102040816326531,0.5102040816326531,49,49,125,29,sec_test_0007
no_time,19521012,test,0.0,106,8,0.875,0.0660377358490566,0.12280701754385966,0.1282051282051282,0.9811320754716981,0.8045738045738046,0.19542619542619544,481,94,0.22790697674418606,0.8909090909090909,55,215,39,5,sec_test_0008
no_time,19521012,test,0.7,106,61,0.6065573770491803,0.3490566037735849,0.4431137724550898,0.25984251968503935,1.1132075471698113,0.7017783857729138,0.2982216142270862,2193,654,0.7714285714285715,0.4909090909090909,55,35,127,33,sec_test_0008
no_time,19521012,test,0.0,108,6,0.8333333333333334,0.046296296296296294,0.08771929824561403,0.14285714285714285,1.0,0.7853403141361257,0.21465968586387435,382,82,0.2236842105263158,0.9622641509433962,53,228,28,4,sec_test_0009
no_time,19521012,test,0.7,108,41,0.5121951219512195,0.19444444444444445,0.28187919463087246,0.24812030075187969,1.3425925925925926,0.7510832932113626,0.24891670678863745,2077,517,0.6041666666666666,0.5471698113207547,53,48,133,33,sec_test_0009
no_time,19521012,test,0.0,110,5,0.8,0.03636363636363636,0.06956521739130435,0.1,0.990909090909091,0.8722222222222222,0.12777777777777777,360,46,0.19827586206896552,0.9019607843137255,51,232,30,3,sec_test_0010
no_time,19521012,test,0.7,110,50,0.76,0.34545454545454546,0.475,0.2440944881889764,1.0363636363636364,0.7650273224043715,0.23497267759562843,2013,473,0.5263157894736842,0.5882352941176471,51,57,127,31,sec_test_0010
no_time,19521012,test,0.0,98,18,0.5,0.09183673469387756,0.15517241379310345,0.20754716981132076,1.010204081632653,0.7318932655654384,0.2681067344345616,787,211,0.2571428571428571,0.7142857142857143,63,175,53,11,sec_test_0011
no_time,19521012,test,0.7,98,49,0.46938775510204084,0.23469387755102042,0.3129251700680272,0.27906976744186046,1.3061224489795917,0.7191813422179915,0.28081865778200854,2101,590,0.75,0.42857142857142855,63,36,129,36,sec_test_0011
no_time,19521012,test,0.0,116,6,0.6666666666666666,0.034482758620689655,0.06557377049180328,0.1,0.9741379310344828,0.7837837837837838,0.21621621621621623,370,80,0.1729957805907173,0.9111111111111111,45,237,30,3,sec_test_0012
no_time,19521012,test,0.7,116,68,0.7205882352941176,0.4224137931034483,0.532608695652174,0.232,0.9224137931034483,0.7564625850340136,0.24353741496598638,2205,537,0.6136363636363636,0.6,45,44,125,29,sec_test_0012
no_time,19521013,dev,0.0,113,16,0.75,0.10619469026548672,0.18604651162790697,0.16666666666666666,0.9646017699115044,0.8058659217877095,0.1941340782122905,716,139,0.2233502538071066,0.9166666666666666,48,197,54,9,sec_dev_0000
no_time,19521013,dev,0.7,113,47,0.6808510638297872,0.2831858407079646,0.4,0.22556390977443608,1.1504424778761062,0.7395281656234954,0.26047183437650456,2077,541,0.5094339622641509,0.5625,48,53,133,30,sec_dev_0000
no_time,19521013,dev,0.0,111,22,0.8181818181818182,0.16216216216216217,0.27067669172932335,0.18333333333333332,0.9459459459459459,0.768041237113402,0.23195876288659795,970,225,0.23076923076923078,0.78,50,169,60,11,sec_dev_0001
no_time,19521013,dev,0.7,111,47,0.6808510638297872,0.2882882882882883,0.4050632911392405,0.19230769230769232,1.0990990990990992,0.7222222222222222,0.2777777777777778,2070,575,0.5192307692307693,0.54,50,52,130,25,sec_dev_0001
no_time,19521013,dev,0.0,112,8,0.875,0.0625,0.11666666666666667,0.043478260869565216,0.9464285714285714,0.7980456026058632,0.20195439739413681,307,62,0.19583333333333333,0.9591836734693877,49,240,23,1,sec_dev_0002
no_time,19521013,dev,0.7,112,56,0.6964285714285714,0.3482142857142857,0.46428571428571425,0.21367521367521367,0.9375,0.7132616487455197,0.2867383512544803,1953,560,0.42424242424242425,0.5714285714285714,49,66,117,25,sec_dev_0002
no_time,19521013,dev,0.0,104,16,0.875,0.1346153846153846,0.23333333333333334,0.06060606060606061,0.9903846153846154,0.7985436893203883,0.20145631067961164,824,166,0.25,0.7719298245614035,57,176,66,4,sec_dev_0003
no_time,19521013,dev,0.7,104,59,0.6271186440677966,0.3557692307692308,0.45398773006134974,0.19083969465648856,1.0576923076923077,0.7419818094782192,0.25801819052178077,2089,539,0.6511627906976745,0.49122807017543857,57,43,131,25,sec_dev_0003
no_time,19521013,dev,0.0,117,16,0.8125,0.1111111111111111,0.19548872180451127,0.10344827586206896,0.9743589743589743,0.8082901554404145,0.19170984455958548,772,148,0.1794871794871795,0.7954545454545454,44,195,58,6,sec_dev_0004
no_time,19521013,dev,0.7,117,57,0.7368421052631579,0.358974358974359,0.4827586206896552,0.2230769230769231,1.0256410256410255,0.741588785046729,0.258411214953271,2140,553,0.5294117647058824,0.6136363636363636,44,51,130,29,sec_dev_0004
no_time,19521013,dev,0.0,121,27,0.9629629629629629,0.21487603305785125,0.3513513513513513,0.10810810810810811,0.9173553719008265,0.8011472275334608,0.1988527724665392,1046,208,0.20588235294117646,0.875,40,170,74,8,sec_dev_0005
no_time,19521013,dev,0.7,121,66,0.8181818181818182,0.4462809917355372,0.5775401069518717,0.2463768115942029,0.9669421487603306,0.7248028045574058,0.2751971954425942,2282,628,0.675,0.675,40,40,138,34,sec_dev_0005
no_time,19521013,dev,0.0,106,13,0.8461538461538461,0.10377358490566038,0.18487394957983197,0.1,0.9622641509433962,0.7871428571428571,0.21285714285714286,700,149,0.22916666666666666,0.8,55,192,50,5,sec_dev_0006
no_time,19521013,dev,0.7,106,45,0.7777777777777778,0.330188679245283,0.46357615894039733,0.16923076923076924,1.0377358490566038,0.7520408163265306,0.2479591836734694,1960,486,0.4827586206896552,0.509090909090909,55,58,130,22,sec_dev_0006
no_time,19521013,dev,0.0,107,24,0.7083333333333334,0.1588785046728972,0.2595419847328244,0.13043478260869565,0.9719626168224299,0.7245206861755802,0.27547931382441976,991,273,0.2777777777777778,0.8333333333333334,54,162,69,9,sec_dev_0007
no_time,19521013,dev,0.7,107,56,0.6071428571428571,0.3177570093457944,0.4171779141104295,0.21875,1.1401869158878504,0.6942909760589319,0.30570902394106814,2172,664,0.6578947368421053,0.46296296296296297,54,38,128,28,sec_dev_0007
no_time,19521013,dev,0.0,109,22,0.8181818181818182,0.1651376146788991,0.2748091603053435,0.125,0.981651376146789,0.7410207939508506,0.2589792060491493,1058,274,0.2611464968152866,0.7884615384615384,52,157,72,9,sec_dev_0008
no_time,19521013,dev,0.7,109,54,0.6296296296296297,0.3119266055045872,0.4171779141104295,0.18604651162790697,1.128440366972477,0.7280909521553767,0.2719090478446234,2111,574,0.5869565217391305,0.5192307692307693,52,46,129,24,sec_dev_0008
no_time,19521013,dev,0.0,110,17,0.8235294117647058,0.12727272727272726,0.2204724409448819,0.1694915254237288,0.9363636363636364,0.7210718635809987,0.2789281364190012,821,229,0.23497267759562843,0.8431372549019608,51,183,59,10,sec_dev_0009
no_time,19521013,dev,0.7,110,61,0.7377049180327869,0.4090909090909091,0.5263157894736843,0.22137404580152673,0.9727272727272728,0.7363677332131591,0.26363226678684093,2219,585,0.6944444444444444,0.49019607843137253,51,36,131,29,sec_dev_0009
no_time,19521013,dev,0.0,104,20,0.85,0.16346153846153846,0.2741935483870968,0.18461538461538463,0.9519230769230769,0.7492227979274612,0.25077720207253884,965,242,0.2839506172839506,0.8070175438596491,57,162,65,12,sec_dev_0010
no_time,19521013,dev,0.7,104,50,0.68,0.3269230769230769,0.44155844155844154,0.24806201550387597,1.1153846153846154,0.7301285102332222,0.2698714897667777,2101,567,0.6190476190476191,0.45614035087719296,57,42,129,32,sec_dev_0010
no_time,19521013,dev,0.0,105,24,0.9166666666666666,0.20952380952380953,0.34108527131782945,0.11290322580645161,0.8952380952380953,0.8129175946547884,0.1870824053452116,898,168,0.2529411764705882,0.7678571428571429,56,170,62,7,sec_dev_0011
no_time,19521013,dev,0.7,105,58,0.7758620689655172,0.42857142857142855,0.5521472392638037,0.14074074074074075,0.8952380952380953,0.7694510739856801,0.2305489260143198,2095,483,0.5581395348837209,0.42857142857142855,56,43,135,19,sec_dev_0011
no_time,19521013,test,0.0,110,18,0.8888888888888888,0.14545454545454545,0.25,0.11538461538461539,0.9363636363636364,0.8102981029810298,0.1897018970189702,738,140,0.24479166666666666,0.9215686274509803,51,192,52,6,sec_test_0000
no_time,19521013,test,0.7,110,53,0.7547169811320755,0.36363636363636365,0.49079754601227,0.2,1.0,0.7712871287128713,0.22871287128712872,2020,462,0.5178571428571429,0.5686274509803921,51,56,130,26,sec_test_0000
no_time,19521013,test,0.0,106,24,0.8333333333333334,0.18867924528301888,0.3076923076923077,0.08064516129032258,0.8867924528301887,0.7828507795100222,0.21714922048997773,898,195,0.26900584795321636,0.8363636363636363,55,171,62,5,sec_test_0001
no_time,19521013,test,0.7,106,59,0.6779661016949152,0.37735849056603776,0.4848484848484849,0.19696969696969696,1.009433962264151,0.731203007518797,0.26879699248120303,2128,572,0.6585365853658537,0.4909090909090909,55,41,132,26,sec_test_0001
no_time,19521013,test,0.0,114,29,0.7931034482758621,0.20175438596491227,0.32167832167832167,0.21212121212121213,0.8859649122807017,0.7189849624060151,0.28101503759398494,1064,299,0.25308641975308643,0.8723404255319149,47,162,66,14,sec_test_0002
no_time,19521013,test,0.7,114,60,0.7166666666666667,0.37719298245614036,0.4942528735632184,0.2578125,1.0,0.7056705670567056,0.29432943294329433,2222,654,0.65,0.5531914893617021,47,40,128,33,sec_test_0002
no_time,19521013,test,0.0,111,21,0.9047619047619048,0.17117117117117117,0.2878787878787879,0.0967741935483871,0.8918918918918919,0.7641509433962264,0.2358490566037736,848,200,0.23204419889502761,0.84,50,181,62,6,sec_test_0003
no_time,19521013,test,0.7,111,54,0.7962962962962963,0.38738738738738737,0.5212121212121211,0.16030534351145037,0.9369369369369369,0.7506160670280927,0.24938393297190733,2029,506,0.5,0.56,50,56,131,21,sec_test_0003
no_time,19521013,test,0.0,109,13,0.8461538461538461,0.10091743119266056,0.18032786885245905,0.029411764705882353,0.926605504587156,0.8175965665236051,0.18240343347639484,466,85,0.19545454545454546,0.8269230769230769,52,220,34,1,sec_test_0004
no_time,19521013,test,0.7,109,53,0.6792452830188679,0.3302752293577982,0.4444444444444444,0.15079365079365079,0.9357798165137615,0.75,0.25,2004,501,0.47368421052631576,0.5192307692307693,52,57,126,19,sec_test_0004
no_time,19521013,test,0.0,107,24,0.7083333333333334,0.1588785046728972,0.2595419847328244,0.11940298507462686,0.9158878504672897,0.8026998961578401,0.19730010384215993,963,190,0.23636363636363636,0.7222222222222222,54,165,67,8,sec_test_0005
no_time,19521013,test,0.7,107,56,0.6964285714285714,0.3644859813084112,0.4785276073619632,0.208,0.9813084112149533,0.7572446555819478,0.24275534441805224,2105,511,0.5777777777777777,0.48148148148148145,54,45,125,26,sec_test_0005
no_time,19521013,test,0.0,108,10,0.8,0.07407407407407407,0.13559322033898305,0.05128205128205128,0.9537037037037037,0.8428874734607219,0.15711252653927812,471,74,0.22018348623853212,0.9056603773584906,53,218,39,2,sec_test_0006
no_time,19521013,test,0.7,108,52,0.6346153846153846,0.3055555555555556,0.41250000000000003,0.17355371900826447,1.0462962962962963,0.7615753060138372,0.23842469398616284,1879,448,0.43478260869565216,0.5660377358490566,53,69,121,21,sec_test_0006
no_time,19521013,test,0.0,112,22,0.6363636363636364,0.125,0.208955223880597,0.2833333333333333,1.0357142857142858,0.7656565656565657,0.23434343434343435,990,232,0.23809523809523808,0.8163265306122449,49,168,60,17,sec_test_0007
no_time,19521013,test,0.7,112,51,0.6470588235294118,0.29464285714285715,0.40490797546012275,0.25203252032520324,1.1339285714285714,0.7204556241101092,0.27954437588989084,2107,589,0.52,0.5306122448979592,49,50,123,31,sec_test_0007
no_time,19521013,test,0.0,106,28,0.7142857142857143,0.18867924528301888,0.2985074626865672,0.18309859154929578,0.9528301886792453,0.7279344858962693,0.27206551410373064,1099,299,0.26666666666666666,0.7272727272727273,55,150,71,13,sec_test_0008
no_time,19521013,test,0.7,106,57,0.7192982456140351,0.3867924528301887,0.5030674846625767,0.216,1.0,0.7148235294117646,0.2851764705882353,2125,606,0.6904761904761905,0.5272727272727272,55,42,125,27,sec_test_0008
no_time,19521013,test,0.0,108,18,0.6666666666666666,0.1111111111111111,0.1904761904761905,0.2033898305084746,1.0092592592592593,0.766546329723225,0.23345367027677497,831,194,0.23333333333333334,0.7924528301886793,53,180,59,12,sec_test_0009
no_time,19521013,test,0.7,108,52,0.6730769230769231,0.32407407407407407,0.4375,0.2692307692307692,1.1481481481481481,0.7462616822429906,0.25373831775700934,2140,543,0.6428571428571429,0.5094339622641509,53,42,130,35,sec_test_0009
no_time,19521013,test,0.0,110,13,0.9230769230769231,0.10909090909090909,0.1951219512195122,0.061224489795918366,0.9272727272727272,0.8314238952536825,0.1685761047463175,611,103,0.2146341463414634,0.8627450980392157,51,205,49,3,sec_test_0010
no_time,19521013,test,0.7,110,45,0.6666666666666666,0.2727272727272727,0.3870967741935484,0.21705426356589147,1.1272727272727272,0.7679755226925038,0.23202447730749617,1961,455,0.45161290322580644,0.5490196078431373,51,62,129,28,sec_test_0010
no_time,19521013,test,0.0,98,19,0.8421052631578947,0.16326530612244897,0.2735042735042735,0.0967741935483871,0.9081632653061225,0.7747747747747747,0.22522522522522523,888,200,0.2926829268292683,0.7619047619047619,63,164,62,6,sec_test_0011
no_time,19521013,test,0.7,98,46,0.6086956521739131,0.2857142857142857,0.3888888888888889,0.2153846153846154,1.183673469387755,0.7343283582089553,0.2656716417910448,2010,534,0.6,0.42857142857142855,63,45,130,28,sec_test_0011
no_time,19521013,test,0.0,116,16,0.9375,0.12931034482758622,0.22727272727272727,0.07142857142857142,0.9224137931034483,0.773841961852861,0.22615803814713897,734,166,0.18686868686868688,0.8222222222222222,45,198,56,4,sec_test_0012
no_time,19521013,test,0.7,116,59,0.8305084745762712,0.4224137931034483,0.5599999999999999,0.23846153846153847,0.9310344827586207,0.7297674418604652,0.2702325581395349,2150,581,0.5306122448979592,0.5777777777777777,45,49,130,31,sec_test_0012
no_time,19521014,dev,0.0,113,23,0.7391304347826086,0.1504424778761062,0.25,0.2631578947368421,0.9557522123893806,0.7590361445783133,0.24096385542168675,913,220,0.22033898305084745,0.8125,48,177,57,15,sec_dev_0000
no_time,19521014,dev,0.7,113,53,0.6792452830188679,0.3185840707964602,0.43373493975903615,0.27419354838709675,1.0884955752212389,0.7169117647058824,0.28308823529411764,2176,616,0.6363636363636364,0.5833333333333334,48,44,124,34,sec_dev_0000
no_time,19521014,dev,0.0,111,37,0.5135135135135135,0.17117117117117117,0.25675675675675674,0.38571428571428573,1.054054054054054,0.6837209302325582,0.31627906976744186,1290,408,0.2647058823529412,0.72,50,136,70,27,sec_dev_0001
no_time,19521014,dev,0.7,111,57,0.47368421052631576,0.24324324324324326,0.3214285714285714,0.371900826446281,1.2522522522522523,0.6727856815052777,0.3272143184947223,2179,713,0.6190476190476191,0.52,50,42,121,45,sec_dev_0001
no_time,19521014,dev,0.0,112,17,0.8235294117647058,0.125,0.21705426356589147,0.14285714285714285,0.9464285714285714,0.7825567502986858,0.2174432497013142,837,182,0.21311475409836064,0.7959183673469388,49,183,63,9,sec_dev_0002
no_time,19521014,dev,0.7,112,62,0.7258064516129032,0.4017857142857143,0.517241379310345,0.2689075630252101,0.9285714285714286,0.7086280056577086,0.2913719943422914,2121,618,0.5306122448979592,0.5306122448979592,49,49,119,32,sec_dev_0002
no_time,19521014,dev,0.0,104,9,0.5555555555555556,0.04807692307692308,0.08849557522123894,0.2692307692307692,1.0192307692307692,0.642512077294686,0.357487922705314,414,148,0.248868778280543,0.9649122807017544,57,221,26,7,sec_dev_0003
no_time,19521014,dev,0.7,104,44,0.7045454545454546,0.2980769230769231,0.4189189189189189,0.2376237623762376,1.0288461538461537,0.6694772344013491,0.3305227655986509,1779,588,0.44155844155844154,0.5964912280701754,57,77,101,24,sec_dev_0003
no_time,19521014,dev,0.0,117,15,0.6666666666666666,0.08547008547008547,0.15151515151515152,0.11627906976744186,0.9658119658119658,0.7874794069192751,0.21252059308072488,607,129,0.18309859154929578,0.8863636363636364,44,213,43,5,sec_dev_0004
no_time,19521014,dev,0.7,117,56,0.6071428571428571,0.2905982905982906,0.393063583815029,0.2972972972972973,1.0769230769230769,0.6816165598817152,0.31838344011828484,2029,646,0.4375,0.6363636363636364,44,64,111,33,sec_dev_0004
no_time,19521014,dev,0.0,121,22,0.7272727272727273,0.1322314049586777,0.22377622377622378,0.25806451612903225,0.9834710743801653,0.6533066132264529,0.3466933867735471,998,346,0.1875,0.825,40,176,62,16,sec_dev_0005
no_time,19521014,dev,0.7,121,60,0.6333333333333333,0.3140495867768595,0.4198895027624309,0.45614035087719296,1.1322314049586777,0.648506151142355,0.351493848857645,2276,800,0.627906976744186,0.675,40,43,114,52,sec_dev_0005
no_time,19521014,dev,0.0,106,13,0.9230769230769231,0.11320754716981132,0.20168067226890757,0.09375,0.9245283018867925,0.7478632478632479,0.25213675213675213,468,118,0.2350230414746544,0.9272727272727272,55,217,32,3,sec_dev_0006
no_time,19521014,dev,0.7,106,43,0.7209302325581395,0.29245283018867924,0.4161073825503355,0.19801980198019803,0.9716981132075472,0.7046135410425405,0.2953864589574596,1669,493,0.37777777777777777,0.6181818181818182,55,90,101,20,sec_dev_0006
no_time,19521014,dev,0.0,107,24,0.7083333333333334,0.1588785046728972,0.2595419847328244,0.15,0.9439252336448598,0.7423913043478261,0.2576086956521739,920,237,0.24705882352941178,0.7777777777777778,54,170,60,9,sec_dev_0007
no_time,19521014,dev,0.7,107,59,0.6101694915254238,0.3364485981308411,0.43373493975903615,0.2564102564102564,1.0841121495327102,0.692853762423095,0.3071462375769049,2113,649,0.5777777777777777,0.48148148148148145,54,45,117,30,sec_dev_0007
no_time,19521014,dev,0.0,109,24,0.5,0.11009174311926606,0.1804511278195489,0.2727272727272727,1.0091743119266054,0.6906077348066298,0.30939226519337015,905,280,0.25287356321839083,0.8461538461538461,52,174,55,15,sec_dev_0008
no_time,19521014,dev,0.7,109,48,0.5625,0.24770642201834864,0.34394904458598724,0.35135135135135137,1.201834862385321,0.674591381872214,0.32540861812778604,2019,657,0.49122807017543857,0.5384615384615384,52,57,111,39,sec_dev_0008
no_time,19521014,dev,0.0,110,14,0.7142857142857143,0.09090909090909091,0.16129032258064518,0.2222222222222222,0.9727272727272728,0.7177700348432056,0.28222996515679444,574,162,0.21428571428571427,0.8823529411764706,51,210,36,8,sec_dev_0009
no_time,19521014,dev,0.7,110,44,0.6363636363636364,0.2545454545454545,0.36363636363636365,0.23148148148148148,1.018181818181818,0.7155756207674944,0.28442437923250563,1772,504,0.37349397590361444,0.6078431372549019,51,83,108,25,sec_dev_0009
no_time,19521014,dev,0.0,104,14,0.7857142857142857,0.10576923076923077,0.1864406779661017,0.15217391304347827,0.9615384615384616,0.749211356466877,0.250788643533123,634,159,0.24873096446700507,0.8596491228070176,57,197,46,7,sec_dev_0010
no_time,19521014,dev,0.7,104,55,0.6181818181818182,0.3269230769230769,0.4276729559748428,0.30275229357798167,1.0576923076923077,0.6642048252092565,0.3357951747907435,2031,682,0.5490196078431373,0.49122807017543857,57,51,109,33,sec_dev_0010
no_time,19521014,dev,0.0,105,18,0.7222222222222222,0.12380952380952381,0.21138211382113822,0.21739130434782608,0.9809523809523809,0.7384196185286104,0.2615803814713896,734,192,0.2553191489361702,0.8571428571428571,56,188,46,10,sec_dev_0011
no_time,19521014,dev,0.7,105,44,0.6818181818181818,0.2857142857142857,0.40268456375838924,0.2636363636363636,1.0095238095238095,0.6973118279569892,0.30268817204301074,1860,563,0.391304347826087,0.48214285714285715,56,69,110,29,sec_dev_0011
no_time,19521014,test,0.0,110,23,0.6956521739130435,0.14545454545454545,0.24060150375939848,0.24,0.9454545454545454,0.7404761904761905,0.25952380952380955,840,218,0.23076923076923078,0.8235294117647058,51,182,50,12,sec_test_0000
no_time,19521014,test,0.7,110,55,0.6181818181818182,0.3090909090909091,0.4121212121212121,0.21238938053097345,1.0363636363636364,0.7416538263995891,0.2583461736004109,1947,503,0.46153846153846156,0.5882352941176471,51,65,113,24,sec_test_0000
no_time,19521014,test,0.0,106,13,0.6923076923076923,0.08490566037735849,0.15126050420168066,0.20408163265306123,1.0660377358490567,0.7275320970042796,0.2724679029957204,701,191,0.23958333333333334,0.8363636363636363,55,192,49,10,sec_test_0001
no_time,19521014,test,0.7,106,47,0.6382978723404256,0.2830188679245283,0.3921568627450981,0.25,1.1226415094339623,0.6954449152542372,0.3045550847457627,1888,575,0.44776119402985076,0.5454545454545454,55,67,112,28,sec_test_0001
no_time,19521014,test,0.0,114,22,0.7727272727272727,0.14912280701754385,0.24999999999999997,0.3,0.9473684210526315,0.6888888888888889,0.3111111111111111,900,280,0.23333333333333334,0.8936170212765957,47,180,50,15,sec_test_0002
no_time,19521014,test,0.7,114,55,0.7636363636363637,0.3684210526315789,0.4970414201183431,0.2543859649122807,0.9649122807017544,0.7048371174728529,0.29516288252714706,2026,598,0.47540983606557374,0.6170212765957447,47,61,114,29,sec_test_0002
no_time,19521014,test,0.0,111,14,0.7857142857142857,0.0990990990990991,0.17600000000000002,0.28205128205128205,1.018018018018018,0.6763285024154589,0.32367149758454106,621,201,0.22815533980582525,0.94,50,206,39,11,sec_test_0003
no_time,19521014,test,0.7,111,45,0.6444444444444445,0.26126126126126126,0.3717948717948718,0.2702702702702703,1.0810810810810811,0.7079074771382463,0.29209252286175363,1859,543,0.41333333333333333,0.62,50,75,111,30,sec_test_0003
no_time,19521014,test,0.0,109,9,0.5555555555555556,0.045871559633027525,0.08474576271186442,0.20833333333333334,0.9908256880733946,0.7021857923497268,0.2978142076502732,366,109,0.20346320346320346,0.9038461538461539,52,231,24,5,sec_test_0004
no_time,19521014,test,0.7,109,41,0.6341463414634146,0.23853211009174313,0.3466666666666667,0.19387755102040816,0.9908256880733946,0.7123893805309734,0.28761061946902655,1582,455,0.30392156862745096,0.5961538461538461,52,102,98,19,sec_test_0004
no_time,19521014,test,0.0,107,26,0.7307692307692307,0.17757009345794392,0.2857142857142857,0.23880597014925373,0.9719626168224299,0.6726342710997442,0.3273657289002558,1173,384,0.2638888888888889,0.7037037037037037,54,144,67,16,sec_test_0005
no_time,19521014,test,0.7,107,56,0.6964285714285714,0.3644859813084112,0.4785276073619632,0.2777777777777778,1.1121495327102804,0.6813725490196079,0.31862745098039214,2244,715,0.8387096774193549,0.48148148148148145,54,31,126,35,sec_test_0005
no_time,19521014,test,0.0,108,8,0.75,0.05555555555555555,0.10344827586206895,0.10526315789473684,0.9537037037037037,0.7473309608540926,0.2526690391459075,281,71,0.200836820083682,0.9056603773584906,53,239,19,2,sec_test_0006
no_time,19521014,test,0.7,108,35,0.6857142857142857,0.2222222222222222,0.3356643356643356,0.22988505747126436,0.9351851851851852,0.7383681726230613,0.26163182737693863,1483,388,0.30357142857142855,0.6415094339622641,53,112,87,20,sec_test_0006
no_time,19521014,test,0.0,112,17,0.5882352941176471,0.08928571428571429,0.15503875968992248,0.3409090909090909,1.0089285714285714,0.6920103092783505,0.3079896907216495,776,239,0.2198952879581152,0.8571428571428571,49,191,44,15,sec_test_0007
no_time,19521014,test,0.7,112,49,0.5714285714285714,0.25,0.34782608695652173,0.33653846153846156,1.1160714285714286,0.6828358208955223,0.31716417910447764,1876,595,0.4,0.6122448979591837,49,75,104,35,sec_test_0007
no_time,19521014,test,0.0,106,28,0.6071428571428571,0.16037735849056603,0.2537313432835821,0.22033898305084745,0.9905660377358491,0.7142857142857143,0.2857142857142857,1001,286,0.2608695652173913,0.7636363636363637,55,161,59,13,sec_test_0008
no_time,19521014,test,0.7,106,53,0.660377358490566,0.330188679245283,0.44025157232704404,0.23076923076923078,1.0754716981132075,0.7009391992090954,0.2990608007909046,2023,605,0.5660377358490566,0.5454545454545454,55,53,117,27,sec_test_0008
no_time,19521014,test,0.0,108,18,0.6666666666666666,0.1111111111111111,0.1904761904761905,0.1836734693877551,0.9814814814814815,0.7540574282147317,0.2459425717852684,801,197,0.22826086956521738,0.7924528301886793,53,184,49,9,sec_test_0009
no_time,19521014,test,0.7,108,50,0.56,0.25925925925925924,0.35443037974683544,0.32456140350877194,1.1851851851851851,0.7210216110019647,0.27897838899803534,2036,568,0.6111111111111112,0.6226415094339622,53,54,114,37,sec_test_0009
no_time,19521014,test,0.0,110,7,1.0,0.06363636363636363,0.11965811965811964,0.0625,0.9545454545454546,0.782051282051282,0.21794871794871795,234,51,0.2032520325203252,0.9803921568627451,51,246,16,1,sec_test_0010
no_time,19521014,test,0.7,110,33,0.8787878787878788,0.2636363636363636,0.40559440559440557,0.09302325581395349,0.8727272727272727,0.7762951334379906,0.2237048665620094,1274,285,0.2518518518518518,0.6666666666666666,51,135,86,8,sec_test_0010
no_time,19521014,test,0.0,98,23,0.6956521739130435,0.16326530612244897,0.2644628099173554,0.1746031746031746,0.9897959183673469,0.7540453074433657,0.2459546925566343,927,228,0.3125,0.7936507936507936,63,160,63,11,sec_test_0011
no_time,19521014,test,0.7,98,60,0.5333333333333333,0.32653061224489793,0.40506329113924044,0.3017241379310345,1.0816326530612246,0.7082931533269046,0.2917068466730955,2074,605,0.725,0.4603174603174603,63,40,116,35,sec_test_0011
no_time,19521014,test,0.0,116,20,0.8,0.13793103448275862,0.2352941176470588,0.1276595744680851,0.896551724137931,0.7864357864357865,0.21356421356421357,693,148,0.18719211822660098,0.8444444444444444,45,203,47,6,sec_test_0012
no_time,19521014,test,0.7,116,59,0.7457627118644068,0.3793103448275862,0.5028571428571429,0.23684210526315788,0.896551724137931,0.7065839694656488,0.29341603053435117,2096,615,0.48214285714285715,0.6,45,56,114,27,sec_test_0012
no_time,19521015,dev,0.0,113,35,0.6571428571428571,0.20353982300884957,0.3108108108108108,0.3068181818181818,1.0265486725663717,0.7486033519553073,0.25139664804469275,1432,360,0.29508196721311475,0.75,48,122,88,27,sec_dev_0000
no_time,19521015,dev,0.7,113,65,0.6307692307692307,0.36283185840707965,0.4606741573033708,0.3983739837398374,1.079646017699115,0.7073485174043833,0.2926514825956167,2327,681,0.8620689655172413,0.5208333333333334,48,29,123,49,sec_dev_0000
no_time,19521015,dev,0.0,111,21,0.7142857142857143,0.13513513513513514,0.22727272727272727,0.25806451612903225,1.027027027027027,0.7328094302554027,0.26719056974459726,1018,272,0.21951219512195122,0.72,50,164,62,16,sec_dev_0001
no_time,19521015,dev,0.7,111,56,0.5892857142857143,0.2972972972972973,0.3952095808383234,0.2773109243697479,1.1441441441441442,0.6935710933833881,0.30642890661661193,2131,653,0.5531914893617021,0.52,50,47,119,33,sec_dev_0001
no_time,19521015,dev,0.0,112,21,0.8095238095238095,0.15178571428571427,0.2556390977443609,0.2153846153846154,0.9196428571428571,0.750253807106599,0.24974619289340103,985,246,0.23214285714285715,0.7959183673469388,49,168,65,14,sec_dev_0002
no_time,19521015,dev,0.7,112,65,0.676923076923077,0.39285714285714285,0.4971751412429379,0.31932773109243695,0.9910714285714286,0.6733888645330995,0.32661113546690046,2281,745,0.7575757575757576,0.5102040816326531,49,33,119,38,sec_dev_0002
no_time,19521015,dev,0.0,104,29,0.5862068965517241,0.16346153846153846,0.25563909774436094,0.18604651162790697,1.0961538461538463,0.7480063795853269,0.25199362041467305,1254,316,0.31297709923664124,0.7192982456140351,57,131,86,16,sec_dev_0003
no_time,19521015,dev,0.7,104,56,0.5357142857142857,0.28846153846153844,0.37499999999999994,0.264,1.2692307692307692,0.6863534675615213,0.31364653243847873,2235,701,0.9310344827586207,0.47368421052631576,57,29,125,33,sec_dev_0003
no_time,19521015,dev,0.0,117,31,0.7741935483870968,0.20512820512820512,0.32432432432432434,0.20238095238095238,0.9743589743589743,0.7743161094224924,0.2256838905775076,1316,297,0.2463768115942029,0.7727272727272727,44,138,84,17,sec_dev_0004
no_time,19521015,dev,0.7,117,62,0.7258064516129032,0.38461538461538464,0.5027932960893855,0.2846153846153846,1.0427350427350428,0.7008583690987125,0.29914163090128754,2330,697,0.8125,0.5909090909090909,44,32,130,37,sec_dev_0004
no_time,19521015,dev,0.0,121,41,0.6585365853658537,0.2231404958677686,0.3333333333333333,0.32098765432098764,0.9669421487603306,0.7239758226997985,0.27602417730020146,1489,411,0.248,0.775,40,125,81,26,sec_dev_0005
no_time,19521015,dev,0.7,121,65,0.6615384615384615,0.35537190082644626,0.46236559139784944,0.3333333333333333,1.0661157024793388,0.6983857264231096,0.3016142735768904,2354,710,0.7647058823529411,0.65,40,34,126,42,sec_dev_0005
no_time,19521015,dev,0.0,106,25,0.64,0.1509433962264151,0.24427480916030533,0.24242424242424243,1.0188679245283019,0.7686116700201208,0.23138832997987926,994,230,0.2608695652173913,0.7636363636363637,55,161,66,16,sec_dev_0006
no_time,19521015,dev,0.7,106,58,0.5517241379310345,0.3018867924528302,0.3902439024390244,0.31746031746031744,1.2075471698113207,0.7214484679665738,0.2785515320334262,2154,600,0.6666666666666666,0.4727272727272727,55,39,126,40,sec_dev_0006
no_time,19521015,dev,0.0,107,33,0.5151515151515151,0.1588785046728972,0.24285714285714285,0.24675324675324675,1.074766355140187,0.7045985970381917,0.2954014029618083,1283,379,0.2727272727272727,0.6666666666666666,54,132,77,19,sec_dev_0007
no_time,19521015,dev,0.7,107,55,0.5272727272727272,0.27102803738317754,0.35802469135802467,0.3389830508474576,1.1962616822429906,0.6583407671721677,0.3416592328278323,2242,766,0.8125,0.48148148148148145,54,32,118,40,sec_dev_0007
no_time,19521015,dev,0.0,109,37,0.7297297297297297,0.24770642201834864,0.36986301369863017,0.21518987341772153,0.908256880733945,0.7277335264301231,0.2722664735698769,1381,376,0.3225806451612903,0.7692307692307693,52,124,79,17,sec_dev_0008
no_time,19521015,dev,0.7,109,66,0.6666666666666666,0.4036697247706422,0.5028571428571428,0.2975206611570248,1.0275229357798166,0.700303161541793,0.299696838458207,2309,692,0.9259259259259259,0.4807692307692308,52,27,121,36,sec_dev_0008
no_time,19521015,dev,0.0,110,25,0.48,0.10909090909090909,0.17777777777777776,0.29069767441860467,1.1181818181818182,0.6949778434268833,0.3050221565731167,1354,413,0.25196850393700787,0.6274509803921569,51,127,86,25,sec_dev_0009
no_time,19521015,dev,0.7,110,57,0.5614035087719298,0.2909090909090909,0.38323353293413176,0.33064516129032256,1.2,0.6704249783174328,0.3295750216825672,2306,760,0.8928571428571429,0.49019607843137253,51,28,124,41,sec_dev_0009
no_time,19521015,dev,0.0,104,34,0.6764705882352942,0.22115384615384615,0.3333333333333333,0.2345679012345679,0.9519230769230769,0.7427677873338545,0.25723221266614543,1279,329,0.3333333333333333,0.7543859649122807,57,129,81,19,sec_dev_0010
no_time,19521015,dev,0.7,104,71,0.647887323943662,0.4423076923076923,0.5257142857142857,0.275,0.9615384615384616,0.6986425339366515,0.3013574660633484,2210,666,0.875,0.49122807017543857,57,32,120,33,sec_dev_0010
no_time,19521015,dev,0.0,105,30,0.6666666666666666,0.19047619047619047,0.2962962962962963,0.2619047619047619,1.0095238095238095,0.7718223583460949,0.22817764165390506,1306,298,0.2992125984251969,0.6785714285714286,56,127,84,22,sec_dev_0011
no_time,19521015,dev,0.7,105,57,0.631578947368421,0.34285714285714286,0.4444444444444445,0.30578512396694213,1.1333333333333333,0.7003126395712371,0.2996873604287628,2239,671,0.8333333333333334,0.44642857142857145,56,30,121,37,sec_dev_0011
no_time,19521015,test,0.0,110,35,0.6857142857142857,0.21818181818181817,0.3310344827586207,0.25,0.9727272727272728,0.7776923076923077,0.22230769230769232,1300,289,0.2706766917293233,0.7058823529411765,51,133,80,20,sec_test_0000
no_time,19521015,test,0.7,110,60,0.5833333333333334,0.3181818181818182,0.4117647058823529,0.30833333333333335,1.1,0.7165178571428572,0.28348214285714285,2240,635,0.8285714285714286,0.5686274509803921,51,35,120,37,sec_test_0000
no_time,19521015,test,0.0,106,36,0.6388888888888888,0.2169811320754717,0.32394366197183094,0.26582278481012656,1.0,0.6994967649173256,0.30050323508267435,1391,418,0.30833333333333335,0.6727272727272727,55,120,79,21,sec_test_0001
no_time,19521015,test,0.7,106,64,0.640625,0.3867924528301887,0.4823529411764706,0.275,1.028301886792453,0.6833333333333333,0.31666666666666665,2220,703,0.7878787878787878,0.4727272727272727,55,33,120,33,sec_test_0001
no_time,19521015,test,0.0,114,32,0.6875,0.19298245614035087,0.30136986301369867,0.23684210526315788,1.0175438596491229,0.7383177570093458,0.2616822429906542,1284,336,0.2805755395683453,0.8297872340425532,47,139,76,18,sec_test_0002
no_time,19521015,test,0.7,114,59,0.6779661016949152,0.3508771929824561,0.4624277456647398,0.32558139534883723,1.1929824561403508,0.6894036894036895,0.3105963105963106,2331,724,0.896551724137931,0.5531914893617021,47,29,129,42,sec_test_0002
no_time,19521015,test,0.0,111,34,0.6764705882352942,0.2072072072072072,0.3172413793103448,0.23076923076923078,0.9369369369369369,0.7438625204582652,0.2561374795417349,1222,313,0.2676056338028169,0.76,50,142,78,18,sec_test_0003
no_time,19521015,test,0.7,111,68,0.6617647058823529,0.40540540540540543,0.5027932960893855,0.2916666666666667,0.990990990990991,0.6853982300884955,0.3146017699115044,2260,711,0.8235294117647058,0.56,50,34,120,35,sec_test_0003
no_time,19521015,test,0.0,109,24,0.625,0.13761467889908258,0.2255639097744361,0.2222222222222222,0.9724770642201835,0.7142857142857143,0.2857142857142857,1057,302,0.25316455696202533,0.7692307692307693,52,158,63,14,sec_test_0004
no_time,19521015,test,0.7,109,60,0.5666666666666667,0.3119266055045872,0.4023668639053255,0.32432432432432434,1.073394495412844,0.6739615899955338,0.32603841000446626,2239,730,0.7428571428571429,0.5,52,35,111,36,sec_test_0004
no_time,19521015,test,0.0,107,29,0.7931034482758621,0.21495327102803738,0.3382352941176471,0.2318840579710145,0.9252336448598131,0.7712532865907099,0.2287467134092901,1141,261,0.272108843537415,0.7407407407407407,54,147,69,16,sec_test_0005
no_time,19521015,test,0.7,107,62,0.6612903225806451,0.38317757009345793,0.48520710059171596,0.29411764705882354,1.0093457943925233,0.7070151306740027,0.29298486932599727,2181,639,0.631578947368421,0.4444444444444444,54,38,119,35,sec_test_0005
no_time,19521015,test,0.0,108,31,0.5483870967741935,0.1574074074074074,0.24460431654676257,0.323943661971831,1.1018518518518519,0.7409587888982339,0.2590412111017662,1189,308,0.3006993006993007,0.8113207547169812,53,143,71,23,sec_test_0006
no_time,19521015,test,0.7,108,60,0.5,0.2777777777777778,0.35714285714285715,0.3389830508474576,1.2407407407407407,0.6907775768535263,0.3092224231464738,2212,684,0.7222222222222222,0.49056603773584906,53,36,118,40,sec_test_0006
no_time,19521015,test,0.0,112,37,0.8378378378378378,0.2767857142857143,0.4161073825503356,0.1625,0.875,0.7343283582089553,0.2656716417910448,1340,356,0.2595419847328244,0.6938775510204082,49,131,80,13,sec_test_0007
no_time,19521015,test,0.7,112,65,0.7230769230769231,0.41964285714285715,0.5310734463276836,0.256198347107438,0.9196428571428571,0.6980356327089996,0.30196436729100046,2189,661,0.6428571428571429,0.5510204081632653,49,42,121,31,sec_test_0007
no_time,19521015,test,0.0,106,21,0.6666666666666666,0.1320754716981132,0.2204724409448819,0.2711864406779661,1.0566037735849056,0.6971307120085015,0.3028692879914984,941,285,0.281437125748503,0.8545454545454545,55,167,59,16,sec_test_0008
no_time,19521015,test,0.7,106,60,0.65,0.36792452830188677,0.46987951807228917,0.272,1.0943396226415094,0.6961797752808989,0.30382022471910114,2225,676,0.78125,0.45454545454545453,55,32,125,34,sec_test_0008
no_time,19521015,test,0.0,108,15,0.4,0.05555555555555555,0.09756097560975609,0.2727272727272727,1.1018518518518519,0.7647798742138365,0.23522012578616353,795,187,0.23369565217391305,0.8113207547169812,53,184,55,15,sec_test_0009
no_time,19521015,test,0.7,108,52,0.5384615384615384,0.25925925925925924,0.35000000000000003,0.35135135135135137,1.1759259259259258,0.6917970602181128,0.3082029397818872,2109,650,0.5531914893617021,0.49056603773584906,53,47,111,39,sec_test_0009
no_time,19521015,test,0.0,110,36,0.6666666666666666,0.21818181818181817,0.32876712328767127,0.2261904761904762,0.9727272727272728,0.78149300155521,0.21850699844479005,1286,281,0.26119402985074625,0.6862745098039216,51,134,84,19,sec_test_0010
no_time,19521015,test,0.7,110,69,0.7246376811594203,0.45454545454545453,0.558659217877095,0.25984251968503935,0.9454545454545454,0.7389399912395971,0.261060008760403,2283,596,0.8333333333333334,0.49019607843137253,51,30,127,33,sec_test_0010
no_time,19521015,test,0.0,98,28,0.8571428571428571,0.24489795918367346,0.38095238095238093,0.16666666666666666,0.8775510204081632,0.7794117647058824,0.22058823529411764,1088,240,0.3146853146853147,0.7142857142857143,63,143,72,12,sec_test_0011
no_time,19521015,test,0.7,98,53,0.7169811320754716,0.3877551020408163,0.5033112582781456,0.2540983606557377,1.0408163265306123,0.7163965681601525,0.2836034318398475,2098,595,0.7027027027027027,0.4126984126984127,63,37,122,31,sec_test_0011
no_time,19521015,test,0.0,116,23,0.7391304347826086,0.14655172413793102,0.24460431654676257,0.1746031746031746,0.9655172413793104,0.8124318429661941,0.1875681570338059,917,172,0.2011173184357542,0.8,45,179,63,11,sec_test_0012
no_time,19521015,test,0.7,116,64,0.609375,0.33620689655172414,0.43333333333333335,0.31746031746031744,1.1206896551724137,0.7082973206568712,0.29170267934312877,2314,675,0.7575757575757576,0.5555555555555556,45,33,126,40,sec_test_0012
no_time,19521016,dev,0.0,113,23,0.6956521739130435,0.1415929203539823,0.23529411764705882,0.16,0.9911504424778761,0.775609756097561,0.22439024390243903,1025,230,0.21951219512195122,0.75,48,164,75,12,sec_dev_0000
no_time,19521016,dev,0.7,113,61,0.7049180327868853,0.3805309734513274,0.4942528735632184,0.2642857142857143,1.1415929203539823,0.7351931330472103,0.2648068669527897,2330,617,0.9259259259259259,0.5208333333333334,48,27,140,37,sec_dev_0000
no_time,19521016,dev,0.0,111,18,0.7777777777777778,0.12612612612612611,0.21705426356589147,0.1774193548387097,0.972972972972973,0.7511520737327189,0.2488479262672811,868,216,0.24022346368715083,0.86,50,179,62,11,sec_dev_0001
no_time,19521016,dev,0.7,111,64,0.65625,0.3783783783783784,0.48,0.25190839694656486,1.027027027027027,0.7178909418657053,0.2821090581342947,2219,626,0.6756756756756757,0.5,50,37,131,33,sec_dev_0001
no_time,19521016,dev,0.0,112,23,0.7391304347826086,0.15178571428571427,0.2518518518518518,0.1323529411764706,0.9196428571428571,0.7830802603036876,0.21691973969631237,922,200,0.20689655172413793,0.7346938775510204,49,174,68,9,sec_dev_0002
no_time,19521016,dev,0.7,112,68,0.6911764705882353,0.41964285714285715,0.5222222222222223,0.2713178294573643,0.9821428571428571,0.7080937638213181,0.291906236178682,2261,660,0.7352941176470589,0.5102040816326531,49,34,129,35,sec_dev_0002
no_time,19521016,dev,0.0,104,18,0.6666666666666666,0.11538461538461539,0.19672131147540986,0.10126582278481013,1.0192307692307692,0.7737512242899118,0.22624877571008814,1021,231,0.2709677419354839,0.7368421052631579,57,155,79,8,sec_dev_0003
no_time,19521016,dev,0.7,104,57,0.6666666666666666,0.36538461538461536,0.4720496894409938,0.2222222222222222,1.1057692307692308,0.7382151029748284,0.2617848970251716,2185,572,0.7878787878787878,0.45614035087719296,57,33,135,30,sec_dev_0003
no_time,19521016,dev,0.0,117,27,0.7777777777777778,0.1794871794871795,0.29166666666666663,0.20987654320987653,0.9743589743589743,0.7737162750217581,0.22628372497824195,1149,260,0.2129032258064516,0.75,44,155,81,17,sec_dev_0004
no_time,19521016,dev,0.7,117,58,0.6724137931034483,0.3333333333333333,0.4457142857142857,0.2847222222222222,1.205128205128205,0.73301393728223,0.26698606271777003,2296,613,0.7941176470588235,0.6136363636363636,44,34,144,41,sec_dev_0004
no_time,19521016,dev,0.0,121,31,0.8387096774193549,0.21487603305785125,0.3421052631578947,0.15584415584415584,0.9008264462809917,0.7623590633130963,0.23764093668690373,1153,274,0.20754716981132076,0.825,40,159,77,12,sec_dev_0005
no_time,19521016,dev,0.7,121,66,0.7575757575757576,0.4132231404958678,0.5347593582887701,0.2733812949640288,1.0165289256198347,0.7246876346402413,0.2753123653597587,2321,639,0.7222222222222222,0.65,40,36,139,38,sec_dev_0005
no_time,19521016,dev,0.0,106,20,0.65,0.12264150943396226,0.20634920634920634,0.109375,0.9433962264150944,0.7866817155756207,0.21331828442437922,886,189,0.2441860465116279,0.7636363636363637,55,172,64,7,sec_dev_0006
no_time,19521016,dev,0.7,106,59,0.7288135593220338,0.4056603773584906,0.5212121212121211,0.24603174603174602,0.9528301886792453,0.726679104477612,0.2733208955223881,2144,586,0.625,0.45454545454545453,55,40,126,31,sec_dev_0006
no_time,19521016,dev,0.0,107,25,0.84,0.19626168224299065,0.3181818181818181,0.1506849315068493,0.8691588785046729,0.7309340188517566,0.26906598114824337,1167,314,0.24305555555555555,0.6481481481481481,54,144,73,11,sec_dev_0007
no_time,19521016,dev,0.7,107,57,0.6491228070175439,0.34579439252336447,0.45121951219512196,0.24031007751937986,1.074766355140187,0.7059348505131637,0.2940651494868362,2241,659,0.8387096774193549,0.48148148148148145,54,31,129,31,sec_dev_0007
no_time,19521016,dev,0.0,109,25,0.76,0.1743119266055046,0.2835820895522388,0.1125,0.944954128440367,0.7619469026548673,0.23805309734513275,1130,269,0.2550335570469799,0.7307692307692307,52,149,80,9,sec_dev_0008
no_time,19521016,dev,0.7,109,59,0.6779661016949152,0.3669724770642202,0.4761904761904762,0.27007299270072993,1.1376146788990826,0.7245930488341399,0.2754069511658601,2273,626,0.8620689655172413,0.4807692307692308,52,29,137,37,sec_dev_0008
no_time,19521016,dev,0.0,110,30,0.7333333333333333,0.2,0.3142857142857143,0.17105263157894737,0.9,0.7705667276051188,0.22943327239488118,1094,251,0.2662337662337662,0.803921568627451,51,154,76,13,sec_dev_0009
no_time,19521016,dev,0.7,110,59,0.7288135593220338,0.39090909090909093,0.5088757396449705,0.24427480916030533,1.0454545454545454,0.7478497057492077,0.2521502942507922,2209,557,0.7297297297297297,0.5294117647058824,51,37,131,32,sec_dev_0009
no_time,19521016,dev,0.0,104,26,0.6153846153846154,0.15384615384615385,0.24615384615384617,0.20512820512820512,0.9903846153846154,0.7438162544169611,0.25618374558303886,1132,290,0.2847222222222222,0.7192982456140351,57,144,78,16,sec_dev_0010
no_time,19521016,dev,0.7,104,64,0.578125,0.3557692307692308,0.44047619047619047,0.23255813953488372,1.125,0.7183559084539934,0.28164409154600656,2141,603,0.7105263157894737,0.47368421052631576,57,38,129,30,sec_dev_0010
no_time,19521016,dev,0.0,105,13,0.8461538461538461,0.10476190476190476,0.18644067796610173,0.07042253521126761,1.019047619047619,0.8190591073582629,0.18094089264173704,829,150,0.23863636363636365,0.75,56,176,71,5,sec_dev_0011
no_time,19521016,dev,0.7,105,56,0.6785714285714286,0.3619047619047619,0.4720496894409938,0.20437956204379562,1.0761904761904761,0.757816145590294,0.24218385440970602,2143,519,0.631578947368421,0.42857142857142855,56,38,137,28,sec_dev_0011
no_time,19521016,test,0.0,110,21,0.6666666666666666,0.12727272727272726,0.21374045801526714,0.16129032258064516,0.9727272727272728,0.8052391799544419,0.1947608200455581,878,171,0.24293785310734464,0.8431372549019608,51,177,62,10,sec_test_0000
no_time,19521016,test,0.7,110,59,0.6610169491525424,0.35454545454545455,0.46153846153846156,0.24,1.0636363636363637,0.7466042154566745,0.2533957845433255,2135,541,0.6444444444444445,0.5686274509803921,51,45,125,30,sec_test_0000
no_time,19521016,test,0.0,106,24,0.75,0.16981132075471697,0.27692307692307694,0.15584415584415584,1.009433962264151,0.7903075489282386,0.2096924510717614,1073,225,0.26973684210526316,0.7454545454545455,55,152,77,12,sec_test_0001
no_time,19521016,test,0.7,106,59,0.7457627118644068,0.41509433962264153,0.5333333333333333,0.21739130434782608,1.0754716981132075,0.7386262265834076,0.26137377341659235,2242,586,0.9310344827586207,0.4909090909090909,55,29,138,30,sec_test_0001
no_time,19521016,test,0.0,114,26,0.8461538461538461,0.19298245614035087,0.3142857142857142,0.17073170731707318,0.9824561403508771,0.745557350565428,0.2544426494345719,1238,315,0.2517482517482518,0.7659574468085106,47,143,82,14,sec_test_0002
no_time,19521016,test,0.7,114,52,0.7884615384615384,0.35964912280701755,0.49397590361445787,0.22377622377622378,1.105263157894737,0.725187472430525,0.27481252756947505,2267,623,0.7647058823529411,0.5531914893617021,47,34,143,32,sec_test_0002
no_time,19521016,test,0.0,111,27,0.7037037037037037,0.17117117117117117,0.2753623188405797,0.2,0.918918918918919,0.7181818181818183,0.2818181818181818,990,279,0.23353293413173654,0.78,50,167,60,12,sec_test_0003
no_time,19521016,test,0.7,111,55,0.6727272727272727,0.3333333333333333,0.4457831325301205,0.22900763358778625,1.0990990990990992,0.7359524897213339,0.2640475102786661,2189,578,0.65,0.52,50,40,131,30,sec_test_0003
no_time,19521016,test,0.0,109,24,0.875,0.1926605504587156,0.31578947368421056,0.16129032258064516,0.8807339449541285,0.7643171806167401,0.2356828193832599,908,214,0.2254335260115607,0.75,52,173,62,10,sec_test_0004
no_time,19521016,test,0.7,109,60,0.7666666666666667,0.42201834862385323,0.5443786982248521,0.2558139534883721,0.963302752293578,0.7311121539183483,0.2688878460816518,2131,573,0.6363636363636364,0.5384615384615384,52,44,129,33,sec_test_0004
no_time,19521016,test,0.0,107,29,0.8275862068965517,0.22429906542056074,0.35294117647058826,0.1518987341772152,0.9252336448598131,0.768839966130398,0.23116003386960204,1181,273,0.2676056338028169,0.7037037037037037,54,142,79,12,sec_test_0005
no_time,19521016,test,0.7,107,56,0.7857142857142857,0.411214953271028,0.5398773006134969,0.21804511278195488,1.02803738317757,0.7437979251240414,0.25620207487595853,2217,568,0.7575757575757576,0.46296296296296297,54,33,133,29,sec_test_0005
no_time,19521016,test,0.0,108,18,0.6111111111111112,0.10185185185185185,0.1746031746031746,0.09523809523809523,0.9722222222222222,0.7714631197097944,0.22853688029020555,827,189,0.21666666666666667,0.7358490566037735,53,180,63,6,sec_test_0006
no_time,19521016,test,0.7,108,52,0.6538461538461539,0.3148148148148148,0.42500000000000004,0.22727272727272727,1.1388888888888888,0.7338560885608856,0.26614391143911437,2168,577,0.6410256410256411,0.4716981132075472,53,39,132,30,sec_test_0006
no_time,19521016,test,0.0,112,20,0.85,0.15178571428571427,0.25757575757575757,0.09523809523809523,0.9553571428571429,0.7765108323831242,0.2234891676168757,877,196,0.20670391061452514,0.7551020408163265,49,179,63,6,sec_test_0007
no_time,19521016,test,0.7,112,59,0.7627118644067796,0.4017857142857143,0.5263157894736843,0.21875,0.9821428571428571,0.7395929694727105,0.26040703052728953,2162,563,0.6136363636363636,0.5510204081632653,49,44,128,28,sec_test_0007
no_time,19521016,test,0.0,106,22,0.7727272727272727,0.16037735849056603,0.265625,0.15254237288135594,0.8962264150943396,0.7543053960964409,0.24569460390355913,871,214,0.26436781609195403,0.8363636363636363,55,174,59,9,sec_test_0008
no_time,19521016,test,0.7,106,58,0.6724137931034483,0.36792452830188677,0.47560975609756095,0.1956521739130435,1.1037735849056605,0.7504604051565378,0.24953959484346225,2172,542,0.7222222222222222,0.4727272727272727,55,36,138,27,sec_test_0008
no_time,19521016,test,0.0,108,9,0.7777777777777778,0.06481481481481481,0.11965811965811966,0.08,1.0092592592592593,0.85,0.15,560,84,0.21634615384615385,0.8490566037735849,53,208,50,4,sec_test_0009
no_time,19521016,test,0.7,108,49,0.673469387755102,0.3055555555555556,0.42038216560509556,0.29133858267716534,1.1944444444444444,0.7494056110318592,0.25059438896814074,2103,527,0.6086956521739131,0.5283018867924528,53,46,127,37,sec_test_0009
no_time,19521016,test,0.0,110,24,0.7916666666666666,0.17272727272727273,0.28358208955223885,0.1,0.9181818181818182,0.7905263157894737,0.2094736842105263,950,199,0.22485207100591717,0.7450980392156863,51,169,70,7,sec_test_0010
no_time,19521016,test,0.7,110,61,0.7377049180327869,0.4090909090909091,0.5263157894736843,0.2727272727272727,1.0454545454545454,0.7412082957619477,0.2587917042380523,2218,574,0.7222222222222222,0.5098039215686274,51,36,132,36,sec_test_0010
no_time,19521016,test,0.0,98,21,0.6190476190476191,0.1326530612244898,0.2184873949579832,0.14492753623188406,0.9693877551020408,0.7303588748787585,0.2696411251212415,1031,278,0.28859060402684567,0.6825396825396826,63,149,69,10,sec_test_0011
no_time,19521016,test,0.7,98,51,0.7450980392156863,0.3877551020408163,0.5100671140939598,0.1875,1.0,0.725499524262607,0.27450047573739295,2102,577,0.75,0.42857142857142855,63,36,128,24,sec_test_0011
no_time,19521016,test,0.0,116,23,0.6521739130434783,0.12931034482758622,0.21582733812949645,0.16393442622950818,0.9741379310344828,0.7610921501706485,0.23890784982935154,879,210,0.1912568306010929,0.7777777777777778,45,183,61,10,sec_test_0012
no_time,19521016,test,0.7,116,62,0.6774193548387096,0.3620689655172414,0.47191011235955055,0.2923076923076923,1.1206896551724137,0.7243589743589743,0.27564102564102566,2340,645,0.8,0.5333333333333333,45,30,130,38,sec_test_0012
no_time,19521017,dev,0.0,113,14,0.7142857142857143,0.08849557522123894,0.15748031496062992,0.16,1.008849557522124,0.7315789473684211,0.26842105263157895,760,204,0.22797927461139897,0.9166666666666666,48,193,50,8,sec_dev_0000
no_time,19521017,dev,0.7,113,55,0.6545454545454545,0.3185840707964602,0.42857142857142855,0.3,1.1238938053097345,0.7163551401869159,0.2836448598130841,2140,607,0.625,0.625,48,48,120,36,sec_dev_0000
no_time,19521017,dev,0.0,111,8,0.75,0.05405405405405406,0.10084033613445378,0.18181818181818182,1.0,0.8052516411378556,0.19474835886214442,457,89,0.2062780269058296,0.92,50,223,33,6,sec_dev_0001
no_time,19521017,dev,0.7,111,49,0.5510204081632653,0.24324324324324326,0.3375,0.3275862068965517,1.1711711711711712,0.6809242871189773,0.3190757128810226,2034,649,0.5087719298245614,0.58,50,57,116,38,sec_dev_0001
no_time,19521017,dev,0.0,112,8,0.375,0.026785714285714284,0.049999999999999996,0.25,1.0089285714285714,0.6223404255319149,0.3776595744680851,376,142,0.1759656652360515,0.8367346938775511,49,233,24,6,sec_dev_0002
no_time,19521017,dev,0.7,112,54,0.6481481481481481,0.3125,0.4216867469879518,0.2631578947368421,1.0446428571428572,0.6899801587301587,0.3100198412698413,2016,625,0.5,0.6122448979591837,49,60,114,30,sec_dev_0002
no_time,19521017,dev,0.0,104,16,0.8125,0.125,0.21666666666666667,0.08333333333333333,0.9038461538461539,0.7295719844357977,0.2704280155642023,514,139,0.24761904761904763,0.9122807017543859,57,210,36,3,sec_dev_0003
no_time,19521017,dev,0.7,104,66,0.6515151515151515,0.41346153846153844,0.5058823529411764,0.2916666666666667,1.0288461538461537,0.6958715596330276,0.30412844036697245,2180,663,0.7714285714285715,0.47368421052631576,57,35,120,35,sec_dev_0003
no_time,19521017,dev,0.0,117,11,0.6363636363636364,0.05982905982905983,0.109375,0.28125,1.0256410256410255,0.6691449814126393,0.3308550185873606,538,178,0.18552036199095023,0.9318181818181818,44,221,32,9,sec_dev_0004
no_time,19521017,dev,0.7,117,55,0.6,0.28205128205128205,0.3837209302325581,0.2916666666666667,1.1282051282051282,0.6816901408450704,0.3183098591549296,2130,678,0.4716981132075472,0.5681818181818182,44,53,120,35,sec_dev_0004
no_time,19521017,dev,0.0,121,16,0.625,0.08264462809917356,0.14598540145985403,0.2727272727272727,0.9586776859504132,0.7241379310344828,0.27586206896551724,696,192,0.1778846153846154,0.925,40,208,44,12,sec_dev_0005
no_time,19521017,dev,0.7,121,65,0.6615384615384615,0.35537190082644626,0.46236559139784944,0.3140495867768595,0.9917355371900827,0.6936132201875838,0.30638677981241624,2239,686,0.5869565217391305,0.675,40,46,121,38,sec_dev_0005
no_time,19521017,dev,0.0,106,2,0.5,0.009433962264150943,0.018518518518518517,0.25,1.009433962264151,0.7848101265822784,0.21518987341772153,158,34,0.216,0.9818181818181818,55,250,12,3,sec_dev_0006
no_time,19521017,dev,0.7,106,42,0.5238095238095238,0.20754716981132076,0.29729729729729726,0.21929824561403508,1.1603773584905661,0.7365967365967365,0.2634032634032634,1716,452,0.36904761904761907,0.5636363636363636,55,84,114,25,sec_dev_0006
no_time,19521017,dev,0.0,107,9,0.4444444444444444,0.037383177570093455,0.06896551724137931,0.2903225806451613,1.0186915887850467,0.634508348794063,0.3654916512059369,539,197,0.23696682464454977,0.9259259259259259,54,211,31,9,sec_dev_0007
no_time,19521017,dev,0.7,107,46,0.5,0.21495327102803738,0.3006535947712418,0.2542372881355932,1.1869158878504673,0.6782128514056225,0.3217871485943775,1992,641,0.5263157894736842,0.5555555555555556,54,57,118,30,sec_dev_0007
no_time,19521017,dev,0.0,109,7,0.7142857142857143,0.045871559633027525,0.08620689655172413,0.1724137931034483,1.0,0.6612529002320185,0.33874709976798145,431,146,0.20982142857142858,0.9038461538461539,52,224,29,5,sec_dev_0008
no_time,19521017,dev,0.7,109,64,0.703125,0.41284403669724773,0.5202312138728324,0.32432432432432434,0.9724770642201835,0.6871770784405824,0.31282292155941754,2129,666,0.5869565217391305,0.5192307692307693,52,46,111,36,sec_dev_0008
no_time,19521017,dev,0.0,110,14,0.6428571428571429,0.08181818181818182,0.14516129032258066,0.23529411764705882,0.9818181818181818,0.7145522388059702,0.28544776119402987,536,153,0.22897196261682243,0.9607843137254902,51,214,34,8,sec_dev_0009
no_time,19521017,dev,0.7,110,51,0.6078431372549019,0.2818181818181818,0.3850931677018633,0.31896551724137934,1.1181818181818182,0.6976401179941003,0.3023598820058997,2034,615,0.5714285714285714,0.6274509803921569,51,56,116,37,sec_dev_0009
no_time,19521017,dev,0.0,104,11,0.5454545454545454,0.057692307692307696,0.10434782608695652,0.225,1.0096153846153846,0.732258064516129,0.267741935483871,620,166,0.24623115577889448,0.8596491228070176,57,199,40,9,sec_dev_0010
no_time,19521017,dev,0.7,104,49,0.5510204081632653,0.25961538461538464,0.3529411764705883,0.32142857142857145,1.2019230769230769,0.6948493683187561,0.3051506316812439,2058,628,0.6458333333333334,0.543859649122807,57,48,112,36,sec_dev_0010
no_time,19521017,dev,0.0,105,12,0.6666666666666666,0.0761904761904762,0.13675213675213674,0.175,0.9714285714285714,0.7228070175438597,0.2771929824561403,570,158,0.23414634146341465,0.8571428571428571,56,205,40,7,sec_dev_0011
no_time,19521017,dev,0.7,105,62,0.5967741935483871,0.3523809523809524,0.44311377245508987,0.3652173913043478,1.0857142857142856,0.6807256235827664,0.31927437641723355,2205,704,0.7941176470588235,0.48214285714285715,56,34,115,42,sec_dev_0011
no_time,19521017,test,0.0,110,9,0.7777777777777778,0.06363636363636363,0.1176470588235294,0.125,0.9636363636363636,0.8087431693989071,0.1912568306010929,366,70,0.2025862068965517,0.9215686274509803,51,232,24,3,sec_test_0000
no_time,19521017,test,0.7,110,46,0.5652173913043478,0.23636363636363636,0.3333333333333333,0.2672413793103448,1.190909090909091,0.7361246348588121,0.2638753651411879,2054,542,0.48148148148148145,0.5098039215686274,51,54,116,31,sec_test_0000
no_time,19521017,test,0.0,106,14,0.7142857142857143,0.09433962264150944,0.16666666666666669,0.15151515151515152,0.9528301886792453,0.757396449704142,0.24260355029585798,507,123,0.2300469483568075,0.8909090909090909,55,213,33,5,sec_test_0001
no_time,19521017,test,0.7,106,56,0.6964285714285714,0.36792452830188677,0.48148148148148145,0.23140495867768596,0.9716981132075472,0.7133881101981634,0.28661188980183666,2069,593,0.6041666666666666,0.5272727272727272,55,48,121,28,sec_test_0001
no_time,19521017,test,0.0,114,11,0.5454545454545454,0.05263157894736842,0.096,0.35294117647058826,0.9912280701754386,0.7266187050359711,0.2733812949640288,556,152,0.19907407407407407,0.9148936170212766,47,216,34,12,sec_test_0002
no_time,19521017,test,0.7,114,58,0.5172413793103449,0.2631578947368421,0.34883720930232553,0.319672131147541,1.236842105263158,0.6864716636197441,0.31352833638025596,2188,686,0.6363636363636364,0.5957446808510638,47,44,122,39,sec_test_0002
no_time,19521017,test,0.0,111,18,0.7222222222222222,0.11711711711711711,0.20155038759689922,0.2564102564102564,0.9459459459459459,0.7178002894356006,0.2821997105643994,691,195,0.21608040201005024,0.86,50,199,39,10,sec_test_0003
no_time,19521017,test,0.7,111,64,0.484375,0.27927927927927926,0.3542857142857142,0.3333333333333333,1.1531531531531531,0.6769991015274034,0.3230008984725966,2226,719,0.6842105263157895,0.52,50,38,114,38,sec_test_0003
no_time,19521017,test,0.0,109,12,1.0,0.11009174311926606,0.19834710743801653,0.15151515151515152,0.9174311926605505,0.7214700193423598,0.27852998065764023,517,144,0.2186046511627907,0.9038461538461539,52,215,33,5,sec_test_0004
no_time,19521017,test,0.7,109,51,0.5686274509803921,0.26605504587155965,0.36250000000000004,0.2818181818181818,1.091743119266055,0.7037037037037037,0.2962962962962963,1890,560,0.4142857142857143,0.5576923076923077,52,70,110,31,sec_test_0004
no_time,19521017,test,0.0,107,6,0.3333333333333333,0.018691588785046728,0.03539823008849557,0.2,1.0373831775700935,0.7438202247191011,0.25617977528089886,445,114,0.21363636363636362,0.8703703703703703,54,220,35,7,sec_test_0005
no_time,19521017,test,0.7,107,50,0.58,0.27102803738317754,0.3694267515923566,0.3391304347826087,1.1775700934579438,0.6786885245901639,0.32131147540983607,2135,686,0.6046511627906976,0.48148148148148145,54,43,115,39,sec_test_0005
no_time,19521017,test,0.0,108,3,0.6666666666666666,0.018518518518518517,0.036036036036036036,0.15789473684210525,1.0,0.7922077922077921,0.2077922077922078,231,48,0.20901639344262296,0.9622641509433962,53,244,19,3,sec_test_0006
no_time,19521017,test,0.7,108,47,0.6170212765957447,0.26851851851851855,0.37419354838709684,0.2543859649122807,1.0277777777777777,0.7306468716861081,0.26935312831389185,1886,508,0.4057971014492754,0.5283018867924528,53,69,114,29,sec_test_0006
no_time,19521017,test,0.0,112,14,0.7857142857142857,0.09821428571428571,0.1746031746031746,0.07142857142857142,0.9375,0.7640845070422535,0.23591549295774647,568,134,0.19339622641509435,0.8367346938775511,49,212,42,3,sec_test_0007
no_time,19521017,test,0.7,112,58,0.6551724137931034,0.3392857142857143,0.44705882352941173,0.2786885245901639,1.0892857142857142,0.7079524680073126,0.2920475319926874,2188,639,0.5952380952380952,0.5102040816326531,49,42,122,34,sec_test_0007
no_time,19521017,test,0.0,106,11,0.8181818181818182,0.08490566037735849,0.15384615384615385,0.12195121951219512,0.9622641509433962,0.7599243856332704,0.24007561436672967,529,127,0.23333333333333334,0.8909090909090909,55,210,41,5,sec_test_0008
no_time,19521017,test,0.7,106,52,0.5769230769230769,0.2830188679245283,0.379746835443038,0.3247863247863248,1.179245283018868,0.6925566343042071,0.3074433656957929,2163,665,0.6923076923076923,0.4909090909090909,55,39,117,38,sec_test_0008
no_time,19521017,test,0.0,108,5,0.8,0.037037037037037035,0.07079646017699115,0.09090909090909091,1.0185185185185186,0.8157248157248157,0.18427518427518427,407,75,0.2,0.8490566037735849,53,225,33,3,sec_test_0009
no_time,19521017,test,0.7,108,46,0.5217391304347826,0.2222222222222222,0.3116883116883117,0.3017241379310345,1.2222222222222223,0.7074001947419669,0.2925998052580331,2054,601,0.5,0.49056603773584906,53,52,116,35,sec_test_0009
no_time,19521017,test,0.0,110,7,0.42857142857142855,0.02727272727272727,0.05128205128205128,0.2777777777777778,1.018181818181818,0.6589403973509933,0.34105960264900664,302,103,0.200836820083682,0.9411764705882353,51,239,18,5,sec_test_0010
no_time,19521017,test,0.7,110,40,0.525,0.19090909090909092,0.28,0.24324324324324326,1.1727272727272726,0.7379988432620012,0.26200115673799884,1729,453,0.3563218390804598,0.6078431372549019,51,87,111,27,sec_test_0010
no_time,19521017,test,0.0,98,17,0.8823529411764706,0.15306122448979592,0.2608695652173913,0.17777777777777778,0.9183673469387755,0.7560283687943262,0.24397163120567375,705,172,0.2608695652173913,0.7619047619047619,63,184,45,8,sec_test_0011
no_time,19521017,test,0.7,98,58,0.5344827586206896,0.3163265306122449,0.3974358974358974,0.29310344827586204,1.1224489795918366,0.7034548944337812,0.2965451055662188,2084,618,0.6923076923076923,0.42857142857142855,63,39,116,34,sec_test_0011
no_time,19521017,test,0.0,116,14,0.7857142857142857,0.09482758620689655,0.1692307692307692,0.05714285714285714,0.9224137931034483,0.7898989898989899,0.2101010101010101,495,104,0.17410714285714285,0.8666666666666667,45,224,35,2,sec_test_0012
no_time,19521017,test,0.7,116,55,0.6363636363636364,0.3017241379310345,0.40935672514619886,0.3247863247863248,1.0603448275862069,0.705039297272307,0.29496070272769304,2163,638,0.5510204081632653,0.6,45,49,117,38,sec_test_0012
no_time,19521018,dev,0.0,113,5,0.6,0.02654867256637168,0.05084745762711864,0.15384615384615385,1.008849557522124,0.8148148148148149,0.18518518518518517,324,60,0.18410041841004185,0.9166666666666666,48,239,26,4,sec_dev_0000
no_time,19521018,dev,0.7,113,48,0.6666666666666666,0.2831858407079646,0.3975155279503106,0.1889763779527559,1.0884955752212389,0.7689492943021432,0.23105070569785677,1913,442,0.4142857142857143,0.6041666666666666,48,70,127,24,sec_dev_0000
no_time,19521018,dev,0.0,111,5,0.6,0.02702702702702703,0.05172413793103448,0.15625,0.990990990990991,0.7783505154639175,0.22164948453608246,388,86,0.2,0.92,50,230,32,5,sec_dev_0001
no_time,19521018,dev,0.7,111,46,0.6956521739130435,0.2882882882882883,0.40764331210191085,0.2336448598130841,0.963963963963964,0.7230682459108855,0.27693175408911447,1773,491,0.34523809523809523,0.58,50,84,107,25,sec_dev_0001
no_time,19521018,dev,0.0,112,1,1.0,0.008928571428571428,0.017699115044247787,0.0,0.9910714285714286,0.9152542372881356,0.0847457627118644,118,10,0.18076923076923077,0.9591836734693877,49,260,12,0,sec_dev_0002
no_time,19521018,dev,0.7,112,38,0.6842105263157895,0.23214285714285715,0.3466666666666667,0.12149532710280374,0.9732142857142857,0.7379912663755459,0.26200873362445415,1603,420,0.28431372549019607,0.5918367346938775,49,102,107,13,sec_dev_0002
no_time,19521018,dev,0.0,104,3,0.6666666666666666,0.019230769230769232,0.037383177570093455,0.11764705882352941,0.9807692307692307,0.8078817733990148,0.1921182266009852,203,39,0.21810699588477367,0.9298245614035088,57,243,17,2,sec_dev_0003
no_time,19521018,dev,0.7,104,44,0.6818181818181818,0.28846153846153844,0.4054054054054054,0.19130434782608696,1.0096153846153846,0.7558073654390935,0.2441926345609065,1765,431,0.4155844155844156,0.5614035087719298,57,77,115,22,sec_dev_0003
no_time,19521018,dev,0.0,117,13,0.9230769230769231,0.10256410256410256,0.1846153846153846,0.06451612903225806,0.905982905982906,0.8368298368298368,0.16317016317016317,429,70,0.16810344827586207,0.8863636363636364,44,232,31,2,sec_dev_0004
no_time,19521018,dev,0.7,117,55,0.7272727272727273,0.3418803418803419,0.4651162790697675,0.2619047619047619,1.0085470085470085,0.7277131782945736,0.27228682170542634,2064,562,0.5084745762711864,0.6818181818181818,44,59,126,33,sec_dev_0004
no_time,19521018,dev,0.0,121,5,1.0,0.04132231404958678,0.07936507936507936,0.0625,0.9669421487603306,0.8260869565217391,0.17391304347826086,368,64,0.1487603305785124,0.9,40,242,32,2,sec_dev_0005
no_time,19521018,dev,0.7,121,61,0.7213114754098361,0.36363636363636365,0.4835164835164835,0.22580645161290322,0.9669421487603306,0.7374136229022705,0.26258637709772953,2026,532,0.40298507462686567,0.675,40,67,124,28,sec_dev_0005
no_time,19521018,dev,0.0,106,12,0.75,0.08490566037735849,0.15254237288135594,0.07142857142857142,0.9433962264150944,0.7935323383084577,0.2064676616915423,402,83,0.22767857142857142,0.9272727272727272,55,224,28,2,sec_dev_0006
no_time,19521018,dev,0.7,106,49,0.6938775510204082,0.32075471698113206,0.4387096774193548,0.1794871794871795,0.9528301886792453,0.7531891292290627,0.24681087077093733,1803,445,0.41333333333333333,0.5636363636363636,55,75,117,21,sec_dev_0006
no_time,19521018,dev,0.0,107,5,0.8,0.037383177570093455,0.07142857142857142,0.03125,0.9719626168224299,0.7960893854748603,0.20391061452513967,358,73,0.20087336244541484,0.8518518518518519,54,229,32,1,sec_dev_0007
no_time,19521018,dev,0.7,107,51,0.6862745098039216,0.32710280373831774,0.44303797468354433,0.23728813559322035,1.0186915887850467,0.7092445328031809,0.2907554671968191,2012,585,0.4909090909090909,0.5,54,55,118,28,sec_dev_0007
no_time,19521018,dev,0.0,109,8,0.75,0.05504587155963303,0.10256410256410257,0.0975609756097561,0.981651376146789,0.7081174438687392,0.2918825561312608,579,169,0.20192307692307693,0.8076923076923077,52,208,41,4,sec_dev_0008
no_time,19521018,dev,0.7,109,51,0.6274509803921569,0.29357798165137616,0.4,0.25806451612903225,1.18348623853211,0.7136542239685658,0.2863457760314342,2036,583,0.5370370370370371,0.5576923076923077,52,54,124,32,sec_dev_0008
no_time,19521018,dev,0.0,110,2,0.5,0.00909090909090909,0.01785714285714286,0.06666666666666667,0.990909090909091,0.832258064516129,0.16774193548387098,155,26,0.19291338582677164,0.9607843137254902,51,254,15,1,sec_dev_0009
no_time,19521018,dev,0.7,110,45,0.8222222222222222,0.33636363636363636,0.4774193548387097,0.1588785046728972,0.8363636363636363,0.7751078250154035,0.22489217498459643,1623,365,0.32653061224489793,0.6274509803921569,51,98,107,17,sec_dev_0009
no_time,19521018,dev,0.0,104,7,0.8571428571428571,0.057692307692307696,0.1081081081081081,0.14285714285714285,0.9807692307692307,0.7910112359550562,0.20898876404494382,445,93,0.2350230414746544,0.8947368421052632,57,217,35,5,sec_dev_0010
no_time,19521018,dev,0.7,104,56,0.6785714285714286,0.36538461538461536,0.475,0.2,1.0,0.7483204134366925,0.25167958656330747,1935,487,0.5084745762711864,0.5263157894736842,57,59,125,25,sec_dev_0010
no_time,19521018,dev,0.0,105,12,0.8333333333333334,0.09523809523809523,0.17094017094017092,0.10810810810810811,0.9333333333333333,0.8012170385395537,0.19878296146044624,493,98,0.23943661971830985,0.9107142857142857,56,213,37,4,sec_dev_0011
no_time,19521018,dev,0.7,105,52,0.5961538461538461,0.29523809523809524,0.3949044585987262,0.224,1.1047619047619048,0.7648578811369509,0.2351421188630491,1935,455,0.5,0.5357142857142857,56,60,125,28,sec_dev_0011
no_time,19521018,test,0.0,110,3,0.6666666666666666,0.01818181818181818,0.035398230088495575,0.05,0.9818181818181818,0.8318181818181818,0.16818181818181818,220,37,0.19433198380566802,0.9411764705882353,51,247,20,1,sec_test_0000
no_time,19521018,test,0.7,110,37,0.8108108108108109,0.2727272727272727,0.40816326530612246,0.1415929203539823,0.9818181818181818,0.7971727105101414,0.20282728948985865,1627,330,0.35051546391752575,0.6666666666666666,51,97,113,16,sec_test_0000
no_time,19521018,test,0.0,106,5,1.0,0.04716981132075472,0.09009009009009009,0.038461538461538464,0.9622641509433962,0.8299319727891157,0.17006802721088435,294,50,0.2170212765957447,0.9272727272727272,55,235,26,1,sec_test_0001
no_time,19521018,test,0.7,106,52,0.6538461538461539,0.32075471698113206,0.430379746835443,0.21008403361344538,0.9811320754716981,0.7198342827550492,0.2801657172449508,1931,541,0.4838709677419355,0.5454545454545454,55,62,119,25,sec_test_0001
no_time,19521018,test,0.0,114,4,0.5,0.017543859649122806,0.033898305084745756,0.10526315789473684,1.0,0.8341232227488151,0.16587677725118483,211,35,0.18253968253968253,0.9787234042553191,47,252,19,2,sec_test_0002
no_time,19521018,test,0.7,114,44,0.5909090909090909,0.22807017543859648,0.32911392405063294,0.24074074074074073,1.0789473684210527,0.7366071428571428,0.26339285714285715,1792,472,0.36470588235294116,0.6595744680851063,47,85,108,26,sec_test_0002
no_time,19521018,test,0.0,111,0,0.0,0.0,0.0,0.1111111111111111,1.009009009009009,0.7692307692307692,0.23076923076923078,91,21,0.183206106870229,0.96,50,262,9,1,sec_test_0003
no_time,19521018,test,0.7,111,28,0.5714285714285714,0.14414414414414414,0.2302158273381295,0.13274336283185842,1.162162162162162,0.783012607830126,0.21698739216987392,1507,327,0.2909090909090909,0.64,50,110,113,15,sec_test_0003
no_time,19521018,test,0.0,109,4,1.0,0.03669724770642202,0.07079646017699115,0.0,0.9724770642201835,0.8652849740932642,0.13471502590673576,193,26,0.20080321285140562,0.9615384615384616,52,249,17,0,sec_test_0004
no_time,19521018,test,0.7,109,44,0.6590909090909091,0.26605504587155965,0.3790849673202614,0.2018348623853211,1.0091743119266054,0.7384799521244764,0.26152004787552363,1671,437,0.34782608695652173,0.6153846153846154,52,92,109,22,sec_test_0004
no_time,19521018,test,0.0,107,8,0.75,0.056074766355140186,0.10434782608695652,0.06451612903225806,0.9813084112149533,0.7894736842105263,0.21052631578947367,399,84,0.2088888888888889,0.8703703703703703,54,225,31,2,sec_test_0005
no_time,19521018,test,0.7,107,52,0.5961538461538461,0.2897196261682243,0.38993710691823896,0.24193548387096775,1.1401869158878504,0.7263969171483622,0.27360308285163776,2076,568,0.5416666666666666,0.48148148148148145,54,48,124,30,sec_test_0005
no_time,19521018,test,0.0,108,0,0.0,0.0,0.0,0.1111111111111111,1.0,0.7425742574257426,0.25742574257425743,101,26,0.1937984496124031,0.9433962264150944,53,258,9,1,sec_test_0006
no_time,19521018,test,0.7,108,38,0.6842105263157895,0.24074074074074073,0.3561643835616438,0.20535714285714285,1.0833333333333333,0.7427240977881258,0.2572759022118743,1718,442,0.37209302325581395,0.6037735849056604,53,86,112,23,sec_test_0006
no_time,19521018,test,0.0,112,7,1.0,0.0625,0.11764705882352941,0.0,0.9375,0.8017241379310345,0.19827586206896552,232,46,0.18951612903225806,0.9591836734693877,49,248,18,0,sec_test_0007
no_time,19521018,test,0.7,112,43,0.7441860465116279,0.2857142857142857,0.4129032258064516,0.1282051282051282,0.9464285714285714,0.7888009738283628,0.21119902617163724,1643,347,0.29896907216494845,0.5918367346938775,49,97,117,15,sec_test_0007
no_time,19521018,test,0.0,106,6,1.0,0.05660377358490566,0.10714285714285715,0.03125,0.9811320754716981,0.8097826086956521,0.19021739130434784,368,70,0.22026431718061673,0.9090909090909091,55,227,32,1,sec_test_0008
no_time,19521018,test,0.7,106,44,0.6363636363636364,0.2641509433962264,0.3733333333333333,0.2231404958677686,1.1226415094339623,0.7429483767961682,0.25705162320383185,1879,483,0.4626865671641791,0.5636363636363636,55,67,121,27,sec_test_0008
no_time,19521018,test,0.0,108,6,0.8333333333333334,0.046296296296296294,0.08771929824561403,0.16666666666666666,0.9814814814814815,0.7182539682539683,0.28174603174603174,252,71,0.2066115702479339,0.9433962264150944,53,242,18,3,sec_test_0009
no_time,19521018,test,0.7,108,39,0.6666666666666666,0.24074074074074073,0.35374149659863946,0.22950819672131148,1.1759259259259258,0.7875417130144605,0.21245828698553948,1798,382,0.4025974025974026,0.5849056603773585,53,77,122,28,sec_test_0009
no_time,19521018,test,0.0,110,3,0.6666666666666666,0.01818181818181818,0.035398230088495575,0.0,0.990909090909091,0.896969696969697,0.10303030303030303,165,17,0.19367588932806323,0.9607843137254902,51,253,15,0,sec_test_0010
no_time,19521018,test,0.7,110,41,0.8048780487804879,0.3,0.43708609271523174,0.15384615384615385,0.8454545454545455,0.7629255989911727,0.23707440100882723,1586,376,0.3137254901960784,0.6274509803921569,51,102,104,16,sec_test_0010
no_time,19521018,test,0.0,98,4,1.0,0.04081632653061224,0.07843137254901959,0.03333333333333333,0.9693877551020408,0.8242424242424242,0.17575757575757575,330,58,0.22869955156950672,0.8095238095238095,63,223,30,1,sec_test_0011
no_time,19521018,test,0.7,98,49,0.7755102040816326,0.3877551020408163,0.5170068027210885,0.1826086956521739,0.8877551020408163,0.737669376693767,0.2623306233062331,1845,484,0.49206349206349204,0.49206349206349204,63,63,115,21,sec_test_0011
no_time,19521018,test,0.0,116,4,1.0,0.034482758620689655,0.06666666666666667,0.0,0.9655172413793104,0.8153846153846154,0.18461538461538463,130,24,0.17110266159695817,1.0,45,263,10,0,sec_test_0012
no_time,19521018,test,0.7,116,45,0.7777777777777778,0.3017241379310345,0.43478260869565216,0.16379310344827586,0.9482758620689655,0.7795698924731183,0.22043010752688172,1674,369,0.30612244897959184,0.6666666666666666,45,98,116,19,sec_test_0012
no_time,19521019,dev,0.0,113,30,0.7333333333333333,0.19469026548672566,0.3076923076923077,0.2073170731707317,1.0176991150442478,0.7345276872964169,0.26547231270358307,1228,326,0.27972027972027974,0.8333333333333334,48,143,82,17,sec_dev_0000
no_time,19521019,dev,0.7,113,61,0.5081967213114754,0.2743362831858407,0.3563218390804598,0.38095238095238093,1.2831858407079646,0.7005323868677906,0.29946761313220943,2254,675,0.7777777777777778,0.5833333333333334,48,36,126,48,sec_dev_0000
no_time,19521019,dev,0.0,111,19,0.5263157894736842,0.09009009009009009,0.15384615384615385,0.171875,1.054054054054054,0.678714859437751,0.321285140562249,996,320,0.21084337349397592,0.7,50,166,64,11,sec_dev_0001
no_time,19521019,dev,0.7,111,47,0.574468085106383,0.24324324324324326,0.3417721518987342,0.264,1.2162162162162162,0.6878859857482185,0.3121140142517815,2105,657,0.5918367346938775,0.58,50,49,125,33,sec_dev_0001
no_time,19521019,dev,0.0,112,21,0.7142857142857143,0.13392857142857142,0.22556390977443608,0.1780821917808219,1.0,0.718338399189463,0.281661600810537,987,278,0.23353293413173654,0.7959183673469388,49,167,73,13,sec_dev_0002
no_time,19521019,dev,0.7,112,55,0.6909090909090909,0.3392857142857143,0.4550898203592814,0.21774193548387097,1.0446428571428572,0.6790571169537625,0.3209428830462375,2206,708,0.7,0.5714285714285714,49,40,124,27,sec_dev_0002
no_time,19521019,dev,0.0,104,25,0.88,0.21153846153846154,0.34108527131782945,0.15625,0.8846153846153846,0.7279116465863453,0.2720883534136546,996,271,0.27044025157232704,0.7543859649122807,57,159,64,10,sec_dev_0003
no_time,19521019,dev,0.7,104,50,0.76,0.36538461538461536,0.49350649350649345,0.23931623931623933,1.0288461538461537,0.7118141374196738,0.28818586258032625,2023,583,0.5686274509803921,0.5087719298245614,57,51,117,28,sec_dev_0003
no_time,19521019,dev,0.0,117,27,0.8148148148148148,0.18803418803418803,0.3055555555555556,0.14285714285714285,0.8717948717948718,0.7334070796460177,0.2665929203539823,904,241,0.21428571428571427,0.8863636363636364,44,182,56,8,sec_dev_0004
no_time,19521019,dev,0.7,117,66,0.7121212121212122,0.4017094017094017,0.5136612021857924,0.2956521739130435,0.905982905982906,0.7053364269141531,0.29466357308584684,2155,635,0.5686274509803921,0.6590909090909091,44,51,115,34,sec_dev_0004
no_time,19521019,dev,0.0,121,35,0.8,0.23140495867768596,0.35897435897435903,0.14285714285714285,0.9338842975206612,0.7407704654895666,0.2592295345104334,1246,323,0.2214765100671141,0.825,40,149,84,12,sec_dev_0005
no_time,19521019,dev,0.7,121,68,0.6617647058823529,0.371900826446281,0.47619047619047616,0.3308270676691729,1.1239669421487604,0.7039964866051822,0.29600351339481773,2277,674,0.6341463414634146,0.65,40,41,133,44,sec_dev_0005
no_time,19521019,dev,0.0,106,22,0.9090909090909091,0.18867924528301888,0.3125,0.08955223880597014,0.9245283018867925,0.7820372398685651,0.21796276013143484,913,199,0.26627218934911245,0.8181818181818182,55,169,67,6,sec_dev_0006
no_time,19521019,dev,0.7,106,57,0.7192982456140351,0.3867924528301887,0.5030674846625767,0.2,0.9622641509433962,0.7357664233576642,0.26423357664233577,2055,543,0.5918367346938775,0.5272727272727272,55,49,125,25,sec_dev_0006
no_time,19521019,dev,0.0,107,29,0.6551724137931034,0.17757009345794392,0.27941176470588236,0.20833333333333334,0.9906542056074766,0.6985688729874777,0.30143112701252234,1118,337,0.28187919463087246,0.7777777777777778,54,149,72,15,sec_dev_0007
no_time,19521019,dev,0.7,107,50,0.68,0.3177570093457944,0.43312101910828027,0.21311475409836064,1.0841121495327102,0.7093023255813953,0.29069767441860467,1978,575,0.4482758620689655,0.48148148148148145,54,58,122,26,sec_dev_0007
no_time,19521019,dev,0.0,109,24,0.7083333333333334,0.1559633027522936,0.2556390977443609,0.15,0.9541284403669725,0.7333333333333334,0.26666666666666666,930,248,0.2222222222222222,0.7307692307692307,52,171,60,9,sec_dev_0008
no_time,19521019,dev,0.7,109,52,0.6923076923076923,0.3302752293577982,0.4472049689440994,0.2956521739130435,1.055045871559633,0.697423887587822,0.30257611241217797,2135,646,0.6,0.5192307692307693,52,45,115,34,sec_dev_0008
no_time,19521019,dev,0.0,110,32,0.65625,0.19090909090909092,0.295774647887324,0.2289156626506024,1.0454545454545454,0.7264957264957265,0.27350427350427353,1287,352,0.29850746268656714,0.7843137254901961,51,134,83,19,sec_dev_0009
no_time,19521019,dev,0.7,110,55,0.5636363636363636,0.2818181818181818,0.37575757575757573,0.3046875,1.2272727272727273,0.7034203420342033,0.2965796579657966,2222,659,0.75,0.5294117647058824,51,36,128,39,sec_dev_0009
no_time,19521019,dev,0.0,104,28,0.75,0.20192307692307693,0.31818181818181823,0.13513513513513514,0.9519230769230769,0.7394106813996317,0.2605893186003683,1086,283,0.28859060402684567,0.7543859649122807,57,149,74,10,sec_dev_0010
no_time,19521019,dev,0.7,104,60,0.6333333333333333,0.36538461538461536,0.46341463414634143,0.23015873015873015,1.0769230769230769,0.7224334600760456,0.27756653992395436,2104,584,0.6190476190476191,0.45614035087719296,57,42,126,29,sec_dev_0010
no_time,19521019,dev,0.0,105,28,0.6428571428571429,0.17142857142857143,0.2706766917293233,0.2807017543859649,0.9619047619047619,0.7311178247734139,0.2688821752265861,993,267,0.2546583850931677,0.7321428571428571,56,161,57,16,sec_dev_0011
no_time,19521019,dev,0.7,105,56,0.5535714285714286,0.29523809523809524,0.38509316770186336,0.2831858407079646,1.0857142857142856,0.7113961519486927,0.28860384805130734,2027,585,0.5192307692307693,0.48214285714285715,56,52,113,32,sec_dev_0011
no_time,19521019,test,0.0,110,28,0.75,0.19090909090909092,0.30434782608695654,0.18032786885245902,0.9090909090909091,0.7777777777777778,0.2222222222222222,999,222,0.24242424242424243,0.7843137254901961,51,165,61,11,sec_test_0000
no_time,19521019,test,0.7,110,56,0.5714285714285714,0.2909090909090909,0.38554216867469876,0.3114754098360656,1.1727272727272726,0.7409867172675522,0.25901328273244784,2108,546,0.6041666666666666,0.5686274509803921,51,48,122,38,sec_test_0000
no_time,19521019,test,0.0,106,35,0.7428571428571429,0.24528301886792453,0.36879432624113473,0.1780821917808219,0.8962264150943396,0.7236731255265375,0.2763268744734625,1187,328,0.3049645390070922,0.7818181818181819,55,141,73,13,sec_test_0001
no_time,19521019,test,0.7,106,62,0.6290322580645161,0.36792452830188677,0.4642857142857143,0.25396825396825395,1.0660377358490567,0.720532319391635,0.279467680608365,2104,588,0.7045454545454546,0.5636363636363636,55,44,126,32,sec_test_0001
no_time,19521019,test,0.0,114,27,0.4444444444444444,0.10526315789473684,0.1702127659574468,0.4074074074074074,1.0350877192982457,0.6629098360655737,0.33709016393442626,976,329,0.21511627906976744,0.7872340425531915,47,172,54,22,sec_test_0002
no_time,19521019,test,0.7,114,59,0.559322033898305,0.2894736842105263,0.38150289017341044,0.37168141592920356,1.1842105263157894,0.6780978509373571,0.3219021490626429,2187,704,0.5777777777777777,0.5531914893617021,47,45,113,42,sec_test_0002
no_time,19521019,test,0.0,111,19,0.631578947368421,0.10810810810810811,0.18461538461538465,0.17105263157894737,1.1081081081081081,0.7840236686390533,0.21597633136094674,1014,219,0.22085889570552147,0.72,50,163,76,13,sec_test_0003
no_time,19521019,test,0.7,111,53,0.5849056603773585,0.27927927927927926,0.3780487804878049,0.2698412698412698,1.1801801801801801,0.7171239356669821,0.282876064333018,2114,598,0.5833333333333334,0.56,50,48,126,34,sec_test_0003
no_time,19521019,test,0.0,109,28,0.75,0.1926605504587156,0.3065693430656935,0.16923076923076924,0.926605504587156,0.7033816425120774,0.2966183574879227,1035,307,0.25,0.7692307692307693,52,160,65,11,sec_test_0004
no_time,19521019,test,0.7,109,58,0.6379310344827587,0.3394495412844037,0.44311377245508987,0.24166666666666667,1.018348623853211,0.7127450980392157,0.2872549019607843,2040,586,0.5370370370370371,0.5576923076923077,52,54,120,29,sec_test_0004
no_time,19521019,test,0.0,107,26,0.8461538461538461,0.205607476635514,0.33082706766917297,0.1875,0.9345794392523364,0.7407407407407407,0.25925925925925924,1026,266,0.2578616352201258,0.7592592592592593,54,159,64,12,sec_test_0005
no_time,19521019,test,0.7,107,54,0.6111111111111112,0.308411214953271,0.40993788819875776,0.2711864406779661,1.0654205607476634,0.7262487757100882,0.27375122428991183,2042,559,0.5576923076923077,0.5370370370370371,54,52,118,32,sec_test_0005
no_time,19521019,test,0.0,108,22,0.5454545454545454,0.1111111111111111,0.1846153846153846,0.20967741935483872,1.0277777777777777,0.7402862985685071,0.25971370143149286,978,254,0.2545454545454545,0.7924528301886793,53,165,62,13,sec_test_0006
no_time,19521019,test,0.7,108,49,0.5918367346938775,0.26851851851851855,0.36942675159235666,0.30434782608695654,1.1759259259259258,0.6924574209245742,0.3075425790754258,2055,632,0.5,0.49056603773584906,53,52,115,35,sec_test_0006
no_time,19521019,test,0.0,112,22,0.6818181818181818,0.13392857142857142,0.22388059701492538,0.18461538461538463,1.0,0.7419689119170985,0.25803108808290154,965,249,0.21764705882352942,0.7551020408163265,49,170,65,12,sec_test_0007
no_time,19521019,test,0.7,112,57,0.631578947368421,0.32142857142857145,0.42603550295857995,0.22131147540983606,1.0446428571428572,0.7169540229885057,0.28304597701149425,2088,591,0.5192307692307693,0.5510204081632653,49,52,122,27,sec_test_0007
no_time,19521019,test,0.0,106,23,0.6956521739130435,0.1509433962264151,0.24806201550387597,0.17647058823529413,1.009433962264151,0.7624750499001995,0.2375249500998004,1002,238,0.24375,0.7090909090909091,55,160,68,12,sec_test_0008
no_time,19521019,test,0.7,106,52,0.5769230769230769,0.2830188679245283,0.379746835443038,0.2542372881355932,1.150943396226415,0.7284136546184738,0.2715863453815261,1992,541,0.5178571428571429,0.5272727272727272,55,56,118,30,sec_test_0008
no_time,19521019,test,0.0,108,21,0.7619047619047619,0.14814814814814814,0.24806201550387597,0.13636363636363635,0.9629629629629629,0.7544378698224852,0.2455621301775148,1014,249,0.2360248447204969,0.7169811320754716,53,161,66,9,sec_test_0009
no_time,19521019,test,0.7,108,50,0.56,0.25925925925925924,0.35443037974683544,0.29411764705882354,1.1759259259259258,0.7165649929610511,0.28343500703894886,2131,604,0.5681818181818182,0.4716981132075472,53,44,119,35,sec_test_0009
no_time,19521019,test,0.0,110,19,0.8947368421052632,0.15454545454545454,0.26356589147286824,0.1111111111111111,0.9363636363636364,0.8015463917525774,0.19845360824742267,776,154,0.22872340425531915,0.8431372549019608,51,188,54,6,sec_test_0010
no_time,19521019,test,0.7,110,47,0.6808510638297872,0.2909090909090909,0.40764331210191085,0.2619047619047619,1.1363636363636365,0.7420159680638723,0.25798403193612773,2004,517,0.4482758620689655,0.5098039215686274,51,58,126,33,sec_test_0010
no_time,19521019,test,0.0,98,20,0.7,0.14285714285714285,0.23728813559322035,0.16901408450704225,1.0510204081632653,0.7281648675171737,0.2718351324828263,1019,277,0.3,0.7142857142857143,63,150,71,12,sec_test_0011
no_time,19521019,test,0.7,98,45,0.5111111111111111,0.23469387755102042,0.32167832167832167,0.2966101694915254,1.2346938775510203,0.7063572149344097,0.29364278506559033,1982,582,0.5918367346938775,0.4603174603174603,63,49,118,35,sec_test_0011
no_time,19521019,test,0.0,116,23,0.782608695652174,0.15517241379310345,0.2589928057553957,0.2465753424657534,1.0258620689655173,0.7256385998107853,0.27436140018921473,1057,290,0.2073170731707317,0.7555555555555555,45,164,73,18,sec_test_0012
no_time,19521019,test,0.7,116,57,0.6491228070175439,0.31896551724137934,0.42774566473988446,0.3181818181818182,1.1982758620689655,0.7200176366843034,0.27998236331569665,2268,635,0.7027027027027027,0.5777777777777777,45,37,132,42,sec_test_0012
no_time,19521020,dev,0.0,113,27,0.5555555555555556,0.13274336283185842,0.21428571428571433,0.2318840579710145,1.0707964601769913,0.7234042553191489,0.2765957446808511,1081,299,0.2578616352201258,0.8541666666666666,48,159,69,16,sec_dev_0000
no_time,19521020,dev,0.7,113,60,0.5833333333333334,0.30973451327433627,0.4046242774566474,0.2074074074074074,1.168141592920354,0.7563549160671463,0.24364508393285372,2085,508,0.5384615384615384,0.5833333333333334,48,52,135,28,sec_dev_0000
no_time,19521020,dev,0.0,111,22,0.7272727272727273,0.14414414414414414,0.2406015037593985,0.24074074074074073,0.963963963963964,0.7307692307692308,0.2692307692307692,936,252,0.2254335260115607,0.78,50,173,54,13,sec_dev_0001
no_time,19521020,dev,0.7,111,59,0.6440677966101694,0.34234234234234234,0.4470588235294118,0.26356589147286824,1.09009009009009,0.720581553839164,0.279418446160836,2201,615,0.6666666666666666,0.52,50,39,129,34,sec_dev_0001
no_time,19521020,dev,0.0,112,15,0.7333333333333333,0.09821428571428571,0.1732283464566929,0.13513513513513514,0.9553571428571429,0.7296849087893864,0.2703150912106136,603,163,0.19138755980861244,0.8163265306122449,49,209,37,5,sec_dev_0002
no_time,19521020,dev,0.7,112,52,0.6730769230769231,0.3125,0.426829268292683,0.22131147540983606,1.0357142857142858,0.7160367722165475,0.2839632277834525,1958,556,0.4153846153846154,0.5510204081632653,49,65,122,27,sec_dev_0002
no_time,19521020,dev,0.0,104,18,0.8333333333333334,0.14423076923076922,0.24590163934426226,0.10344827586206896,0.9326923076923077,0.8044041450777202,0.1955958549222798,772,151,0.25274725274725274,0.8070175438596491,57,182,58,6,sec_dev_0003
no_time,19521020,dev,0.7,104,58,0.6724137931034483,0.375,0.4814814814814814,0.20610687022900764,1.1057692307692308,0.7395112955278931,0.260488704472107,2169,565,0.7714285714285715,0.47368421052631576,57,35,131,27,sec_dev_0003
no_time,19521020,dev,0.0,117,25,0.76,0.1623931623931624,0.26760563380281693,0.2537313432835821,1.0,0.7561196736174071,0.24388032638259294,1103,269,0.2236024844720497,0.8181818181818182,44,161,67,17,sec_dev_0004
no_time,19521020,dev,0.7,117,55,0.6545454545454545,0.3076923076923077,0.4186046511627907,0.2553191489361702,1.188034188034188,0.7295263390880921,0.27047366091190794,2259,611,0.6578947368421053,0.5681818181818182,44,38,141,36,sec_dev_0004
no_time,19521020,dev,0.0,121,23,0.782608695652174,0.1487603305785124,0.25,0.1774193548387097,0.9917355371900827,0.755011135857461,0.24498886414253898,898,220,0.1881720430107527,0.875,40,186,62,11,sec_dev_0005
no_time,19521020,dev,0.7,121,68,0.8235294117647058,0.4628099173553719,0.5925925925925926,0.20833333333333334,0.9504132231404959,0.7379702537182853,0.26202974628171477,2286,599,0.6923076923076923,0.675,40,39,144,30,sec_dev_0005
no_time,19521020,dev,0.0,106,15,0.6,0.08490566037735849,0.1487603305785124,0.20930232558139536,1.0188679245283019,0.7656012176560122,0.2343987823439878,657,154,0.22842639593908629,0.8181818181818182,55,197,43,9,sec_dev_0006
no_time,19521020,dev,0.7,106,45,0.6666666666666666,0.2830188679245283,0.3973509933774834,0.16666666666666666,1.1603773584905661,0.7730532786885246,0.22694672131147542,1952,443,0.4827586206896552,0.509090909090909,55,58,138,23,sec_dev_0006
no_time,19521020,dev,0.0,107,26,0.6538461538461539,0.1588785046728972,0.2556390977443609,0.1896551724137931,0.9532710280373832,0.6963519313304721,0.30364806866952787,932,283,0.2603550295857988,0.8148148148148148,54,169,58,11,sec_dev_0007
no_time,19521020,dev,0.7,107,57,0.5964912280701754,0.3177570093457944,0.4146341463414634,0.2698412698412698,1.102803738317757,0.6875580315691736,0.3124419684308264,2154,673,0.675,0.5,54,40,126,34,sec_dev_0007
no_time,19521020,dev,0.0,109,16,0.75,0.11009174311926606,0.192,0.18867924528301888,1.0091743119266054,0.7516087516087516,0.2483912483912484,777,193,0.22459893048128343,0.8076923076923077,52,187,53,10,sec_dev_0008
no_time,19521020,dev,0.7,109,53,0.660377358490566,0.3211009174311927,0.4320987654320988,0.26717557251908397,1.128440366972477,0.7289073305670817,0.2710926694329184,2169,588,0.675,0.5192307692307693,52,40,131,35,sec_dev_0008
no_time,19521020,dev,0.0,110,24,0.6666666666666666,0.14545454545454545,0.23880597014925373,0.21875,1.009090909090909,0.7343096234309623,0.26569037656903766,956,254,0.28402366863905326,0.9411764705882353,51,169,64,14,sec_dev_0009
no_time,19521020,dev,0.7,110,55,0.6909090909090909,0.34545454545454546,0.4606060606060606,0.2992125984251969,1.1272727272727272,0.7185655923740354,0.2814344076259646,2203,620,0.6842105263157895,0.5098039215686274,51,38,127,38,sec_dev_0009
no_time,19521020,dev,0.0,104,21,0.7619047619047619,0.15384615384615385,0.256,0.20833333333333334,0.9230769230769231,0.7927461139896373,0.20725388601036268,772,160,0.2786885245901639,0.8947368421052632,57,183,48,10,sec_dev_0010
no_time,19521020,dev,0.7,104,57,0.7368421052631579,0.40384615384615385,0.5217391304347826,0.23140495867768596,0.9519230769230769,0.7538769384692346,0.24612306153076538,1999,492,0.5849056603773585,0.543859649122807,57,53,121,28,sec_dev_0010
no_time,19521020,dev,0.0,105,32,0.6875,0.20952380952380953,0.32116788321167883,0.1728395061728395,0.9714285714285714,0.7820186598812553,0.2179813401187447,1179,257,0.29285714285714287,0.7321428571428571,56,140,81,14,sec_dev_0011
no_time,19521020,dev,0.7,105,66,0.6515151515151515,0.4095238095238095,0.5029239766081871,0.19708029197080293,1.0476190476190477,0.7516718680338832,0.2483281319661168,2243,557,0.8928571428571429,0.44642857142857145,56,28,137,27,sec_dev_0011
no_time,19521020,test,0.0,110,20,0.75,0.13636363636363635,0.23076923076923075,0.23529411764705882,0.9727272727272728,0.7693282636248415,0.23067173637515842,789,182,0.2192513368983957,0.803921568627451,51,187,51,12,sec_test_0000
no_time,19521020,test,0.7,110,60,0.75,0.4090909090909091,0.5294117647058824,0.25190839694656486,0.990909090909091,0.758376592732421,0.24162340726757905,2119,512,0.6521739130434783,0.5882352941176471,51,46,131,33,sec_test_0000
no_time,19521020,test,0.0,106,23,0.6956521739130435,0.1509433962264151,0.24806201550387597,0.14035087719298245,0.9811320754716981,0.7844727694090382,0.21552723059096177,863,186,0.25142857142857145,0.8,55,175,57,8,sec_test_0001
no_time,19521020,test,0.7,106,56,0.75,0.39622641509433965,0.5185185185185185,0.16911764705882354,1.028301886792453,0.7621268656716418,0.23787313432835822,2144,510,0.717948717948718,0.509090909090909,55,39,136,23,sec_test_0001
no_time,19521020,test,0.0,114,22,0.9090909090909091,0.17543859649122806,0.2941176470588235,0.23076923076923078,0.9298245614035088,0.7482915717539863,0.2517084282460137,878,221,0.21428571428571427,0.8297872340425532,47,182,52,12,sec_test_0002
no_time,19521020,test,0.7,114,56,0.7321428571428571,0.35964912280701755,0.48235294117647054,0.24603174603174602,1.0789473684210527,0.7208872458410351,0.27911275415896486,2164,604,0.6086956521739131,0.5957446808510638,47,46,126,31,sec_test_0002
no_time,19521020,test,0.0,111,23,0.6956521739130435,0.14414414414414414,0.23880597014925373,0.19117647058823528,1.0,0.716572504708098,0.2834274952919021,1062,301,0.20125786163522014,0.64,50,159,68,13,sec_test_0003
no_time,19521020,test,0.7,111,57,0.631578947368421,0.32432432432432434,0.42857142857142855,0.25190839694656486,1.1441441441441442,0.7158737216540685,0.2841262783459315,2249,639,0.7647058823529411,0.52,50,34,131,33,sec_test_0003
no_time,19521020,test,0.0,109,18,0.8333333333333334,0.13761467889908258,0.2362204724409449,0.11320754716981132,0.963302752293578,0.7846763540290621,0.21532364597093792,757,163,0.2275132275132275,0.8269230769230769,52,189,53,6,sec_test_0004
no_time,19521020,test,0.7,109,53,0.6981132075471698,0.3394495412844037,0.4567901234567901,0.216,1.0091743119266054,0.7637717121588089,0.23622828784119107,2015,476,0.4642857142857143,0.5,52,56,125,27,sec_test_0004
no_time,19521020,test,0.0,107,24,0.7083333333333334,0.1588785046728972,0.2595419847328244,0.20689655172413793,0.9626168224299065,0.7736051502145923,0.22639484978540772,932,211,0.2603550295857988,0.8148148148148148,54,169,58,12,sec_test_0005
no_time,19521020,test,0.7,107,58,0.6896551724137931,0.37383177570093457,0.48484848484848486,0.22058823529411764,1.0841121495327102,0.7562388591800356,0.24376114081996436,2244,547,0.8333333333333334,0.46296296296296297,54,30,136,30,sec_test_0005
no_time,19521020,test,0.0,108,18,0.6666666666666666,0.1111111111111111,0.1904761904761905,0.09803921568627451,0.9537037037037037,0.7658998646820028,0.23410013531799728,739,173,0.21578947368421053,0.7735849056603774,53,190,51,5,sec_test_0006
no_time,19521020,test,0.7,108,60,0.7,0.3888888888888889,0.5,0.24603174603174602,1.0462962962962963,0.7484047402005469,0.2515952597994531,2194,552,0.7297297297297297,0.5094339622641509,53,37,126,31,sec_test_0006
no_time,19521020,test,0.0,112,29,0.7241379310344828,0.1875,0.29787234042553196,0.17647058823529413,0.9553571428571429,0.7531194295900179,0.24688057040998218,1122,277,0.24025974025974026,0.7551020408163265,49,154,68,12,sec_test_0007
no_time,19521020,test,0.7,112,59,0.5932203389830508,0.3125,0.40935672514619886,0.30952380952380953,1.1428571428571428,0.7348901098901099,0.2651098901098901,2184,579,0.6190476190476191,0.5306122448979592,49,42,126,39,sec_test_0007
no_time,19521020,test,0.0,106,20,0.6,0.11320754716981132,0.1904761904761905,0.1527777777777778,1.0471698113207548,0.7576687116564418,0.24233128834355827,978,237,0.25925925925925924,0.7636363636363637,55,162,72,11,sec_test_0008
no_time,19521020,test,0.7,106,63,0.5873015873015873,0.3490566037735849,0.4378698224852071,0.24615384615384617,1.1320754716981132,0.7235294117647059,0.27647058823529413,2210,611,0.8181818181818182,0.4909090909090909,55,33,130,32,sec_test_0008
no_time,19521020,test,0.0,108,12,0.8333333333333334,0.09259259259259259,0.16666666666666666,0.10204081632653061,1.0092592592592593,0.8161648177496038,0.1838351822503962,631,116,0.22388059701492538,0.8490566037735849,53,201,49,5,sec_test_0009
no_time,19521020,test,0.7,108,53,0.6415094339622641,0.3148148148148148,0.422360248447205,0.25833333333333336,1.0740740740740742,0.7584158415841584,0.24158415841584158,2020,488,0.5636363636363636,0.5849056603773585,53,55,120,31,sec_test_0009
no_time,19521020,test,0.0,110,19,0.6842105263157895,0.11818181818181818,0.20155038759689922,0.17543859649122806,1.0272727272727273,0.7784290738569754,0.22157092614302462,853,189,0.2222222222222222,0.7843137254901961,51,180,57,10,sec_test_0010
no_time,19521020,test,0.7,110,51,0.6862745098039216,0.3181818181818182,0.43478260869565216,0.20437956204379562,1.1454545454545455,0.7553750597228859,0.24462494027711418,2093,512,0.5625,0.5294117647058824,51,48,137,28,sec_test_0010
no_time,19521020,test,0.0,98,29,0.5517241379310345,0.16326530612244897,0.25196850393700787,0.18840579710144928,0.9489795918367347,0.7286821705426356,0.2713178294573643,1161,315,0.2867647058823529,0.6190476190476191,63,136,69,13,sec_test_0011
no_time,19521020,test,0.7,98,66,0.6060606060606061,0.40816326530612246,0.48780487804878053,0.2204724409448819,0.9897959183673469,0.7176577394462097,0.2823422605537903,2203,622,0.9615384615384616,0.3968253968253968,63,26,127,28,sec_test_0011
no_time,19521020,test,0.0,116,14,0.7142857142857143,0.08620689655172414,0.15384615384615388,0.14285714285714285,1.0086206896551724,0.7818740399385561,0.21812596006144394,651,142,0.18840579710144928,0.8666666666666667,45,207,49,7,sec_test_0012
no_time,19521020,test,0.7,116,67,0.6865671641791045,0.39655172413793105,0.5027322404371585,0.2713178294573643,1.0172413793103448,0.7259973695747479,0.2740026304252521,2281,625,0.7222222222222222,0.5777777777777777,45,36,129,35,sec_test_0012
no_time,19521021,dev,0.0,113,19,0.7894736842105263,0.13274336283185842,0.2272727272727273,0.1875,0.9823008849557522,0.7649572649572649,0.23504273504273504,936,220,0.2413793103448276,0.875,48,174,64,12,sec_dev_0000
no_time,19521021,dev,0.7,113,55,0.6545454545454545,0.3185840707964602,0.42857142857142855,0.3023255813953488,1.1592920353982301,0.7121279431363838,0.28787205686361617,2251,648,0.6944444444444444,0.5208333333333334,48,36,129,39,sec_dev_0000
no_time,19521021,dev,0.0,111,14,0.7142857142857143,0.09009009009009009,0.16,0.1702127659574468,0.990990990990991,0.76049766718507,0.23950233281493002,643,154,0.20689655172413793,0.84,50,203,47,8,sec_dev_0001
no_time,19521021,dev,0.7,111,55,0.7454545454545455,0.36936936936936937,0.4939759036144579,0.25806451612903225,1.018018018018018,0.7236467236467237,0.27635327635327633,2106,582,0.5306122448979592,0.52,50,49,124,32,sec_dev_0001
no_time,19521021,dev,0.0,112,9,0.8888888888888888,0.07142857142857142,0.1322314049586777,0.047619047619047616,0.9375,0.8208661417322834,0.17913385826771652,508,91,0.2018348623853211,0.8979591836734694,49,218,42,2,sec_dev_0002
no_time,19521021,dev,0.7,112,56,0.7142857142857143,0.35714285714285715,0.4761904761904762,0.2926829268292683,1.0267857142857142,0.6966779008184882,0.3033220991815118,2077,630,0.5471698113207547,0.5918367346938775,49,53,123,36,sec_dev_0002
no_time,19521021,dev,0.0,104,13,0.8461538461538461,0.10576923076923077,0.18803418803418803,0.02,0.9423076923076923,0.8101694915254237,0.18983050847457628,590,112,0.25870646766169153,0.9122807017543859,57,201,50,1,sec_dev_0003
no_time,19521021,dev,0.7,104,61,0.6065573770491803,0.3557692307692308,0.4484848484848485,0.17293233082706766,1.1153846153846154,0.7360406091370558,0.2639593908629442,2167,572,0.7714285714285715,0.47368421052631576,57,35,133,23,sec_dev_0003
no_time,19521021,dev,0.0,117,23,0.6086956521739131,0.11965811965811966,0.2,0.17857142857142858,0.9487179487179487,0.7721822541966427,0.2278177458033573,834,190,0.21164021164021163,0.9090909090909091,44,189,56,10,sec_dev_0004
no_time,19521021,dev,0.7,117,66,0.6212121212121212,0.3504273504273504,0.44808743169398907,0.2734375,1.0512820512820513,0.7037197231833909,0.296280276816609,2312,685,0.7352941176470589,0.5681818181818182,44,34,128,35,sec_dev_0004
no_time,19521021,dev,0.0,121,20,0.85,0.14049586776859505,0.24113475177304966,0.16129032258064516,0.9173553719008265,0.7634032634032634,0.2365967365967366,858,203,0.18947368421052632,0.9,40,190,62,10,sec_dev_0005
no_time,19521021,dev,0.7,121,73,0.6986301369863014,0.4214876033057851,0.5257731958762886,0.33076923076923076,1.024793388429752,0.7083682008368201,0.29163179916317994,2390,697,0.8333333333333334,0.625,40,30,130,43,sec_dev_0005
no_time,19521021,dev,0.0,106,11,0.6363636363636364,0.0660377358490566,0.11965811965811965,0.17777777777777778,0.9905660377358491,0.8132231404958677,0.18677685950413223,605,113,0.24257425742574257,0.8909090909090909,55,202,45,8,sec_dev_0006
no_time,19521021,dev,0.7,106,57,0.6491228070175439,0.3490566037735849,0.4539877300613497,0.2677165354330709,1.1132075471698113,0.7221970040853382,0.27780299591466184,2203,612,0.7941176470588235,0.4909090909090909,55,34,127,34,sec_dev_0006
no_time,19521021,dev,0.0,107,25,0.56,0.1308411214953271,0.2121212121212121,0.1917808219178082,1.0093457943925233,0.7407757805108799,0.25922421948912017,1057,274,0.25806451612903225,0.7407407407407407,54,155,73,14,sec_dev_0007
no_time,19521021,dev,0.7,107,57,0.5964912280701754,0.3177570093457944,0.4146341463414634,0.2992125984251969,1.1962616822429906,0.6898817345597897,0.31011826544021026,2283,708,0.9259259259259259,0.46296296296296297,54,27,127,38,sec_dev_0007
no_time,19521021,dev,0.0,109,24,0.7083333333333334,0.1559633027522936,0.2556390977443609,0.09090909090909091,0.8807339449541285,0.7656050955414013,0.23439490445859873,785,184,0.23118279569892472,0.8269230769230769,52,186,55,5,sec_dev_0008
no_time,19521021,dev,0.7,109,61,0.6557377049180327,0.3669724770642202,0.4705882352941177,0.2421875,1.055045871559633,0.7098092643051771,0.2901907356948229,2202,639,0.7567567567567568,0.5384615384615384,52,37,128,31,sec_dev_0008
no_time,19521021,dev,0.0,110,13,0.8461538461538461,0.1,0.1788617886178862,0.13333333333333333,0.9727272727272728,0.7936708860759494,0.20632911392405062,790,163,0.23118279569892472,0.8431372549019608,51,186,60,8,sec_dev_0009
no_time,19521021,dev,0.7,110,55,0.7454545454545455,0.37272727272727274,0.496969696969697,0.208955223880597,1.0454545454545454,0.7486213235294117,0.25137867647058826,2176,547,0.7,0.5490196078431373,51,40,134,28,sec_dev_0009
no_time,19521021,dev,0.0,104,21,0.8571428571428571,0.17307692307692307,0.28800000000000003,0.12307692307692308,0.9038461538461539,0.8,0.2,885,177,0.2823529411764706,0.8421052631578947,57,170,65,8,sec_dev_0010
no_time,19521021,dev,0.7,104,59,0.6779661016949152,0.38461538461538464,0.49079754601227,0.2366412213740458,1.0673076923076923,0.7261410788381742,0.27385892116182575,2169,594,0.7428571428571429,0.45614035087719296,57,35,131,31,sec_dev_0010
no_time,19521021,dev,0.0,105,16,0.75,0.11428571428571428,0.19834710743801653,0.1388888888888889,0.9238095238095239,0.8183520599250936,0.18164794007490637,534,97,0.24401913875598086,0.9107142857142857,56,209,36,5,sec_dev_0011
no_time,19521021,dev,0.7,105,65,0.5230769230769231,0.3238095238095238,0.4,0.31451612903225806,1.1333333333333333,0.7174738841405508,0.2825261158594492,2106,595,0.627906976744186,0.48214285714285715,56,43,124,39,sec_dev_0011
no_time,19521021,test,0.0,110,21,0.8095238095238095,0.15454545454545454,0.2595419847328244,0.08620689655172414,0.9090909090909091,0.8358585858585859,0.16414141414141414,792,130,0.23118279569892472,0.8431372549019608,51,186,58,5,sec_test_0000
no_time,19521021,test,0.7,110,63,0.6825396825396826,0.39090909090909093,0.4971098265895954,0.2698412698412698,1.0272727272727273,0.7450980392156863,0.2549019607843137,2244,572,0.7352941176470589,0.49019607843137253,51,34,126,34,sec_test_0000
no_time,19521021,test,0.0,106,24,0.7083333333333334,0.16037735849056603,0.26153846153846155,0.16216216216216217,0.9528301886792453,0.7702702702702703,0.22972972972972974,1036,238,0.2564102564102564,0.7272727272727273,55,156,74,12,sec_test_0001
no_time,19521021,test,0.7,106,55,0.6181818181818182,0.32075471698113206,0.422360248447205,0.2706766917293233,1.1981132075471699,0.7178460169114375,0.28215398308856254,2247,634,0.8620689655172413,0.45454545454545453,55,29,133,36,sec_test_0001
no_time,19521021,test,0.0,114,15,0.6,0.07894736842105263,0.1395348837209302,0.15517241379310345,1.0263157894736843,0.7901554404145078,0.20984455958549222,772,162,0.21875,0.8936170212765957,47,192,58,9,sec_test_0002
no_time,19521021,test,0.7,114,54,0.6666666666666666,0.3157894736842105,0.42857142857142855,0.3387096774193548,1.1842105263157894,0.6927549194991056,0.30724508050089444,2236,687,0.717948717948718,0.5957446808510638,47,39,124,42,sec_test_0002
no_time,19521021,test,0.0,111,12,0.75,0.08108108108108109,0.14634146341463414,0.08695652173913043,0.9459459459459459,0.8047945205479452,0.1952054794520548,584,114,0.20574162679425836,0.86,50,209,46,4,sec_test_0003
no_time,19521021,test,0.7,111,57,0.7192982456140351,0.36936936936936937,0.4880952380952381,0.22137404580152673,1.0810810810810811,0.7101839389860924,0.28981606101390756,2229,646,0.6944444444444444,0.5,50,36,131,29,sec_test_0003
no_time,19521021,test,0.0,109,12,0.9166666666666666,0.10091743119266056,0.18181818181818182,0.08163265306122448,0.926605504587156,0.8309178743961353,0.16908212560386474,621,105,0.20689655172413793,0.8076923076923077,52,203,49,4,sec_test_0004
no_time,19521021,test,0.7,109,53,0.660377358490566,0.3211009174311927,0.4320987654320988,0.2764227642276423,1.073394495412844,0.7194000967585874,0.28059990324141265,2067,580,0.5098039215686274,0.5,52,51,123,34,sec_test_0004
no_time,19521021,test,0.0,107,10,0.8,0.07476635514018691,0.13675213675213674,0.1,1.0,0.8507936507936508,0.1492063492063492,630,94,0.225,0.8333333333333334,54,200,50,5,sec_test_0005
no_time,19521021,test,0.7,107,63,0.7301587301587301,0.42990654205607476,0.5411764705882353,0.2903225806451613,0.9439252336448598,0.7322551662174304,0.26774483378256964,2226,596,0.7575757575757576,0.46296296296296297,54,33,124,36,sec_test_0005
no_time,19521021,test,0.0,108,5,1.0,0.046296296296296294,0.08849557522123894,0.05714285714285714,0.9814814814814815,0.8285714285714285,0.17142857142857143,385,66,0.20704845814977973,0.8867924528301887,53,227,35,2,sec_test_0006
no_time,19521021,test,0.7,108,48,0.75,0.3333333333333333,0.46153846153846156,0.264,1.1018518518518519,0.7524475524475525,0.24755244755244754,2145,531,0.6428571428571429,0.5094339622641509,53,42,125,33,sec_test_0006
no_time,19521021,test,0.0,112,22,0.8636363636363636,0.16964285714285715,0.2835820895522388,0.16981132075471697,0.8839285714285714,0.7497048406139315,0.2502951593860685,847,212,0.21311475409836064,0.7959183673469388,49,183,53,9,sec_test_0007
no_time,19521021,test,0.7,112,62,0.6612903225806451,0.36607142857142855,0.47126436781609193,0.2661290322580645,1.0089285714285714,0.709471766848816,0.290528233151184,2196,638,0.6341463414634146,0.5306122448979592,49,41,124,33,sec_test_0007
no_time,19521021,test,0.0,106,11,0.7272727272727273,0.07547169811320754,0.13675213675213674,0.08,0.9905660377358491,0.7841269841269841,0.21587301587301588,630,136,0.22613065326633167,0.8181818181818182,55,199,50,4,sec_test_0008
no_time,19521021,test,0.7,106,54,0.6481481481481481,0.330188679245283,0.43749999999999994,0.2440944881889764,1.1037735849056605,0.7110494683310218,0.28895053166897827,2163,625,0.7105263157894737,0.4909090909090909,55,38,127,31,sec_test_0008
no_time,19521021,test,0.0,108,5,0.4,0.018518518518518517,0.035398230088495575,0.075,1.0185185185185186,0.8431818181818181,0.15681818181818183,440,69,0.20361990950226244,0.8490566037735849,53,221,40,3,sec_test_0009
no_time,19521021,test,0.7,108,59,0.576271186440678,0.3148148148148148,0.40718562874251496,0.2966101694915254,1.1111111111111112,0.728882833787466,0.27111716621253407,2202,597,0.7297297297297297,0.5094339622641509,53,37,118,35,sec_test_0009
no_time,19521021,test,0.0,110,12,0.75,0.08181818181818182,0.14754098360655737,0.10256410256410256,0.9727272727272728,0.8116760828625236,0.18832391713747645,531,100,0.20093457943925233,0.8431372549019608,51,214,39,4,sec_test_0010
no_time,19521021,test,0.7,110,64,0.65625,0.38181818181818183,0.48275862068965525,0.265625,1.0545454545454545,0.7477396021699819,0.2522603978300181,2212,558,0.7027027027027027,0.5098039215686274,51,37,128,34,sec_test_0010
no_time,19521021,test,0.0,98,13,0.7692307692307693,0.10204081632653061,0.18018018018018017,0.058823529411764705,0.9489795918367347,0.851373182552504,0.14862681744749595,619,92,0.2916666666666667,0.8888888888888888,63,192,51,3,sec_test_0011
no_time,19521021,test,0.7,98,53,0.5849056603773585,0.3163265306122449,0.4105960264900662,0.24427480916030533,1.1938775510204083,0.7279656979514054,0.2720343020485946,2099,571,0.7222222222222222,0.4126984126984127,63,36,131,32,sec_test_0011
no_time,19521021,test,0.0,116,9,0.6666666666666666,0.05172413793103448,0.096,0.1111111111111111,1.0,0.8419047619047619,0.1580952380952381,525,83,0.19090909090909092,0.9333333333333333,45,220,45,5,sec_test_0012
no_time,19521021,test,0.7,116,56,0.5892857142857143,0.28448275862068967,0.3837209302325582,0.3359375,1.206896551724138,0.716696269982238,0.283303730017762,2252,638,0.6666666666666666,0.5777777777777777,45,39,128,43,sec_test_0012
no_time,19521022,dev,0.0,113,11,0.5454545454545454,0.05309734513274336,0.0967741935483871,0.25,1.079646017699115,0.6983870967741935,0.3016129032258065,620,187,0.20673076923076922,0.8958333333333334,48,208,40,10,sec_dev_0000
no_time,19521022,dev,0.7,113,51,0.5294117647058824,0.23893805309734514,0.32926829268292684,0.2608695652173913,1.1858407079646018,0.7090909090909091,0.2909090909090909,1925,560,0.45714285714285713,0.6666666666666666,48,70,115,30,sec_dev_0000
no_time,19521022,dev,0.0,111,6,0.8333333333333334,0.04504504504504504,0.08547008547008547,0.07692307692307693,0.9819819819819819,0.8407643312101911,0.1592356687898089,314,50,0.20588235294117646,0.98,50,238,26,2,sec_dev_0001
no_time,19521022,dev,0.7,111,47,0.7021276595744681,0.2972972972972973,0.4177215189873418,0.26785714285714285,1.063063063063063,0.6940144478844169,0.3059855521155831,1938,593,0.4626865671641791,0.62,50,67,112,30,sec_dev_0001
no_time,19521022,dev,0.0,112,13,0.6153846153846154,0.07142857142857142,0.128,0.0975609756097561,0.9821428571428571,0.7504393673110721,0.24956063268892795,569,142,0.19339622641509435,0.8367346938775511,49,212,41,4,sec_dev_0002
no_time,19521022,dev,0.7,112,61,0.6229508196721312,0.3392857142857143,0.4393063583815029,0.2833333333333333,1.0357142857142858,0.6899543378995434,0.31004566210045664,2190,679,0.6428571428571429,0.5510204081632653,49,42,120,34,sec_dev_0002
no_time,19521022,dev,0.0,104,19,0.5789473684210527,0.10576923076923077,0.17886178861788618,0.1702127659574468,1.0,0.7307152875175316,0.26928471248246844,713,192,0.23809523809523808,0.7894736842105263,57,189,47,8,sec_dev_0003
no_time,19521022,dev,0.7,104,56,0.6607142857142857,0.3557692307692308,0.4625,0.20967741935483872,1.0288461538461537,0.7278978388998035,0.27210216110019647,2036,554,0.5510204081632653,0.47368421052631576,57,49,124,26,sec_dev_0003
no_time,19521022,dev,0.0,117,15,0.8,0.10256410256410256,0.18181818181818182,0.1891891891891892,0.9401709401709402,0.7655986509274874,0.23440134907251264,593,139,0.19534883720930232,0.9545454545454546,44,215,37,7,sec_dev_0004
no_time,19521022,dev,0.7,117,52,0.6153846153846154,0.27350427350427353,0.37869822485207105,0.3050847457627119,1.1282051282051282,0.7269076305220883,0.27309236947791166,1992,544,0.4626865671641791,0.7045454545454546,44,67,118,36,sec_dev_0004
no_time,19521022,dev,0.0,121,30,0.6666666666666666,0.1652892561983471,0.26490066225165565,0.2222222222222222,0.9752066115702479,0.728956228956229,0.27104377104377103,1188,322,0.21153846153846154,0.825,40,156,72,16,sec_dev_0005
no_time,19521022,dev,0.7,121,58,0.5,0.2396694214876033,0.3240223463687151,0.4094488188976378,1.2892561983471074,0.6886277801091062,0.3113722198908938,2383,742,0.8064516129032258,0.625,40,31,127,52,sec_dev_0005
no_time,19521022,dev,0.0,106,4,1.0,0.03773584905660377,0.07272727272727272,0.06666666666666667,0.9622641509433962,0.8,0.2,185,37,0.2145748987854251,0.9636363636363636,55,247,15,1,sec_dev_0006
no_time,19521022,dev,0.7,106,37,0.6756756756756757,0.2358490566037736,0.34965034965034963,0.26744186046511625,1.0,0.7174855491329479,0.282514450867052,1384,391,0.31666666666666665,0.6909090909090909,55,120,86,23,sec_dev_0006
no_time,19521022,dev,0.0,107,13,0.6923076923076923,0.08411214953271028,0.15,0.3225806451612903,0.9813084112149533,0.6151142355008787,0.38488576449912126,569,219,0.2403846153846154,0.9259259259259259,54,208,31,10,sec_dev_0007
no_time,19521022,dev,0.7,107,49,0.6326530612244898,0.2897196261682243,0.39743589743589747,0.2616822429906542,1.0654205607476634,0.6842957366432811,0.31570426335671886,1853,585,0.4722222222222222,0.6296296296296297,54,72,107,28,sec_dev_0007
no_time,19521022,dev,0.0,109,16,0.75,0.11009174311926606,0.192,0.07692307692307693,0.9357798165137615,0.7468805704099821,0.2531194295900178,561,142,0.19523809523809524,0.7884615384615384,52,210,39,3,sec_dev_0008
no_time,19521022,dev,0.7,109,54,0.6111111111111112,0.30275229357798167,0.40490797546012275,0.308411214953271,1.055045871559633,0.6833918715504265,0.31660812844957353,1993,631,0.5,0.5769230769230769,52,60,107,33,sec_dev_0008
no_time,19521022,dev,0.0,110,19,0.7368421052631579,0.12727272727272726,0.21705426356589141,0.21428571428571427,0.9727272727272728,0.6945701357466063,0.3054298642533937,884,270,0.2542372881355932,0.8823529411764706,51,177,56,12,sec_dev_0009
no_time,19521022,dev,0.7,110,57,0.6491228070175439,0.33636363636363636,0.4431137724550898,0.3025210084033613,1.0636363636363637,0.6968995835261453,0.3031004164738547,2161,655,0.6046511627906976,0.5098039215686274,51,43,119,36,sec_dev_0009
no_time,19521022,dev,0.0,104,16,0.4375,0.0673076923076923,0.11666666666666667,0.14893617021276595,1.0480769230769231,0.7073906485671191,0.29260935143288086,663,194,0.23711340206185566,0.8070175438596491,57,194,47,7,sec_dev_0010
no_time,19521022,dev,0.7,104,49,0.4897959183673469,0.23076923076923078,0.3137254901960785,0.2631578947368421,1.1923076923076923,0.6832814122533748,0.31671858774662515,1926,610,0.4918032786885246,0.5263157894736842,57,61,114,30,sec_dev_0010
no_time,19521022,dev,0.0,105,33,0.7575757575757576,0.23809523809523808,0.3623188405797101,0.18032786885245902,0.8380952380952381,0.7386468952734013,0.26135310472659873,1079,282,0.25,0.6785714285714286,56,152,61,11,sec_dev_0011
no_time,19521022,dev,0.7,105,57,0.6140350877192983,0.3333333333333333,0.43209876543209874,0.24561403508771928,0.9809523809523809,0.7097249508840864,0.29027504911591356,2036,591,0.5490196078431373,0.5,56,51,114,28,sec_dev_0011
no_time,19521022,test,0.0,110,10,0.9,0.08181818181818182,0.15,0.06666666666666667,0.9363636363636364,0.8219512195121952,0.17804878048780487,410,73,0.20704845814977973,0.9215686274509803,51,227,30,2,sec_test_0000
no_time,19521022,test,0.7,110,45,0.6,0.24545454545454545,0.34838709677419355,0.27522935779816515,1.1272727272727272,0.7523862998315554,0.2476137001684447,1781,441,0.3902439024390244,0.6274509803921569,51,82,109,30,sec_test_0000
no_time,19521022,test,0.0,106,14,0.7857142857142857,0.10377358490566038,0.18333333333333335,0.06818181818181818,0.9622641509433962,0.7818791946308725,0.2181208053691275,596,130,0.2413793103448276,0.8909090909090909,55,203,44,3,sec_test_0001
no_time,19521022,test,0.7,106,51,0.6666666666666666,0.32075471698113206,0.4331210191082802,0.24778761061946902,1.0188679245283019,0.7372836916622968,0.2627163083377032,1907,501,0.5384615384615384,0.6363636363636364,55,65,113,28,sec_test_0001
no_time,19521022,test,0.0,114,13,0.6153846153846154,0.07017543859649122,0.12598425196850394,0.14583333333333334,0.9824561403508771,0.7753164556962026,0.22468354430379747,632,142,0.20772946859903382,0.9148936170212766,47,207,48,7,sec_test_0002
no_time,19521022,test,0.7,114,55,0.6545454545454545,0.3157894736842105,0.42603550295857984,0.3,1.0789473684210527,0.6967441860465116,0.3032558139534884,2150,652,0.5833333333333334,0.5957446808510638,47,48,120,36,sec_test_0002
no_time,19521022,test,0.0,111,16,0.5625,0.08108108108108109,0.14173228346456693,0.2558139534883721,1.009009009009009,0.7178729689807977,0.2821270310192024,677,191,0.205,0.82,50,200,43,11,sec_test_0003
no_time,19521022,test,0.7,111,55,0.6363636363636364,0.3153153153153153,0.4216867469879518,0.28205128205128205,1.045045045045045,0.7077072224915172,0.2922927775084828,2063,603,0.5370370370370371,0.58,50,54,117,33,sec_test_0003
no_time,19521022,test,0.0,109,17,0.7058823529411765,0.11009174311926606,0.1904761904761905,0.2222222222222222,0.9357798165137615,0.6630434782608696,0.33695652173913043,644,217,0.19801980198019803,0.7692307692307693,52,202,36,8,sec_test_0004
no_time,19521022,test,0.7,109,40,0.6,0.22018348623853212,0.32214765100671144,0.2336448598130841,1.091743119266055,0.6993795826283136,0.30062041737168643,1773,533,0.3780487804878049,0.5961538461538461,52,82,107,25,sec_test_0004
no_time,19521022,test,0.0,107,16,0.8125,0.12149532710280374,0.21138211382113822,0.3170731707317073,0.9813084112149533,0.6614950634696757,0.3385049365303244,709,240,0.24870466321243523,0.8888888888888888,54,193,41,13,sec_test_0005
no_time,19521022,test,0.7,107,46,0.8043478260869565,0.34579439252336447,0.48366013071895425,0.22641509433962265,0.9345794392523364,0.7088815789473684,0.2911184210526316,1824,531,0.4533333333333333,0.6296296296296297,54,75,106,24,sec_test_0005
no_time,19521022,test,0.0,108,7,1.0,0.06481481481481481,0.1217391304347826,0.047619047619047616,0.9629629629629629,0.8513011152416357,0.14869888475836432,269,40,0.20833333333333334,0.9433962264150944,53,240,21,1,sec_test_0006
no_time,19521022,test,0.7,108,47,0.7021276595744681,0.3055555555555556,0.42580645161290326,0.24271844660194175,0.9537037037037037,0.7336368810472396,0.2663631189527604,1757,468,0.37349397590361444,0.5849056603773585,53,83,103,25,sec_test_0006
no_time,19521022,test,0.0,112,29,0.7931034482758621,0.20535714285714285,0.3262411347517731,0.10344827586206896,0.8660714285714286,0.75,0.25,932,233,0.22988505747126436,0.8163265306122449,49,174,58,6,sec_test_0007
no_time,19521022,test,0.7,112,66,0.7121212121212122,0.41964285714285715,0.5280898876404494,0.2773109243697479,0.9553571428571429,0.7102717641639797,0.28972823583602025,2171,629,0.6136363636363636,0.5510204081632653,49,44,119,33,sec_test_0007
no_time,19521022,test,0.0,106,16,0.5625,0.08490566037735849,0.14754098360655737,0.16326530612244897,1.0188679245283019,0.7583212735166426,0.24167872648335745,691,167,0.2538860103626943,0.8909090909090909,55,193,49,8,sec_test_0008
no_time,19521022,test,0.7,106,49,0.5102040816326531,0.2358490566037736,0.32258064516129037,0.2796610169491525,1.2264150943396226,0.7131822863027806,0.28681771369721937,1942,557,0.4918032786885246,0.5454545454545454,55,61,118,33,sec_test_0008
no_time,19521022,test,0.0,108,15,0.6666666666666666,0.09259259259259259,0.16260162601626016,0.29411764705882354,1.0555555555555556,0.7212741751990899,0.2787258248009101,879,245,0.23295454545454544,0.7735849056603774,53,176,51,15,sec_test_0009
no_time,19521022,test,0.7,108,58,0.4827586206896552,0.25925925925925924,0.3373493975903614,0.3565217391304348,1.1944444444444444,0.7087058823529412,0.2912941176470588,2125,619,0.5555555555555556,0.4716981132075472,53,45,115,41,sec_test_0009
no_time,19521022,test,0.0,110,5,0.8,0.03636363636363636,0.06956521739130435,0.11764705882352941,0.9818181818181818,0.8026905829596412,0.19730941704035873,223,44,0.1862348178137652,0.9019607843137255,51,247,17,2,sec_test_0010
no_time,19521022,test,0.7,110,42,0.7857142857142857,0.3,0.4342105263157895,0.20388349514563106,0.9090909090909091,0.7389510901591043,0.2610489098408957,1697,443,0.3076923076923077,0.5490196078431373,51,91,103,21,sec_test_0010
no_time,19521022,test,0.0,98,16,0.6875,0.11224489795918367,0.19298245614035087,0.16666666666666666,1.0408163265306123,0.7585365853658537,0.24146341463414633,820,198,0.28654970760233917,0.7777777777777778,63,171,60,10,sec_test_0011
no_time,19521022,test,0.7,98,48,0.5833333333333334,0.2857142857142857,0.3835616438356164,0.3125,1.1224489795918366,0.6737804878048781,0.32621951219512196,1968,642,0.5686274509803921,0.4603174603174603,63,51,112,35,sec_test_0011
no_time,19521022,test,0.0,116,18,0.5,0.07758620689655173,0.13432835820895522,0.2777777777777778,1.0258620689655173,0.6916426512968299,0.30835734870317005,694,214,0.19607843137254902,0.8888888888888888,45,204,36,10,sec_test_0012
no_time,19521022,test,0.7,116,49,0.5510204081632653,0.23275862068965517,0.32727272727272727,0.3185840707964602,1.1206896551724137,0.7020428500249127,0.2979571499750872,2007,598,0.4153846153846154,0.6,45,65,113,36,sec_test_0012
no_time,19521023,dev,0.0,113,23,0.6086956521739131,0.12389380530973451,0.2058823529411765,0.20930232558139536,0.9557522123893806,0.7344782034346102,0.2655217965653897,757,201,0.22164948453608246,0.8958333333333334,48,194,43,9,sec_dev_0000
no_time,19521023,dev,0.7,113,59,0.576271186440678,0.3008849557522124,0.39534883720930236,0.26605504587155965,1.0,0.729021913415286,0.27097808658471406,1871,507,0.42105263157894735,0.6666666666666666,48,76,109,29,sec_dev_0000
no_time,19521023,dev,0.0,111,21,0.7142857142857143,0.13513513513513514,0.22727272727272727,0.3877551020408163,1.018018018018018,0.674233825198638,0.3257661748013621,881,287,0.24581005586592178,0.88,50,179,49,19,sec_dev_0001
no_time,19521023,dev,0.7,111,48,0.6666666666666666,0.2882882882882883,0.4025157232704402,0.3669724770642202,1.1711711711711712,0.6605504587155964,0.3394495412844037,2071,703,0.5185185185185185,0.56,50,54,109,40,sec_dev_0001
no_time,19521023,dev,0.0,112,21,0.6190476190476191,0.11607142857142858,0.1954887218045113,0.37142857142857144,0.9732142857142857,0.6848920863309352,0.31510791366906477,695,219,0.215,0.8775510204081632,49,200,35,13,sec_dev_0002
no_time,19521023,dev,0.7,112,53,0.6415094339622641,0.30357142857142855,0.4121212121212121,0.3047619047619048,1.0089285714285714,0.707774798927614,0.29222520107238603,1865,545,0.3684210526315789,0.5714285714285714,49,76,105,32,sec_dev_0002
no_time,19521023,dev,0.0,104,15,0.4666666666666667,0.0673076923076923,0.11764705882352941,0.2708333333333333,1.0961538461538463,0.6910112359550562,0.3089887640449438,712,220,0.2698412698412698,0.8947368421052632,57,189,48,13,sec_dev_0003
no_time,19521023,dev,0.7,104,47,0.5319148936170213,0.2403846153846154,0.3311258278145695,0.25663716814159293,1.1634615384615385,0.7082199237887861,0.29178007621121393,1837,536,0.5285714285714286,0.6491228070175439,57,70,113,29,sec_dev_0003
no_time,19521023,dev,0.0,117,20,0.45,0.07692307692307693,0.13138686131386862,0.4222222222222222,1.0769230769230769,0.656969696969697,0.343030303030303,825,283,0.193717277486911,0.8409090909090909,44,191,45,19,sec_dev_0004
no_time,19521023,dev,0.7,117,58,0.5517241379310345,0.27350427350427353,0.36571428571428577,0.35135135135135137,1.1025641025641026,0.6887926887926887,0.3112073112073112,2079,647,0.4745762711864407,0.6363636363636364,44,59,111,39,sec_dev_0004
no_time,19521023,dev,0.0,121,23,0.6956521739130435,0.1322314049586777,0.22222222222222224,0.29411764705882354,0.9669421487603306,0.708963911525029,0.2910360884749709,859,250,0.193717277486911,0.925,40,191,51,15,sec_dev_0005
no_time,19521023,dev,0.7,121,65,0.7230769230769231,0.3884297520661157,0.5053763440860215,0.31666666666666665,0.9504132231404959,0.6838565022421524,0.31614349775784756,2230,705,0.5319148936170213,0.625,40,47,120,38,sec_dev_0005
no_time,19521023,dev,0.0,106,17,0.5294117647058824,0.08490566037735849,0.14634146341463414,0.1956521739130435,1.0377358490566038,0.6937172774869109,0.306282722513089,764,234,0.23655913978494625,0.8,55,186,46,9,sec_dev_0006
no_time,19521023,dev,0.7,106,52,0.6153846153846154,0.3018867924528302,0.4050632911392405,0.21929824561403508,1.0754716981132075,0.68687374749499,0.31312625250501,1996,625,0.5,0.509090909090909,55,56,114,25,sec_dev_0006
no_time,19521023,dev,0.0,107,16,0.5,0.07476635514018691,0.13008130081300812,0.26666666666666666,1.0560747663551402,0.6877697841726619,0.3122302158273381,695,217,0.23195876288659795,0.8333333333333334,54,194,45,12,sec_dev_0007
no_time,19521023,dev,0.7,107,56,0.6428571428571429,0.3364485981308411,0.441717791411043,0.20353982300884957,1.0,0.692347200821777,0.3076527991782229,1947,599,0.45161290322580644,0.5185185185185185,54,62,113,23,sec_dev_0007
no_time,19521023,dev,0.0,109,28,0.5714285714285714,0.14678899082568808,0.23357664233576644,0.265625,1.055045871559633,0.7026266416510318,0.2973733583489681,1066,317,0.267515923566879,0.8076923076923077,52,157,64,17,sec_dev_0008
no_time,19521023,dev,0.7,109,60,0.6333333333333333,0.3486238532110092,0.4497041420118343,0.325,1.110091743119266,0.6705882352941177,0.32941176470588235,2210,728,0.7297297297297297,0.5192307692307693,52,37,120,39,sec_dev_0008
no_time,19521023,dev,0.0,110,21,0.5714285714285714,0.10909090909090909,0.18320610687022898,0.3333333333333333,1.0727272727272728,0.6873706004140787,0.31262939958592134,966,302,0.2603550295857988,0.8627450980392157,51,169,54,18,sec_dev_0009
no_time,19521023,dev,0.7,110,52,0.6346153846153846,0.3,0.4074074074074074,0.31666666666666665,1.1272727272727272,0.7107476635514018,0.28925233644859816,2140,619,0.6,0.5294117647058824,51,45,120,38,sec_dev_0009
no_time,19521023,dev,0.0,104,21,0.5238095238095238,0.10576923076923077,0.17600000000000002,0.3877551020408163,1.1153846153846154,0.6753688989784337,0.3246311010215664,881,286,0.29069767441860467,0.8771929824561403,57,172,49,19,sec_dev_0010
no_time,19521023,dev,0.7,104,51,0.5490196078431373,0.2692307692307692,0.3612903225806452,0.2905982905982906,1.1634615384615385,0.6767523953605648,0.3232476046394352,1983,641,0.5272727272727272,0.5087719298245614,57,55,117,34,sec_dev_0010
no_time,19521023,dev,0.0,105,19,0.7368421052631579,0.13333333333333333,0.22580645161290325,0.1956521739130435,0.9333333333333333,0.7430939226519337,0.2569060773480663,724,186,0.25396825396825395,0.8571428571428571,56,189,46,9,sec_dev_0011
no_time,19521023,dev,0.7,105,54,0.6111111111111112,0.3142857142857143,0.41509433962264153,0.2905982905982906,1.1333333333333333,0.7047300525561395,0.2952699474438605,2093,618,0.6,0.48214285714285715,56,45,117,34,sec_dev_0011
no_time,19521023,test,0.0,110,23,0.4782608695652174,0.1,0.16541353383458648,0.2698412698412698,1.0727272727272728,0.7159880834160874,0.2840119165839126,1007,286,0.21951219512195122,0.7058823529411765,51,164,63,17,sec_test_0000
no_time,19521023,test,0.7,110,54,0.5555555555555556,0.2727272727272727,0.36585365853658536,0.319672131147541,1.190909090909091,0.7038567493112948,0.29614325068870523,2178,645,0.6341463414634146,0.5098039215686274,51,41,122,39,sec_test_0000
no_time,19521023,test,0.0,106,19,0.7368421052631579,0.1320754716981132,0.224,0.21568627450980393,1.0188679245283019,0.6740395809080326,0.3259604190919674,859,280,0.26704545454545453,0.8545454545454545,55,176,51,11,sec_test_0001
no_time,19521023,test,0.7,106,53,0.6037735849056604,0.3018867924528302,0.4025157232704402,0.2755905511811024,1.169811320754717,0.7121997173810646,0.2878002826189355,2123,611,0.6666666666666666,0.509090909090909,55,42,127,35,sec_test_0001
no_time,19521023,test,0.0,114,15,0.5333333333333333,0.07017543859649122,0.12403100775193798,0.29545454545454547,1.0350877192982457,0.7563739376770539,0.24362606232294617,706,172,0.22,0.9361702127659575,47,200,44,13,sec_test_0002
no_time,19521023,test,0.7,114,52,0.5576923076923077,0.2543859649122807,0.3493975903614458,0.3392857142857143,1.1578947368421053,0.6913214990138067,0.3086785009861933,2028,626,0.5573770491803278,0.723404255319149,47,61,112,38,sec_test_0002
no_time,19521023,test,0.0,111,13,0.5384615384615384,0.06306306306306306,0.1129032258064516,0.1320754716981132,1.072072072072072,0.817351598173516,0.182648401826484,657,120,0.21890547263681592,0.88,50,201,53,7,sec_test_0003
no_time,19521023,test,0.7,111,53,0.660377358490566,0.3153153153153153,0.4268292682926829,0.2892561983471074,1.09009009009009,0.710918710918711,0.2890812890812891,2079,601,0.5384615384615384,0.56,50,52,121,35,sec_test_0003
no_time,19521023,test,0.0,109,19,0.5263157894736842,0.09174311926605505,0.15625,0.2653061224489796,1.0642201834862386,0.721331689272503,0.2786683107274969,811,226,0.2554347826086957,0.9038461538461539,52,184,49,13,sec_test_0004
no_time,19521023,test,0.7,109,50,0.64,0.29357798165137616,0.4025157232704403,0.24793388429752067,1.0825688073394495,0.7043090638930163,0.29569093610698366,2019,597,0.48214285714285715,0.5192307692307693,52,56,121,30,sec_test_0004
no_time,19521023,test,0.0,107,17,0.6470588235294118,0.102803738317757,0.17741935483870966,0.2826086956521739,1.0560747663551402,0.7228116710875332,0.27718832891246686,754,209,0.24468085106382978,0.8518518518518519,54,188,46,13,sec_test_0005
no_time,19521023,test,0.7,107,46,0.6521739130434783,0.2803738317757009,0.392156862745098,0.2727272727272727,1.205607476635514,0.7145659637076999,0.28543403629230013,2039,582,0.5384615384615384,0.5185185185185185,54,52,121,33,sec_test_0005
no_time,19521023,test,0.0,108,16,0.5625,0.08333333333333333,0.14516129032258063,0.20512820512820512,1.0092592592592593,0.7986463620981388,0.20135363790186125,591,119,0.23300970873786409,0.9056603773584906,53,206,39,8,sec_test_0006
no_time,19521023,test,0.7,108,50,0.56,0.25925925925925924,0.35443037974683544,0.275,1.1574074074074074,0.7248780487804878,0.2751219512195122,2050,564,0.4807692307692308,0.4716981132075472,53,52,120,33,sec_test_0006
no_time,19521023,test,0.0,112,18,0.6111111111111112,0.09821428571428571,0.16923076923076924,0.13725490196078433,0.9821428571428571,0.7561683599419449,0.24383164005805516,689,168,0.20603015075376885,0.8367346938775511,49,199,51,7,sec_test_0007
no_time,19521023,test,0.7,112,54,0.6111111111111112,0.29464285714285715,0.39759036144578314,0.2711864406779661,1.1428571428571428,0.7007684918347743,0.29923150816522576,2082,623,0.5471698113207547,0.5918367346938775,49,53,118,32,sec_test_0007
no_time,19521023,test,0.0,106,22,0.6363636363636364,0.1320754716981132,0.21875,0.1774193548387097,1.028301886792453,0.7599118942731278,0.24008810572687225,908,218,0.25882352941176473,0.8,55,170,62,11,sec_test_0008
no_time,19521023,test,0.7,106,58,0.5517241379310345,0.3018867924528302,0.3902439024390244,0.28205128205128205,1.1320754716981132,0.7046413502109705,0.29535864978902954,2133,630,0.6666666666666666,0.509090909090909,55,42,117,33,sec_test_0008
no_time,19521023,test,0.0,108,18,0.7222222222222222,0.12037037037037036,0.20634920634920634,0.19607843137254902,1.037037037037037,0.7858048162230672,0.21419518377693283,789,169,0.23783783783783785,0.8301886792452831,53,185,51,10,sec_test_0009
no_time,19521023,test,0.7,108,42,0.5952380952380952,0.23148148148148148,0.33333333333333337,0.2413793103448276,1.1388888888888888,0.7515756302521008,0.24842436974789917,1904,473,0.47761194029850745,0.6037735849056604,53,67,116,28,sec_test_0009
no_time,19521023,test,0.0,110,12,0.5833333333333334,0.06363636363636363,0.11475409836065573,0.36666666666666664,1.0454545454545454,0.6851851851851851,0.3148148148148148,540,170,0.21962616822429906,0.9215686274509803,51,214,30,11,sec_test_0010
no_time,19521023,test,0.7,110,37,0.7297297297297297,0.24545454545454545,0.3673469387755102,0.24545454545454545,1.1727272727272726,0.7362068965517241,0.2637931034482759,1740,459,0.3953488372093023,0.6666666666666666,51,86,110,27,sec_test_0010
no_time,19521023,test,0.0,98,19,0.5789473684210527,0.11224489795918367,0.18803418803418803,0.20967741935483872,1.0510204081632653,0.7122844827586207,0.28771551724137934,928,267,0.3,0.7619047619047619,63,160,62,13,sec_test_0011
no_time,19521023,test,0.7,98,46,0.6304347826086957,0.29591836734693877,0.4027777777777778,0.3217391304347826,1.153061224489796,0.6665083135391924,0.3334916864608076,2105,702,0.7027027027027027,0.4126984126984127,63,37,115,37,sec_test_0011
no_time,19521023,test,0.0,116,11,0.36363636363636365,0.034482758620689655,0.06299212598425197,0.425,1.146551724137931,0.8047619047619048,0.19523809523809524,630,123,0.20476190476190476,0.9555555555555556,45,210,40,17,sec_test_0012
no_time,19521023,test,0.7,116,49,0.6530612244897959,0.27586206896551724,0.3878787878787878,0.2619047619047619,1.1120689655172413,0.7430830039525691,0.25691699604743085,2024,520,0.41935483870967744,0.5777777777777777,45,62,126,33,sec_test_0012
no_time,19521024,dev,0.0,113,32,0.6875,0.19469026548672566,0.30344827586206896,0.21428571428571427,1.0884955752212389,0.7540675844806007,0.24593241551939926,1598,393,0.2815533980582524,0.6041666666666666,48,103,112,24,sec_dev_0000
no_time,19521024,dev,0.7,113,59,0.6779661016949152,0.35398230088495575,0.4651162790697674,0.3014705882352941,1.1238938053097345,0.7203098106712564,0.27969018932874357,2324,650,0.8928571428571429,0.5208333333333334,48,28,136,41,sec_dev_0000
no_time,19521024,dev,0.0,111,36,0.7222222222222222,0.23423423423423423,0.35374149659863946,0.19791666666666666,0.990990990990991,0.7469470827679783,0.2530529172320217,1474,373,0.2782608695652174,0.64,50,115,96,19,sec_dev_0001
no_time,19521024,dev,0.7,111,60,0.6166666666666667,0.3333333333333333,0.4327485380116959,0.2624113475177305,1.1801801801801801,0.7429317094388865,0.2570682905611135,2299,591,0.8571428571428571,0.48,50,28,141,37,sec_dev_0001
no_time,19521024,dev,0.0,112,22,0.9090909090909091,0.17857142857142858,0.2985074626865672,0.10666666666666667,0.9017857142857143,0.7425837320574162,0.2574162679425837,1045,269,0.20496894409937888,0.673469387755102,49,161,75,8,sec_dev_0002
no_time,19521024,dev,0.7,112,65,0.7538461538461538,0.4375,0.5536723163841808,0.22900763358778625,0.9285714285714286,0.7061739522307346,0.2938260477692654,2219,652,0.631578947368421,0.4897959183673469,49,38,131,30,sec_dev_0002
no_time,19521024,dev,0.0,104,35,0.7142857142857143,0.2403846153846154,0.3597122302158273,0.15151515151515152,1.0,0.7299122214719784,0.2700877785280216,1481,400,0.32710280373831774,0.6140350877192983,57,107,99,15,sec_dev_0003
no_time,19521024,dev,0.7,104,61,0.6885245901639344,0.40384615384615385,0.5090909090909091,0.1897810218978102,1.0288461538461537,0.736556710347944,0.26344328965205605,2213,583,0.8666666666666667,0.45614035087719296,57,30,137,26,sec_dev_0003
no_time,19521024,dev,0.0,117,53,0.7924528301886793,0.358974358974359,0.4941176470588235,0.15178571428571427,0.8717948717948718,0.7505592841163311,0.2494407158836689,1788,446,0.3181818181818182,0.6363636363636364,44,88,112,17,sec_dev_0004
no_time,19521024,dev,0.7,117,71,0.7323943661971831,0.4444444444444444,0.553191489361702,0.2014388489208633,0.9743589743589743,0.7294019238812213,0.27059807611877873,2391,647,1.0,0.5681818181818182,44,25,139,28,sec_dev_0004
no_time,19521024,dev,0.0,121,44,0.6590909090909091,0.2396694214876033,0.35151515151515156,0.22,1.0165289256198347,0.7167701863354037,0.28322981366459626,1610,456,0.23423423423423423,0.65,40,111,100,22,sec_dev_0005
no_time,19521024,dev,0.7,121,68,0.7352941176470589,0.4132231404958678,0.5291005291005291,0.2857142857142857,0.9917355371900827,0.709456568249893,0.290543431750107,2337,679,0.7142857142857143,0.625,40,35,133,38,sec_dev_0005
no_time,19521024,dev,0.0,106,37,0.7027027027027027,0.24528301886792453,0.3636363636363636,0.14893617021276595,0.9622641509433962,0.7757879656160458,0.22421203438395415,1396,313,0.2711864406779661,0.5818181818181818,55,118,94,14,sec_dev_0006
no_time,19521024,dev,0.7,106,63,0.7301587301587301,0.4339622641509434,0.5443786982248521,0.1773049645390071,1.0377358490566038,0.7507746790615316,0.24922532093846836,2259,563,0.9259259259259259,0.45454545454545453,55,27,141,25,sec_dev_0006
no_time,19521024,dev,0.0,107,47,0.7021276595744681,0.308411214953271,0.4285714285714286,0.1694915254237288,1.0,0.7158119658119658,0.2841880341880342,1872,532,0.463768115942029,0.5925925925925926,54,69,118,20,sec_dev_0007
no_time,19521024,dev,0.7,107,60,0.65,0.3644859813084112,0.467065868263473,0.1984732824427481,1.0841121495327102,0.6933737548722391,0.30662624512776093,2309,708,1.0,0.4444444444444444,54,24,131,26,sec_dev_0007
no_time,19521024,dev,0.0,109,41,0.7317073170731707,0.27522935779816515,0.4,0.13725490196078433,0.963302752293578,0.7244897959183674,0.2755102040816326,1568,432,0.3300970873786408,0.6538461538461539,52,103,102,14,sec_dev_0008
no_time,19521024,dev,0.7,109,59,0.6610169491525424,0.3577981651376147,0.46428571428571425,0.20279720279720279,1.165137614678899,0.7263943785682916,0.2736056214317084,2277,623,0.8928571428571429,0.4807692307692308,52,28,143,29,sec_dev_0008
no_time,19521024,dev,0.0,110,36,0.8333333333333334,0.2727272727272727,0.4109589041095891,0.08571428571428572,0.9181818181818182,0.7854671280276817,0.21453287197231835,1445,310,0.28448275862068967,0.6470588235294118,51,116,105,9,sec_dev_0009
no_time,19521024,dev,0.7,110,62,0.7096774193548387,0.4,0.5116279069767441,0.19285714285714287,1.0363636363636364,0.744,0.256,2250,576,0.78125,0.49019607843137253,51,32,140,27,sec_dev_0009
no_time,19521024,dev,0.0,104,49,0.7142857142857143,0.33653846153846156,0.4575163398692811,0.10434782608695652,0.8942307692307693,0.7669616519174041,0.23303834808259588,1695,395,0.36904761904761907,0.543859649122807,57,84,115,12,sec_dev_0010
no_time,19521024,dev,0.7,104,67,0.746268656716418,0.4807692307692308,0.584795321637427,0.14788732394366197,0.9519230769230769,0.7475642161204605,0.2524357838795394,2258,570,0.96,0.42105263157894735,57,25,142,21,sec_dev_0010
no_time,19521024,dev,0.0,105,44,0.7045454545454546,0.29523809523809524,0.4161073825503356,0.12612612612612611,0.9809523809523809,0.7998756991920447,0.20012430080795526,1609,322,0.32978723404255317,0.5535714285714286,56,94,111,14,sec_dev_0011
no_time,19521024,dev,0.7,105,62,0.6612903225806451,0.3904761904761905,0.49101796407185627,0.21678321678321677,1.1142857142857143,0.7531840140535793,0.24681598594642074,2277,562,1.0,0.42857142857142855,56,24,143,31,sec_dev_0011
no_time,19521024,test,0.0,110,42,0.8571428571428571,0.32727272727272727,0.47368421052631576,0.09278350515463918,0.8272727272727273,0.7926914968376669,0.2073085031623331,1423,295,0.31932773109243695,0.7450980392156863,51,119,97,9,sec_test_0000
no_time,19521024,test,0.7,110,62,0.7903225806451613,0.44545454545454544,0.569767441860465,0.17391304347826086,0.9363636363636364,0.7599469496021221,0.24005305039787797,2262,543,0.8387096774193549,0.5098039215686274,51,31,138,24,sec_test_0000
no_time,19521024,test,0.0,106,44,0.6590909090909091,0.27358490566037735,0.3866666666666667,0.18627450980392157,0.9716981132075472,0.7406716417910448,0.2593283582089552,1608,417,0.40625,0.7090909090909091,55,96,102,19,sec_test_0001
no_time,19521024,test,0.7,106,67,0.6268656716417911,0.39622641509433965,0.48554913294797686,0.21212121212121213,1.0471698113207548,0.7322212467076383,0.2677787532923617,2278,610,1.0,0.4727272727272727,55,26,132,28,sec_test_0001
no_time,19521024,test,0.0,114,43,0.7209302325581395,0.2719298245614035,0.39490445859872614,0.17,0.9385964912280702,0.7318181818181818,0.2681818181818182,1540,413,0.3063063063063063,0.723404255319149,47,111,100,17,sec_test_0002
no_time,19521024,test,0.7,114,63,0.6984126984126984,0.38596491228070173,0.4971751412429378,0.2127659574468085,1.0701754385964912,0.7235629662132514,0.27643703378674855,2279,630,0.7575757575757576,0.5319148936170213,47,33,141,30,sec_test_0002
no_time,19521024,test,0.0,111,40,0.8,0.2882882882882883,0.423841059602649,0.17307692307692307,0.9369369369369369,0.7349624060150376,0.2650375939849624,1596,423,0.30392156862745096,0.62,50,102,104,18,sec_test_0003
no_time,19521024,test,0.7,111,59,0.7457627118644068,0.3963963963963964,0.5176470588235293,0.23357664233576642,1.054054054054054,0.7116804168475901,0.2883195831524099,2303,664,0.8928571428571429,0.5,50,28,137,32,sec_test_0003
no_time,19521024,test,0.0,109,29,0.7931034482758621,0.21100917431192662,0.33333333333333337,0.10227272727272728,0.944954128440367,0.7712264150943396,0.22877358490566038,1272,291,0.2462686567164179,0.6346153846153846,52,134,88,9,sec_test_0004
no_time,19521024,test,0.7,109,70,0.6857142857142857,0.44036697247706424,0.5363128491620112,0.24427480916030533,0.963302752293578,0.7307525010874294,0.26924749891257066,2299,619,0.9259259259259259,0.4807692307692308,52,27,131,32,sec_test_0004
no_time,19521024,test,0.0,107,40,0.775,0.2897196261682243,0.42176870748299317,0.15151515151515152,0.9065420560747663,0.7661558960692871,0.23384410393071287,1501,351,0.3333333333333333,0.6666666666666666,54,108,99,15,sec_test_0005
no_time,19521024,test,0.7,107,59,0.6949152542372882,0.38317757009345793,0.4939759036144578,0.2074074074074074,1.0467289719626167,0.7537414965986394,0.24625850340136055,2205,543,0.7352941176470589,0.46296296296296297,54,34,135,28,sec_test_0005
no_time,19521024,test,0.0,108,32,0.78125,0.23148148148148148,0.3571428571428572,0.15294117647058825,0.9074074074074074,0.7689795918367347,0.2310204081632653,1225,283,0.2753623188405797,0.7169811320754716,53,138,85,13,sec_test_0006
no_time,19521024,test,0.7,108,56,0.7321428571428571,0.37962962962962965,0.5,0.21739130434782608,1.0833333333333333,0.739964317573595,0.260035682426405,2242,583,0.8064516129032258,0.4716981132075472,53,31,138,30,sec_test_0006
no_time,19521024,test,0.0,112,38,0.7368421052631579,0.25,0.37333333333333335,0.21739130434782608,0.9732142857142857,0.7482853223593964,0.25171467764060357,1458,367,0.288135593220339,0.6938775510204082,49,118,92,20,sec_test_0007
no_time,19521024,test,0.7,112,59,0.6440677966101694,0.3392857142857143,0.4444444444444445,0.296875,1.1071428571428572,0.707645525629887,0.29235447437011297,2302,673,0.8333333333333334,0.5102040816326531,49,30,128,38,sec_test_0007
no_time,19521024,test,0.0,106,39,0.6666666666666666,0.24528301886792453,0.3586206896551724,0.23404255319148937,0.9811320754716981,0.7036802030456852,0.2963197969543147,1576,467,0.35,0.6363636363636364,55,100,94,22,sec_test_0008
no_time,19521024,test,0.7,106,54,0.6296296296296297,0.32075471698113206,0.425,0.24427480916030533,1.150943396226415,0.7012113055181696,0.29878869448183043,2229,666,0.8709677419354839,0.4909090909090909,55,31,131,32,sec_test_0008
no_time,19521024,test,0.0,108,19,0.631578947368421,0.1111111111111111,0.1889763779527559,0.12857142857142856,1.0277777777777777,0.79,0.21,900,189,0.23255813953488372,0.7547169811320755,53,172,70,9,sec_test_0009
no_time,19521024,test,0.7,108,55,0.5818181818181818,0.2962962962962963,0.3926380368098159,0.2692307692307692,1.2037037037037037,0.7417431192660551,0.2582568807339449,2180,563,0.7368421052631579,0.5283018867924528,53,38,130,35,sec_test_0009
no_time,19521024,test,0.0,110,28,0.7857142857142857,0.2,0.3188405797101449,0.10869565217391304,0.9727272727272728,0.7900641025641025,0.20993589743589744,1248,262,0.24087591240875914,0.6470588235294118,51,137,92,10,sec_test_0010
no_time,19521024,test,0.7,110,60,0.7166666666666667,0.39090909090909093,0.5058823529411764,0.24822695035460993,1.1181818181818182,0.7656867046950417,0.2343132953049583,2279,534,0.8620689655172413,0.49019607843137253,51,29,141,35,sec_test_0010
no_time,19521024,test,0.0,98,44,0.6818181818181818,0.30612244897959184,0.4225352112676057,0.20754716981132076,1.030612244897959,0.7598566308243728,0.24014336917562723,1674,402,0.4074074074074074,0.5238095238095238,63,81,106,22,sec_test_0011
no_time,19521024,test,0.7,98,59,0.6101694915254238,0.3673469387755102,0.4585987261146497,0.25190839694656486,1.163265306122449,0.7180536607548886,0.2819463392451114,2199,620,0.9615384615384616,0.3968253968253968,63,26,131,33,sec_test_0011
no_time,19521024,test,0.0,116,33,0.8484848484848485,0.2413793103448276,0.37583892617449666,0.15853658536585366,0.8793103448275862,0.7414596273291926,0.25854037267080743,1288,333,0.22142857142857142,0.6888888888888889,45,140,82,13,sec_test_0012
no_time,19521024,test,0.7,116,65,0.8307692307692308,0.46551724137931033,0.5966850828729281,0.23255813953488372,0.896551724137931,0.7266405910473708,0.2733594089526293,2301,629,0.7647058823529411,0.5777777777777777,45,34,129,30,sec_test_0012
no_time,19521025,dev,0.0,113,15,0.6666666666666666,0.08849557522123894,0.15625,0.3333333333333333,1.0707964601769913,0.654627539503386,0.345372460496614,886,306,0.23333333333333334,0.875,48,180,54,18,sec_dev_0000
no_time,19521025,dev,0.7,113,58,0.5862068965517241,0.3008849557522124,0.3976608187134503,0.44954128440366975,1.1592920353982301,0.6288570186875271,0.37114298131247286,2301,854,0.7575757575757576,0.5208333333333334,48,33,109,49,sec_dev_0000
no_time,19521025,dev,0.0,111,14,0.6428571428571429,0.08108108108108109,0.14400000000000002,0.23255813953488372,1.018018018018018,0.6273653566229985,0.3726346433770015,687,256,0.21608040201005024,0.86,50,199,43,10,sec_dev_0001
no_time,19521025,dev,0.7,111,48,0.5625,0.24324324324324326,0.339622641509434,0.3269230769230769,1.135135135135135,0.6623246492985972,0.3376753507014028,1996,674,0.4838709677419355,0.6,50,62,104,34,sec_dev_0001
no_time,19521025,dev,0.0,112,11,0.5454545454545454,0.05357142857142857,0.09756097560975609,0.26666666666666666,1.0357142857142858,0.60625,0.39375,480,189,0.18468468468468469,0.8367346938775511,49,222,30,8,sec_dev_0002
no_time,19521025,dev,0.7,112,38,0.5526315789473685,0.1875,0.27999999999999997,0.27102803738317754,1.1607142857142858,0.6781609195402298,0.3218390804597701,1653,532,0.30927835051546393,0.6122448979591837,49,97,107,29,sec_dev_0002
no_time,19521025,dev,0.0,104,9,0.6666666666666666,0.057692307692307696,0.10619469026548674,0.24,0.9903846153846154,0.6849315068493151,0.3150684931506849,365,115,0.23893805309734514,0.9473684210526315,57,226,25,6,sec_dev_0003
no_time,19521025,dev,0.7,104,31,0.5806451612903226,0.17307692307692307,0.26666666666666666,0.25842696629213485,1.0961538461538463,0.6936542669584245,0.3063457330415755,1371,420,0.33613445378151263,0.7017543859649122,57,119,89,23,sec_dev_0003
no_time,19521025,dev,0.0,117,17,0.8235294117647058,0.11965811965811966,0.208955223880597,0.3548387096774194,0.9572649572649573,0.5959933222036728,0.4040066777963272,599,242,0.17674418604651163,0.8636363636363636,44,215,31,11,sec_dev_0004
no_time,19521025,dev,0.7,117,40,0.625,0.21367521367521367,0.3184713375796178,0.3191489361702128,1.0769230769230769,0.6652989449003517,0.3347010550996483,1706,571,0.2857142857142857,0.6363636363636364,44,98,94,30,sec_dev_0004
no_time,19521025,dev,0.0,121,21,0.7619047619047619,0.1322314049586777,0.22535211267605634,0.30434782608695654,0.9834710743801653,0.6534772182254196,0.34652278177458035,834,289,0.17525773195876287,0.85,40,194,46,14,sec_dev_0005
no_time,19521025,dev,0.7,121,53,0.6792452830188679,0.2975206611570248,0.41379310344827586,0.3486238532110092,1.0661157024793388,0.6691285081240768,0.3308714918759232,2031,672,0.38235294117647056,0.65,40,68,109,38,sec_dev_0005
no_time,19521025,dev,0.0,106,17,0.7647058823529411,0.12264150943396226,0.21138211382113822,0.35,1.009433962264151,0.6306666666666667,0.36933333333333335,750,277,0.22872340425531915,0.7818181818181819,55,188,40,14,sec_dev_0006
no_time,19521025,dev,0.7,106,47,0.574468085106383,0.25471698113207547,0.3529411764705882,0.3333333333333333,1.1603773584905661,0.649364406779661,0.350635593220339,1888,662,0.4264705882352941,0.5272727272727272,55,68,102,34,sec_dev_0006
no_time,19521025,dev,0.0,107,18,0.6111111111111112,0.102803738317757,0.176,0.24390243902439024,0.9532710280373832,0.6170500676589987,0.38294993234100133,739,283,0.24736842105263157,0.8703703703703703,54,190,41,10,sec_dev_0007
no_time,19521025,dev,0.7,107,48,0.5208333333333334,0.2336448598130841,0.3225806451612903,0.3394495412844037,1.158878504672897,0.648493543758967,0.351506456241033,2091,735,0.5625,0.5,54,48,109,37,sec_dev_0007
no_time,19521025,dev,0.0,109,23,0.6956521739130435,0.14678899082568808,0.24242424242424246,0.2727272727272727,0.944954128440367,0.6281407035175879,0.37185929648241206,796,296,0.23118279569892472,0.8269230769230769,52,186,44,12,sec_dev_0008
no_time,19521025,dev,0.7,109,55,0.6,0.30275229357798167,0.4024390243902439,0.34579439252336447,1.073394495412844,0.6470876162506118,0.35291238374938816,2043,721,0.5454545454545454,0.5769230769230769,52,55,107,37,sec_dev_0008
no_time,19521025,dev,0.0,110,14,0.7142857142857143,0.09090909090909091,0.16129032258064518,0.2826086956521739,1.009090909090909,0.6227390180878554,0.3772609819121447,774,292,0.24338624338624337,0.9019607843137255,51,189,46,13,sec_dev_0009
no_time,19521025,dev,0.7,110,52,0.5576923076923077,0.2636363636363636,0.35802469135802467,0.3392857142857143,1.1636363636363636,0.6448999046711154,0.35510009532888465,2098,745,0.64,0.6274509803921569,51,50,112,38,sec_dev_0009
no_time,19521025,dev,0.0,104,21,0.5714285714285714,0.11538461538461539,0.192,0.2391304347826087,0.9903846153846154,0.6560196560196561,0.343980343980344,814,280,0.26256983240223464,0.8245614035087719,57,179,46,11,sec_dev_0010
no_time,19521025,dev,0.7,104,50,0.58,0.27884615384615385,0.37662337662337664,0.2631578947368421,1.1153846153846154,0.6758349705304518,0.3241650294695481,2036,660,0.5,0.43859649122807015,57,50,114,30,sec_dev_0010
no_time,19521025,dev,0.0,105,18,0.6666666666666666,0.11428571428571428,0.19512195121951217,0.25,0.9428571428571428,0.6116504854368932,0.3883495145631068,618,240,0.22388059701492538,0.8035714285714286,56,201,32,8,sec_dev_0011
no_time,19521025,dev,0.7,105,48,0.625,0.2857142857142857,0.392156862745098,0.23863636363636365,0.9047619047619048,0.6749379652605458,0.3250620347394541,1612,524,0.34375,0.5892857142857143,56,96,88,21,sec_dev_0011
no_time,19521025,test,0.0,110,23,0.7391304347826086,0.15454545454545454,0.2556390977443609,0.3170731707317073,0.9545454545454546,0.6581196581196581,0.3418803418803419,819,280,0.24324324324324326,0.8823529411764706,51,185,41,13,sec_test_0000
no_time,19521025,test,0.7,110,52,0.6153846153846154,0.2909090909090909,0.3950617283950617,0.3584905660377358,1.1,0.6790065604498594,0.3209934395501406,2134,685,0.6170212765957447,0.5686274509803921,51,47,106,38,sec_test_0000
no_time,19521025,test,0.0,106,24,0.5833333333333334,0.1320754716981132,0.21538461538461542,0.2549019607843137,1.0,0.6457645764576458,0.3542354235423542,909,322,0.2573099415204678,0.8,55,171,51,13,sec_test_0001
no_time,19521025,test,0.7,106,60,0.6,0.33962264150943394,0.4337349397590361,0.3364485981308411,1.0566037735849056,0.6685687113647171,0.33143128863528293,2103,697,0.6739130434782609,0.5636363636363636,55,46,107,36,sec_test_0001
no_time,19521025,test,0.0,114,19,0.6842105263157895,0.11403508771929824,0.19548872180451127,0.2972972972972973,0.9473684210526315,0.6329866270430906,0.36701337295690933,673,247,0.19607843137254902,0.851063829787234,47,204,37,11,sec_test_0002
no_time,19521025,test,0.7,114,51,0.6666666666666666,0.2982456140350877,0.41212121212121217,0.3611111111111111,1.0614035087719298,0.6774353876739563,0.3225646123260437,2012,649,0.47619047619047616,0.6382978723404256,47,63,108,39,sec_test_0002
no_time,19521025,test,0.0,111,22,0.7272727272727273,0.14414414414414414,0.2406015037593985,0.22,0.9819819819819819,0.7,0.3,810,243,0.23118279569892472,0.86,50,186,50,11,sec_test_0003
no_time,19521025,test,0.7,111,57,0.543859649122807,0.27927927927927926,0.36904761904761907,0.32727272727272727,1.1081081081081081,0.6557077625570776,0.34429223744292237,2190,754,0.5952380952380952,0.5,50,42,110,36,sec_test_0003
no_time,19521025,test,0.0,109,15,0.8,0.11009174311926606,0.1935483870967742,0.2,0.9357798165137615,0.62,0.38,550,209,0.22169811320754718,0.9038461538461539,52,212,30,6,sec_test_0004
no_time,19521025,test,0.7,109,34,0.5,0.1559633027522936,0.2377622377622378,0.27710843373493976,1.0642201834862386,0.6678105696636925,0.3321894303363075,1457,484,0.3017241379310345,0.6730769230769231,52,116,83,23,sec_test_0004
no_time,19521025,test,0.0,107,25,0.6,0.14018691588785046,0.22727272727272727,0.29411764705882354,0.9813084112149533,0.6814562002275313,0.3185437997724687,879,280,0.25142857142857145,0.8148148148148148,54,175,51,15,sec_test_0005
no_time,19521025,test,0.7,107,58,0.5344827586206896,0.2897196261682243,0.3757575757575757,0.3523809523809524,1.1214953271028036,0.653071253071253,0.3469287469287469,2035,706,0.5555555555555556,0.5555555555555556,54,54,105,37,sec_test_0005
no_time,19521025,test,0.0,108,21,0.5238095238095238,0.10185185185185185,0.1705426356589147,0.2571428571428571,0.9907407407407407,0.6760330578512397,0.3239669421487603,605,196,0.22439024390243903,0.8679245283018868,53,205,35,9,sec_test_0006
no_time,19521025,test,0.7,108,56,0.5357142857142857,0.2777777777777778,0.36585365853658536,0.37254901960784315,1.0925925925925926,0.6955852156057495,0.3044147843942505,1948,593,0.421875,0.5094339622641509,53,64,102,38,sec_test_0006
no_time,19521025,test,0.0,112,25,0.76,0.16964285714285715,0.2773722627737226,0.08888888888888889,0.9017857142857143,0.7047619047619047,0.29523809523809524,735,217,0.19487179487179487,0.7755102040816326,49,195,45,4,sec_test_0007
no_time,19521025,test,0.7,112,65,0.5076923076923077,0.29464285714285715,0.37288135593220334,0.3113207547169811,1.0803571428571428,0.6854917234664071,0.314508276533593,2054,646,0.5087719298245614,0.5918367346938775,49,57,106,33,sec_test_0007
no_time,19521025,test,0.0,106,20,0.55,0.10377358490566038,0.17460317460317462,0.17777777777777778,0.9528301886792453,0.6423357664233577,0.35766423357664234,685,245,0.23711340206185566,0.8363636363636363,55,194,45,8,sec_test_0008
no_time,19521025,test,0.7,106,58,0.5172413793103449,0.2830188679245283,0.36585365853658536,0.2719298245614035,1.1226415094339623,0.6767822736030829,0.32321772639691715,2076,671,0.5625,0.4909090909090909,55,48,114,31,sec_test_0008
no_time,19521025,test,0.0,108,13,0.5384615384615384,0.06481481481481481,0.11570247933884298,0.22580645161290322,1.0185185185185186,0.719438877755511,0.280561122244489,499,140,0.2222222222222222,0.9056603773584906,53,216,31,7,sec_test_0009
no_time,19521025,test,0.7,108,45,0.5333333333333333,0.2222222222222222,0.3137254901960784,0.31313131313131315,1.1666666666666667,0.678011885467315,0.32198811453268505,1851,596,0.3783783783783784,0.5283018867924528,53,74,99,31,sec_test_0009
no_time,19521025,test,0.0,110,8,0.5,0.03636363636363636,0.06779661016949153,0.2413793103448276,1.0454545454545454,0.6807095343680709,0.31929046563192903,451,144,0.20179372197309417,0.8823529411764706,51,223,29,7,sec_test_0010
no_time,19521025,test,0.7,110,34,0.5294117647058824,0.16363636363636364,0.24999999999999997,0.25301204819277107,1.0636363636363637,0.7134372680029696,0.2865627319970304,1347,386,0.25,0.6274509803921569,51,128,83,21,sec_test_0010
no_time,19521025,test,0.0,98,22,0.7272727272727273,0.16326530612244897,0.26666666666666666,0.1568627450980392,0.9489795918367347,0.6972909305064783,0.3027090694935218,849,257,0.2958579881656805,0.7936507936507936,63,169,51,8,sec_test_0011
no_time,19521025,test,0.7,98,51,0.43137254901960786,0.22448979591836735,0.29530201342281875,0.3247863247863248,1.3571428571428572,0.6712852365026278,0.3287147634973722,2093,688,0.7631578947368421,0.4603174603174603,63,38,117,38,sec_test_0011
no_time,19521025,test,0.0,116,13,0.9230769230769231,0.10344827586206896,0.18604651162790697,0.11764705882352941,0.9741379310344828,0.7201646090534979,0.27983539094650206,486,136,0.19111111111111112,0.9555555555555556,45,225,34,4,sec_test_0012
no_time,19521025,test,0.7,116,58,0.5862068965517241,0.29310344827586204,0.3908045977011494,0.28440366972477066,1.0517241379310345,0.7011788826242953,0.29882111737570477,1951,583,0.4084507042253521,0.6444444444444445,45,71,109,31,sec_test_0012
