variant,seed,split,margin,n_gold_matches,n_pred_matches,precision,recall,f1,wrong_merge_rate,fragmentation_rate,trajectory_consistency_rate,impossible_transition_rate,n_transitions,n_impossible_transitions,dangling_precision,dangling_recall,n_gold_dangling,n_pred_dangling,n_pred_identities,n_wrong_merges,scenario_id
m3_full,19521006,dev,0.0,113,22,0.5909090909090909,0.11504424778761062,0.19259259259259262,0.20987654320987653,1.1327433628318584,0.7522935779816513,0.24770642201834864,1199,297,0.2671232876712329,0.8125,48,146,81,17,sec_dev_0000
m3_full,19521006,dev,0.7,113,55,0.5272727272727272,0.25663716814159293,0.34523809523809523,0.3412698412698413,1.2654867256637168,0.7122854561878953,0.28771454381210476,2214,637,0.775,0.6458333333333334,48,40,126,43,sec_dev_0000
m3_full,19521006,dev,0.0,111,26,0.7692307692307693,0.18018018018018017,0.291970802919708,0.16216216216216217,0.972972972972973,0.7449355432780846,0.2550644567219153,1086,277,0.2564102564102564,0.8,50,156,74,12,sec_dev_0001
m3_full,19521006,dev,0.7,111,64,0.515625,0.2972972972972973,0.3771428571428571,0.3203125,1.1711711711711712,0.6984767025089607,0.3015232974910394,2232,673,0.7222222222222222,0.52,50,36,128,41,sec_dev_0001
m3_full,19521006,dev,0.0,112,28,0.75,0.1875,0.3,0.18181818181818182,0.9107142857142857,0.7088974854932302,0.2911025145067698,1034,301,0.22085889570552147,0.7346938775510204,49,163,66,12,sec_dev_0002
m3_full,19521006,dev,0.7,112,65,0.6615384615384615,0.38392857142857145,0.48587570621468923,0.2809917355371901,0.9910714285714286,0.6958648288128058,0.3041351711871943,2249,684,0.7222222222222222,0.5306122448979592,49,36,121,34,sec_dev_0002
m3_full,19521006,dev,0.0,104,24,0.9166666666666666,0.21153846153846154,0.34374999999999994,0.08771929824561403,0.8653846153846154,0.7469204927211646,0.2530795072788354,893,226,0.25882352941176473,0.7719298245614035,57,170,57,5,sec_dev_0003
m3_full,19521006,dev,0.7,104,60,0.8166666666666667,0.47115384615384615,0.5975609756097561,0.168,0.8942307692307693,0.7350588235294118,0.26494117647058824,2125,563,0.675,0.47368421052631576,57,40,125,21,sec_dev_0003
m3_full,19521006,dev,0.0,117,26,0.5769230769230769,0.1282051282051282,0.2097902097902098,0.2631578947368421,1.0512820512820513,0.7263513513513513,0.27364864864864863,1184,324,0.2236842105263158,0.7727272727272727,44,152,76,20,sec_dev_0004
m3_full,19521006,dev,0.7,117,63,0.5396825396825397,0.2905982905982906,0.3777777777777778,0.3821138211382114,1.188034188034188,0.6763055675442382,0.32369443245576174,2317,750,0.7647058823529411,0.5909090909090909,44,34,123,47,sec_dev_0004
m3_full,19521006,dev,0.0,121,30,0.6666666666666666,0.1652892561983471,0.26490066225165565,0.1527777777777778,0.9586776859504132,0.7073170731707317,0.2926829268292683,1148,336,0.2125,0.85,40,160,72,11,sec_dev_0005
m3_full,19521006,dev,0.7,121,63,0.6031746031746031,0.3140495867768595,0.4130434782608696,0.33076923076923076,1.1322314049586777,0.6860169491525423,0.31398305084745765,2360,741,0.7575757575757576,0.625,40,33,130,43,sec_dev_0005
m3_full,19521006,dev,0.0,106,29,0.7931034482758621,0.2169811320754717,0.34074074074074073,0.2,0.9245283018867925,0.7360824742268042,0.2639175257731959,970,256,0.2682926829268293,0.8,55,164,60,12,sec_dev_0006
m3_full,19521006,dev,0.7,106,66,0.6666666666666666,0.41509433962264153,0.5116279069767442,0.256198347107438,1.0188679245283019,0.7132319041032734,0.2867680958967266,2169,622,0.7105263157894737,0.4909090909090909,55,38,121,31,sec_dev_0006
m3_full,19521006,dev,0.0,107,24,0.625,0.14018691588785046,0.22900763358778625,0.17142857142857143,1.0373831775700935,0.6944954128440367,0.3055045871559633,1090,333,0.29605263157894735,0.8333333333333334,54,152,70,12,sec_dev_0007
m3_full,19521006,dev,0.7,107,58,0.5862068965517241,0.3177570093457944,0.4121212121212121,0.24193548387096775,1.1121495327102804,0.6809787626962143,0.3190212373037858,2166,691,0.717948717948718,0.5185185185185185,54,39,124,30,sec_dev_0007
m3_full,19521006,dev,0.0,109,22,0.5,0.10091743119266056,0.16793893129770993,0.1935483870967742,1.0275229357798166,0.7059471365638766,0.29405286343612336,908,267,0.2254335260115607,0.75,52,173,62,12,sec_dev_0008
m3_full,19521006,dev,0.7,109,54,0.6111111111111112,0.30275229357798167,0.40490797546012275,0.28205128205128205,1.110091743119266,0.6942735447231425,0.30572645527685754,2113,646,0.5957446808510638,0.5384615384615384,52,47,117,33,sec_dev_0008
m3_full,19521006,dev,0.0,110,31,0.7741935483870968,0.21818181818181817,0.34042553191489366,0.2375,0.9727272727272728,0.7365079365079366,0.2634920634920635,1260,332,0.31386861313868614,0.8431372549019608,51,137,80,19,sec_dev_0009
m3_full,19521006,dev,0.7,110,60,0.6833333333333333,0.37272727272727274,0.48235294117647054,0.3170731707317073,1.0545454545454545,0.7092260603410582,0.2907739396589418,2287,665,0.8333333333333334,0.49019607843137253,51,30,123,39,sec_dev_0009
m3_full,19521006,dev,0.0,104,29,0.7931034482758621,0.22115384615384615,0.34586466165413526,0.14285714285714285,0.9230769230769231,0.7472727272727273,0.25272727272727274,1100,278,0.2905405405405405,0.7543859649122807,57,148,70,10,sec_dev_0010
m3_full,19521006,dev,0.7,104,58,0.7586206896551724,0.4230769230769231,0.5432098765432098,0.2204724409448819,0.9615384615384616,0.6981304149566803,0.3018695850433197,2193,662,0.7878787878787878,0.45614035087719296,57,33,127,28,sec_dev_0010
m3_full,19521006,dev,0.0,105,31,0.7096774193548387,0.20952380952380953,0.3235294117647059,0.175,0.9523809523809523,0.7601626016260162,0.23983739837398374,1230,295,0.28888888888888886,0.6964285714285714,56,135,80,14,sec_dev_0011
m3_full,19521006,dev,0.7,105,62,0.6290322580645161,0.37142857142857144,0.4670658682634731,0.31451612903225806,1.0857142857142856,0.7292965271593945,0.27070347284060553,2246,608,0.8620689655172413,0.44642857142857145,56,29,124,39,sec_dev_0011
m3_full,19521006,test,0.0,110,23,0.8260869565217391,0.17272727272727273,0.28571428571428575,0.15254237288135594,0.9363636363636364,0.7555791710945803,0.24442082890541977,941,230,0.23391812865497075,0.7843137254901961,51,171,59,9,sec_test_0000
m3_full,19521006,test,0.7,110,62,0.6290322580645161,0.35454545454545455,0.45348837209302323,0.265625,1.1090909090909091,0.7300177619893429,0.2699822380106572,2252,608,0.7575757575757576,0.49019607843137253,51,33,128,34,sec_test_0000
m3_full,19521006,test,0.0,106,27,0.6296296296296297,0.16037735849056603,0.2556390977443609,0.18571428571428572,1.0,0.7127272727272727,0.2872727272727273,1100,316,0.29333333333333333,0.8,55,150,70,13,sec_test_0001
m3_full,19521006,test,0.7,106,60,0.6166666666666667,0.3490566037735849,0.4457831325301205,0.2809917355371901,1.0471698113207548,0.6791347453808021,0.32086525461919785,2219,712,0.7878787878787878,0.4727272727272727,55,33,121,34,sec_test_0001
m3_full,19521006,test,0.0,114,34,0.6470588235294118,0.19298245614035087,0.29729729729729726,0.3283582089552239,0.9649122807017544,0.6942880128720836,0.3057119871279163,1243,380,0.2361111111111111,0.723404255319149,47,144,67,22,sec_test_0002
m3_full,19521006,test,0.7,114,66,0.6060606060606061,0.3508771929824561,0.4444444444444444,0.34146341463414637,1.0964912280701755,0.6991618879576533,0.30083811204234673,2267,682,0.75,0.574468085106383,47,36,123,42,sec_test_0002
m3_full,19521006,test,0.0,111,29,0.6206896551724138,0.16216216216216217,0.2571428571428572,0.1791044776119403,0.963963963963964,0.7301006404391583,0.2698993595608417,1093,295,0.22435897435897437,0.7,50,156,67,12,sec_test_0003
m3_full,19521006,test,0.7,111,63,0.5714285714285714,0.32432432432432434,0.41379310344827586,0.25203252032520324,1.045045045045045,0.7068730086481565,0.29312699135184345,2197,644,0.625,0.5,50,40,123,31,sec_test_0003
m3_full,19521006,test,0.0,109,36,0.6388888888888888,0.21100917431192662,0.3172413793103448,0.2537313432835821,0.9174311926605505,0.6950527169505272,0.30494728304947283,1233,376,0.2642857142857143,0.7115384615384616,52,140,67,17,sec_test_0004
m3_full,19521006,test,0.7,109,66,0.7272727272727273,0.44036697247706424,0.5485714285714286,0.24369747899159663,0.8715596330275229,0.7105860972285325,0.2894139027714675,2201,637,0.6842105263157895,0.5,52,38,119,29,sec_test_0004
m3_full,19521006,test,0.0,107,23,0.7391304347826086,0.1588785046728972,0.2615384615384615,0.22413793103448276,0.9439252336448598,0.7006172839506173,0.2993827160493827,972,291,0.2787878787878788,0.8518518518518519,54,165,58,13,sec_test_0005
m3_full,19521006,test,0.7,107,54,0.7407407407407407,0.37383177570093457,0.49689440993788814,0.2564102564102564,0.9626168224299065,0.7004362578768784,0.29956374212312165,2063,618,0.56,0.5185185185185185,54,50,117,30,sec_test_0005
m3_full,19521006,test,0.0,108,18,0.7777777777777778,0.12962962962962962,0.2222222222222222,0.20408163265306123,0.9629629629629629,0.7146562905317769,0.2853437094682231,771,220,0.22459893048128343,0.7924528301886793,53,187,49,10,sec_test_0006
m3_full,19521006,test,0.7,108,60,0.7333333333333333,0.4074074074074074,0.5238095238095238,0.2711864406779661,0.9814814814814815,0.7321763602251408,0.2678236397748593,2132,571,0.6136363636363636,0.5094339622641509,53,44,118,32,sec_test_0006
m3_full,19521006,test,0.0,112,36,0.75,0.24107142857142858,0.36486486486486486,0.1875,0.9196428571428571,0.7416666666666667,0.25833333333333336,1320,341,0.2781954887218045,0.7551020408163265,49,133,80,15,sec_test_0007
m3_full,19521006,test,0.7,112,65,0.6923076923076923,0.4017857142857143,0.5084745762711865,0.2661290322580645,0.9910714285714286,0.6981627296587927,0.30183727034120733,2286,690,0.78125,0.5102040816326531,49,32,124,33,sec_test_0007
m3_full,19521006,test,0.0,106,29,0.7586206896551724,0.20754716981132076,0.32592592592592595,0.15476190476190477,1.0,0.7292006525285482,0.2707993474714519,1226,332,0.25735294117647056,0.6363636363636364,55,136,84,13,sec_test_0008
m3_full,19521006,test,0.7,106,59,0.6440677966101694,0.3584905660377358,0.4606060606060606,0.2890625,1.1226415094339623,0.6895628902765388,0.31043710972346117,2242,696,0.8666666666666667,0.4727272727272727,55,30,128,37,sec_test_0008
m3_full,19521006,test,0.0,108,22,0.7727272727272727,0.1574074074074074,0.26153846153846155,0.16923076923076924,1.0092592592592593,0.7497435897435898,0.25025641025641027,975,244,0.24242424242424243,0.7547169811320755,53,165,65,11,sec_test_0009
m3_full,19521006,test,0.7,108,49,0.5306122448979592,0.24074074074074073,0.33121019108280253,0.3114754098360656,1.2592592592592593,0.7043558850787767,0.29564411492122333,2158,638,0.6585365853658537,0.5094339622641509,53,41,122,38,sec_test_0009
m3_full,19521006,test,0.0,110,22,0.8181818181818182,0.16363636363636364,0.2727272727272727,0.12280701754385964,0.9090909090909091,0.7435610302351624,0.2564389697648376,893,229,0.2159090909090909,0.7450980392156863,51,176,57,7,sec_test_0010
m3_full,19521006,test,0.7,110,59,0.6271186440677966,0.33636363636363636,0.4378698224852071,0.2892561983471074,1.0454545454545454,0.7313841936957515,0.26861580630424853,2189,588,0.675,0.5294117647058824,51,40,121,35,sec_test_0010
m3_full,19521006,test,0.0,98,30,0.5333333333333333,0.16326530612244897,0.25,0.24,1.0510204081632653,0.7172995780590717,0.28270042194092826,1185,335,0.3233082706766917,0.6825396825396826,63,133,75,18,sec_test_0011
m3_full,19521006,test,0.7,98,59,0.5932203389830508,0.35714285714285715,0.4458598726114649,0.3025210084033613,1.0918367346938775,0.7001388246182323,0.2998611753817677,2161,648,0.8387096774193549,0.4126984126984127,63,31,119,36,sec_test_0011
m3_full,19521006,test,0.0,116,31,0.5806451612903226,0.15517241379310345,0.2448979591836735,0.24705882352941178,1.1293103448275863,0.7266409266409266,0.27335907335907333,1295,354,0.2302158273381295,0.7111111111111111,45,139,85,21,sec_test_0012
m3_full,19521006,test,0.7,116,57,0.5964912280701754,0.29310344827586204,0.3930635838150289,0.375,1.2672413793103448,0.7041884816753927,0.29581151832460734,2292,678,0.7428571428571429,0.5777777777777777,45,35,128,48,sec_test_0012
m3_full,19521007,dev,0.0,113,17,0.7647058823529411,0.11504424778761062,0.2,0.2653061224489796,1.0,0.7496757457846952,0.2503242542153048,771,193,0.22395833333333334,0.8958333333333334,48,192,49,13,sec_dev_0000
m3_full,19521007,dev,0.7,113,49,0.6122448979591837,0.26548672566371684,0.3703703703703704,0.3486238532110092,1.0884955752212389,0.6996553421959626,0.3003446578040374,2031,610,0.48333333333333334,0.6041666666666666,48,60,109,38,sec_dev_0000
m3_full,19521007,dev,0.0,111,19,0.631578947368421,0.10810810810810811,0.18461538461538465,0.20512820512820512,0.963963963963964,0.6897081413210445,0.3102918586789555,651,202,0.19704433497536947,0.8,50,203,39,8,sec_dev_0001
m3_full,19521007,dev,0.7,111,50,0.6,0.2702702702702703,0.3726708074534162,0.2857142857142857,1.0810810810810811,0.6948228882833787,0.30517711171662126,1835,560,0.3974358974358974,0.62,50,78,105,30,sec_dev_0001
m3_full,19521007,dev,0.0,112,12,0.8333333333333334,0.08928571428571429,0.16129032258064516,0.16216216216216217,0.9464285714285714,0.7448405253283302,0.2551594746716698,533,136,0.2037037037037037,0.8979591836734694,49,216,37,6,sec_dev_0002
m3_full,19521007,dev,0.7,112,51,0.6666666666666666,0.30357142857142855,0.4171779141104294,0.2767857142857143,1.0,0.6924664602683179,0.3075335397316821,1938,596,0.4411764705882353,0.6122448979591837,49,68,112,31,sec_dev_0002
m3_full,19521007,dev,0.0,104,11,0.5454545454545454,0.057692307692307696,0.10434782608695652,0.13157894736842105,1.0,0.7621951219512195,0.23780487804878048,492,117,0.25,0.9298245614035088,57,212,38,5,sec_dev_0003
m3_full,19521007,dev,0.7,104,51,0.6078431372549019,0.2980769230769231,0.4,0.22131147540983606,1.1057692307692308,0.7169715447154472,0.28302845528455284,1968,557,0.5178571428571429,0.5087719298245614,57,56,122,27,sec_dev_0003
m3_full,19521007,dev,0.0,117,10,0.6,0.05128205128205128,0.09448818897637795,0.10256410256410256,0.9914529914529915,0.783427495291902,0.21657250470809794,531,115,0.17194570135746606,0.8636363636363636,44,221,39,4,sec_dev_0004
m3_full,19521007,dev,0.7,117,46,0.6086956521739131,0.23931623931623933,0.34355828220858897,0.1796875,1.1538461538461537,0.7247752247752248,0.27522477522477523,2002,551,0.4461538461538462,0.6590909090909091,44,65,128,23,sec_dev_0004
m3_full,19521007,dev,0.0,121,12,0.75,0.0743801652892562,0.13533834586466167,0.09803921568627451,0.9917355371900827,0.8190630048465266,0.18093699515347333,619,112,0.16744186046511628,0.9,40,215,51,5,sec_dev_0005
m3_full,19521007,dev,0.7,121,56,0.6785714285714286,0.3140495867768595,0.4293785310734463,0.3181818181818182,1.1818181818181819,0.7114003590664273,0.2885996409335727,2228,643,0.5652173913043478,0.65,40,46,132,42,sec_dev_0005
m3_full,19521007,dev,0.0,106,11,0.6363636363636364,0.0660377358490566,0.11965811965811965,0.1935483870967742,0.9811320754716981,0.8017817371937639,0.19821826280623608,449,89,0.2191780821917808,0.8727272727272727,55,219,31,6,sec_dev_0006
m3_full,19521007,dev,0.7,106,42,0.7142857142857143,0.2830188679245283,0.4054054054054054,0.211864406779661,1.0660377358490567,0.7609170305676856,0.2390829694323144,1832,438,0.4166666666666667,0.5454545454545454,55,72,118,25,sec_dev_0006
m3_full,19521007,dev,0.0,107,19,0.8421052631578947,0.14953271028037382,0.25396825396825395,0.26666666666666666,0.9906542056074766,0.6694736842105263,0.33052631578947367,950,314,0.25748502994011974,0.7962962962962963,54,167,60,16,sec_dev_0007
m3_full,19521007,dev,0.7,107,51,0.7058823529411765,0.3364485981308411,0.4556962025316456,0.28205128205128205,1.0934579439252337,0.6754592557701367,0.3245407442298634,2123,689,0.6363636363636364,0.5185185185185185,54,44,117,33,sec_dev_0007
m3_full,19521007,dev,0.0,109,12,0.5,0.05504587155963303,0.09917355371900827,0.2,1.0275229357798166,0.6936170212765957,0.30638297872340425,705,216,0.23076923076923078,0.8653846153846154,52,195,45,9,sec_dev_0008
m3_full,19521007,dev,0.7,109,47,0.5531914893617021,0.23853211009174313,0.33333333333333337,0.24347826086956523,1.110091743119266,0.7158690176322418,0.2841309823677582,1985,564,0.5,0.5769230769230769,52,60,115,28,sec_dev_0008
m3_full,19521007,dev,0.0,110,24,0.875,0.19090909090909092,0.31343283582089554,0.19607843137254902,0.8727272727272727,0.7178612059158134,0.2821387940841866,879,248,0.24719101123595505,0.8627450980392157,51,178,51,10,sec_dev_0009
m3_full,19521007,dev,0.7,110,57,0.6842105263157895,0.35454545454545455,0.46706586826347307,0.2833333333333333,1.0272727272727273,0.7193396226415094,0.2806603773584906,2120,595,0.6382978723404256,0.5882352941176471,51,47,120,34,sec_dev_0009
m3_full,19521007,dev,0.0,104,11,0.6363636363636364,0.0673076923076923,0.12173913043478261,0.1590909090909091,1.0192307692307692,0.7869127516778524,0.21308724832214765,596,127,0.2537313432835821,0.8947368421052632,57,201,44,7,sec_dev_0010
m3_full,19521007,dev,0.7,104,51,0.5686274509803921,0.27884615384615385,0.3741935483870968,0.2809917355371901,1.2019230769230769,0.7063531765882942,0.29364682341170584,1999,587,0.5660377358490566,0.5263157894736842,57,53,121,34,sec_dev_0010
m3_full,19521007,dev,0.0,105,19,0.8421052631578947,0.1523809523809524,0.25806451612903225,0.14285714285714285,0.9238095238095239,0.7705802968960864,0.22941970310391363,741,170,0.25668449197860965,0.8571428571428571,56,187,49,7,sec_dev_0011
m3_full,19521007,dev,0.7,105,53,0.660377358490566,0.3333333333333333,0.4430379746835443,0.2672413793103448,1.0285714285714285,0.7313803376365442,0.2686196623634558,2014,541,0.4716981132075472,0.44642857142857145,56,53,116,31,sec_dev_0011
m3_full,19521007,test,0.0,110,12,0.5833333333333334,0.06363636363636363,0.11475409836065573,0.1282051282051282,0.990909090909091,0.8185117967332123,0.18148820326678766,551,100,0.18867924528301888,0.7843137254901961,51,212,39,5,sec_test_0000
m3_full,19521007,test,0.7,110,52,0.6538461538461539,0.3090909090909091,0.41975308641975306,0.26229508196721313,1.0818181818181818,0.7686116700201208,0.23138832997987926,1988,460,0.5333333333333333,0.6274509803921569,51,60,122,32,sec_test_0000
m3_full,19521007,test,0.0,106,18,0.8333333333333334,0.14150943396226415,0.24193548387096775,0.06818181818181818,0.8962264150943396,0.7678018575851393,0.23219814241486067,646,150,0.21717171717171718,0.7818181818181819,55,198,44,3,sec_test_0001
m3_full,19521007,test,0.7,106,53,0.7169811320754716,0.3584905660377358,0.47798742138364775,0.20161290322580644,0.9905660377358491,0.743421052631579,0.2565789473684211,1976,507,0.5087719298245614,0.5272727272727272,55,57,124,25,sec_test_0001
m3_full,19521007,test,0.0,114,19,0.8421052631578947,0.14035087719298245,0.24060150375939848,0.11363636363636363,0.8947368421052632,0.7732732732732732,0.22672672672672672,666,151,0.20098039215686275,0.8723404255319149,47,204,44,5,sec_test_0002
m3_full,19521007,test,0.7,114,63,0.7301587301587301,0.40350877192982454,0.519774011299435,0.288135593220339,0.9736842105263158,0.7300672430355428,0.26993275696445723,2082,562,0.5636363636363636,0.6595744680851063,47,55,118,34,sec_test_0002
m3_full,19521007,test,0.0,111,18,0.8333333333333334,0.13513513513513514,0.23255813953488372,0.11764705882352941,0.918918918918919,0.7249666221628839,0.2750333778371162,749,206,0.21354166666666666,0.82,50,192,51,6,sec_test_0003
m3_full,19521007,test,0.7,111,55,0.7272727272727273,0.36036036036036034,0.48192771084337344,0.2283464566929134,1.009009009009009,0.7195520298646757,0.2804479701353243,2143,601,0.5777777777777777,0.52,50,45,127,29,sec_test_0003
m3_full,19521007,test,0.0,109,18,0.6666666666666666,0.11009174311926606,0.18897637795275593,0.22727272727272727,0.9724770642201835,0.7407932011331444,0.25920679886685555,706,183,0.22564102564102564,0.8461538461538461,52,195,44,10,sec_test_0004
m3_full,19521007,test,0.7,109,49,0.6122448979591837,0.27522935779816515,0.379746835443038,0.25663716814159293,1.0275229357798166,0.7073170731707317,0.2926829268292683,1927,564,0.3939393939393939,0.5,52,66,113,29,sec_test_0004
m3_full,19521007,test,0.0,107,17,0.6470588235294118,0.102803738317757,0.17741935483870966,0.11627906976744186,0.9345794392523364,0.7511591962905719,0.24884080370942813,647,161,0.23618090452261306,0.8703703703703703,54,199,43,5,sec_test_0005
m3_full,19521007,test,0.7,107,59,0.6779661016949152,0.37383177570093457,0.48192771084337344,0.21929824561403508,0.897196261682243,0.7224448897795591,0.2775551102204409,1996,554,0.5087719298245614,0.5370370370370371,54,57,114,25,sec_test_0005
m3_full,19521007,test,0.0,108,2,0.5,0.009259259259259259,0.01818181818181818,0.0,1.0,0.8047619047619048,0.19523809523809524,210,41,0.1951219512195122,0.9056603773584906,53,246,20,0,sec_test_0006
m3_full,19521007,test,0.7,108,43,0.5813953488372093,0.23148148148148148,0.3311258278145695,0.18446601941747573,1.037037037037037,0.7595628415300546,0.24043715846994534,1647,396,0.3617021276595745,0.6415094339622641,53,94,103,19,sec_test_0006
m3_full,19521007,test,0.0,112,25,0.76,0.16964285714285715,0.2773722627737226,0.1724137931034483,0.9464285714285714,0.7547770700636942,0.24522292993630573,942,231,0.20809248554913296,0.7346938775510204,49,173,58,10,sec_test_0007
m3_full,19521007,test,0.7,112,50,0.68,0.30357142857142855,0.4197530864197531,0.2542372881355932,1.0357142857142858,0.7126607319485658,0.2873392680514342,2022,581,0.4576271186440678,0.5510204081632653,49,59,118,30,sec_test_0007
m3_full,19521007,test,0.0,106,19,0.8947368421052632,0.16037735849056603,0.27199999999999996,0.13725490196078433,0.9056603773584906,0.7316421895861148,0.2683578104138852,749,201,0.23529411764705882,0.8,55,187,51,7,sec_test_0008
m3_full,19521007,test,0.7,106,46,0.6739130434782609,0.29245283018867924,0.4078947368421053,0.24347826086956523,1.0754716981132075,0.7044155844155844,0.29558441558441556,1925,569,0.47619047619047616,0.5454545454545454,55,63,115,28,sec_test_0008
m3_full,19521007,test,0.0,108,16,0.5,0.07407407407407407,0.12903225806451613,0.2549019607843137,1.0,0.7418576598311218,0.25814234016887816,829,214,0.24861878453038674,0.8490566037735849,53,181,51,13,sec_test_0009
m3_full,19521007,test,0.7,108,53,0.5094339622641509,0.25,0.33540372670807456,0.3170731707317073,1.1944444444444444,0.736207695873899,0.26379230412610105,2157,569,0.6097560975609756,0.4716981132075472,53,41,123,39,sec_test_0009
m3_full,19521007,test,0.0,110,7,0.2857142857142857,0.01818181818181818,0.034188034188034185,0.22727272727272727,1.018181818181818,0.7951388888888888,0.2048611111111111,288,59,0.20833333333333334,0.9803921568627451,51,240,22,5,sec_test_0010
m3_full,19521007,test,0.7,110,35,0.6857142857142857,0.21818181818181817,0.3310344827586207,0.2169811320754717,1.0454545454545454,0.7620192307692308,0.23798076923076922,1664,396,0.3191489361702128,0.5882352941176471,51,94,106,23,sec_test_0010
m3_full,19521007,test,0.0,98,14,0.6428571428571429,0.09183673469387756,0.16071428571428573,0.1509433962264151,1.0,0.7063197026022305,0.2936802973977695,807,237,0.2658959537572254,0.7301587301587301,63,173,53,8,sec_test_0011
m3_full,19521007,test,0.7,98,47,0.5319148936170213,0.25510204081632654,0.3448275862068966,0.2972972972972973,1.153061224489796,0.6754604280736685,0.3245395719263315,2009,652,0.5957446808510638,0.4444444444444444,63,47,111,33,sec_test_0011
m3_full,19521007,test,0.0,116,19,0.8947368421052632,0.14655172413793102,0.2518518518518519,0.1,0.8793103448275862,0.7465753424657534,0.2534246575342466,730,185,0.18592964824120603,0.8222222222222222,45,199,50,5,sec_test_0012
m3_full,19521007,test,0.7,116,62,0.6774193548387096,0.3620689655172414,0.47191011235955055,0.30158730158730157,1.0517241379310345,0.7183226982680037,0.28167730173199634,2194,618,0.5777777777777777,0.5777777777777777,45,45,126,38,sec_test_0012
m3_full,19521008,dev,0.0,113,36,0.8055555555555556,0.25663716814159293,0.389261744966443,0.2413793103448276,0.9469026548672567,0.7554462403373156,0.24455375966268447,1423,348,0.3008130081300813,0.7708333333333334,48,123,87,21,sec_dev_0000
m3_full,19521008,dev,0.7,113,66,0.7424242424242424,0.4336283185840708,0.547486033519553,0.2857142857142857,0.9469026548672567,0.73552290406223,0.2644770959377701,2314,612,0.8333333333333334,0.5208333333333334,48,30,126,36,sec_dev_0000
m3_full,19521008,dev,0.0,111,32,0.71875,0.2072072072072072,0.32167832167832167,0.13636363636363635,0.9279279279279279,0.7411242603550297,0.2588757396449704,1352,350,0.265625,0.68,50,128,88,12,sec_dev_0001
m3_full,19521008,dev,0.7,111,63,0.7301587301587301,0.4144144144144144,0.5287356321839081,0.2230769230769231,0.954954954954955,0.7191304347826086,0.2808695652173913,2300,646,0.8620689655172413,0.5,50,29,130,29,sec_dev_0001
m3_full,19521008,dev,0.0,112,28,0.75,0.1875,0.3,0.15294117647058825,0.9732142857142857,0.7537848605577689,0.24621513944223108,1255,309,0.2517985611510791,0.7142857142857143,49,139,85,13,sec_dev_0002
m3_full,19521008,dev,0.7,112,66,0.6515151515151515,0.38392857142857145,0.48314606741573035,0.21212121212121213,0.9821428571428571,0.7191358024691358,0.2808641975308642,2268,637,0.7878787878787878,0.5306122448979592,49,33,132,28,sec_dev_0002
m3_full,19521008,dev,0.0,104,24,0.625,0.14423076923076922,0.23437499999999997,0.1595744680851064,1.1153846153846154,0.7527216174183515,0.24727838258164853,1286,318,0.28346456692913385,0.631578947368421,57,127,94,15,sec_dev_0003
m3_full,19521008,dev,0.7,104,57,0.5964912280701754,0.3269230769230769,0.42236024844720493,0.2518518518518518,1.2115384615384615,0.7315436241610738,0.2684563758389262,2235,600,0.9285714285714286,0.45614035087719296,57,28,135,34,sec_dev_0003
m3_full,19521008,dev,0.0,117,38,0.7105263157894737,0.23076923076923078,0.3483870967741935,0.22549019607843138,1.0256410256410255,0.7290362953692116,0.2709637046307885,1598,433,0.2777777777777778,0.6818181818181818,44,108,102,23,sec_dev_0004
m3_full,19521008,dev,0.7,117,61,0.6557377049180327,0.3418803418803419,0.44943820224719105,0.2867647058823529,1.1452991452991452,0.7103684661525278,0.28963153384747214,2334,676,0.8064516129032258,0.5681818181818182,44,31,136,39,sec_dev_0004
m3_full,19521008,dev,0.0,121,43,0.7674418604651163,0.2727272727272727,0.40243902439024387,0.17272727272727273,0.9338842975206612,0.7638036809815951,0.2361963190184049,1630,385,0.2777777777777778,0.75,40,108,110,19,sec_dev_0005
m3_full,19521008,dev,0.7,121,67,0.6865671641791045,0.38016528925619836,0.48936170212765956,0.3357664233576642,1.1239669421487604,0.717852684144819,0.28214731585518105,2403,678,0.8928571428571429,0.625,40,28,137,46,sec_dev_0005
m3_full,19521008,dev,0.0,106,30,0.8,0.22641509433962265,0.35294117647058826,0.1650485436893204,0.9433962264150944,0.7467398764584763,0.25326012354152366,1457,369,0.3333333333333333,0.6727272727272727,55,111,103,17,sec_dev_0006
m3_full,19521008,dev,0.7,106,58,0.7586206896551724,0.41509433962264153,0.5365853658536586,0.21897810218978103,1.0566037735849056,0.7187639946260636,0.2812360053739364,2233,628,0.8666666666666667,0.4727272727272727,55,30,137,30,sec_dev_0006
m3_full,19521008,dev,0.0,107,38,0.5789473684210527,0.205607476635514,0.30344827586206896,0.21359223300970873,1.0373831775700935,0.7293428757319453,0.27065712426805466,1537,416,0.3173076923076923,0.6111111111111112,54,104,103,22,sec_dev_0007
m3_full,19521008,dev,0.7,107,60,0.5666666666666667,0.3177570093457944,0.4071856287425149,0.31496062992125984,1.205607476635514,0.6768425643262101,0.3231574356737898,2293,741,0.9230769230769231,0.4444444444444444,54,26,127,40,sec_dev_0007
m3_full,19521008,dev,0.0,109,38,0.7631578947368421,0.26605504587155965,0.3945578231292517,0.15,0.926605504587156,0.7337579617834395,0.2662420382165605,1570,418,0.32038834951456313,0.6346153846153846,52,103,100,15,sec_dev_0008
m3_full,19521008,dev,0.7,109,60,0.65,0.3577981651376147,0.4615384615384616,0.25,1.1192660550458715,0.7132288946910357,0.2867711053089643,2298,659,0.8888888888888888,0.46153846153846156,52,27,132,33,sec_dev_0008
m3_full,19521008,dev,0.0,110,39,0.6153846153846154,0.21818181818181817,0.3221476510067114,0.26262626262626265,1.0818181818181818,0.7391304347826086,0.2608695652173913,1541,402,0.32710280373831774,0.6862745098039216,51,107,99,26,sec_dev_0009
m3_full,19521008,dev,0.7,110,55,0.6545454545454545,0.32727272727272727,0.4363636363636364,0.30434782608695654,1.2272727272727273,0.7271937445699392,0.2728062554300608,2302,628,0.8888888888888888,0.47058823529411764,51,27,138,42,sec_dev_0009
m3_full,19521008,dev,0.0,104,35,0.7714285714285715,0.25961538461538464,0.38848920863309355,0.1836734693877551,0.9615384615384616,0.7453083109919572,0.2546916890080429,1492,380,0.3584905660377358,0.6666666666666666,57,106,98,18,sec_dev_0010
m3_full,19521008,dev,0.7,104,54,0.7407407407407407,0.38461538461538464,0.5063291139240507,0.2578125,1.0769230769230769,0.7129881925522252,0.28701180744777477,2202,632,0.875,0.49122807017543857,57,32,128,33,sec_dev_0010
m3_full,19521008,dev,0.0,105,30,0.6,0.17142857142857143,0.26666666666666666,0.16666666666666666,1.1047619047619048,0.7693935119887165,0.2306064880112835,1418,327,0.30701754385964913,0.625,56,114,102,17,sec_dev_0011
m3_full,19521008,dev,0.7,105,51,0.6666666666666666,0.3238095238095238,0.4358974358974359,0.2518518518518518,1.2,0.727765237020316,0.27223476297968396,2215,603,0.8064516129032258,0.44642857142857145,56,31,135,34,sec_dev_0011
m3_full,19521008,test,0.0,110,29,0.5517241379310345,0.14545454545454545,0.23021582733812945,0.18181818181818182,1.0454545454545454,0.7870514820592824,0.21294851794071762,1282,273,0.2537313432835821,0.6666666666666666,51,134,88,16,sec_test_0000
m3_full,19521008,test,0.7,110,62,0.46774193548387094,0.2636363636363636,0.3372093023255814,0.27906976744186046,1.2636363636363637,0.7378942692136827,0.2621057307863172,2251,590,0.7575757575757576,0.49019607843137253,51,33,129,36,sec_test_0000
m3_full,19521008,test,0.0,106,35,0.8,0.2641509433962264,0.3971631205673759,0.1,0.9245283018867925,0.7539007092198582,0.24609929078014184,1410,347,0.3275862068965517,0.6909090909090909,55,116,100,10,sec_test_0001
m3_full,19521008,test,0.7,106,65,0.7230769230769231,0.44339622641509435,0.5497076023391814,0.19117647058823528,0.9622641509433962,0.743566992014197,0.25643300798580304,2254,578,0.9285714285714286,0.4727272727272727,55,28,136,26,sec_test_0001
m3_full,19521008,test,0.0,114,39,0.6923076923076923,0.23684210526315788,0.35294117647058826,0.18627450980392157,0.9473684210526315,0.780373831775701,0.21962616822429906,1498,329,0.28695652173913044,0.7021276595744681,47,115,102,19,sec_test_0002
m3_full,19521008,test,0.7,114,73,0.6575342465753424,0.42105263157894735,0.5133689839572193,0.3,1.043859649122807,0.7224137931034482,0.2775862068965517,2320,644,0.8666666666666667,0.5531914893617021,47,30,130,39,sec_test_0002
m3_full,19521008,test,0.0,111,28,0.6428571428571429,0.16216216216216217,0.2589928057553957,0.15730337078651685,1.009009009009009,0.7240584166026134,0.2759415833973866,1301,359,0.24060150375939848,0.64,50,133,89,14,sec_test_0003
m3_full,19521008,test,0.7,111,66,0.696969696969697,0.4144144144144144,0.519774011299435,0.2196969696969697,1.0,0.7143489813994686,0.28565101860053144,2258,645,0.7878787878787878,0.52,50,33,132,29,sec_test_0003
m3_full,19521008,test,0.0,109,29,0.8275862068965517,0.22018348623853212,0.34782608695652184,0.18840579710144928,0.8990825688073395,0.733567046450482,0.26643295354951796,1141,304,0.24161073825503357,0.6923076923076923,52,149,69,13,sec_test_0004
m3_full,19521008,test,0.7,109,69,0.7971014492753623,0.5045871559633027,0.6179775280898876,0.20634920634920634,0.7889908256880734,0.7371273712737128,0.26287262872628725,2214,582,0.7222222222222222,0.5,52,36,126,26,sec_test_0004
m3_full,19521008,test,0.0,107,39,0.6666666666666666,0.24299065420560748,0.3561643835616438,0.20192307692307693,0.9626168224299065,0.7474619289340101,0.25253807106598986,1576,398,0.35,0.6481481481481481,54,100,104,21,sec_test_0005
m3_full,19521008,test,0.7,107,61,0.6721311475409836,0.38317757009345793,0.488095238095238,0.2595419847328244,1.0373831775700935,0.746584398413398,0.25341560158660204,2269,575,0.8928571428571429,0.46296296296296297,54,28,131,34,sec_test_0005
m3_full,19521008,test,0.0,108,32,0.71875,0.21296296296296297,0.3285714285714285,0.18181818181818182,0.9907407407407407,0.7554269175108539,0.24457308248914617,1382,338,0.29508196721311475,0.6792452830188679,53,122,88,16,sec_test_0006
m3_full,19521008,test,0.7,108,56,0.6607142857142857,0.3425925925925926,0.45121951219512196,0.23809523809523808,1.1481481481481481,0.7267080745341614,0.2732919254658385,2254,616,0.8064516129032258,0.4716981132075472,53,31,126,30,sec_test_0006
m3_full,19521008,test,0.0,112,28,0.7857142857142857,0.19642857142857142,0.3142857142857143,0.16853932584269662,1.0178571428571428,0.749423520368947,0.25057647963105306,1301,326,0.26865671641791045,0.7346938775510204,49,134,89,15,sec_test_0007
m3_full,19521008,test,0.7,112,69,0.7536231884057971,0.4642857142857143,0.5745856353591161,0.24031007751937986,0.9196428571428571,0.7264357737834284,0.27356422621657167,2281,624,0.78125,0.5102040816326531,49,32,129,31,sec_test_0007
m3_full,19521008,test,0.0,106,35,0.7714285714285715,0.25471698113207547,0.3829787234042553,0.1919191919191919,0.9811320754716981,0.7508327781479014,0.2491672218520986,1501,374,0.3177570093457944,0.6181818181818182,55,107,99,19,sec_test_0008
m3_full,19521008,test,0.7,106,63,0.6666666666666666,0.39622641509433965,0.4970414201183432,0.24603174603174602,1.0188679245283019,0.71524064171123,0.28475935828877,2244,639,0.8333333333333334,0.45454545454545453,55,30,126,31,sec_test_0008
m3_full,19521008,test,0.0,108,30,0.5333333333333333,0.14814814814814814,0.2318840579710145,0.25806451612903225,1.1018518518518519,0.758183032732131,0.24181696726786908,1497,362,0.3090909090909091,0.6415094339622641,53,110,93,24,sec_test_0009
m3_full,19521008,test,0.7,108,53,0.5283018867924528,0.25925925925925924,0.34782608695652173,0.3125,1.2314814814814814,0.7264397905759162,0.27356020942408377,2292,627,0.9629629629629629,0.49056603773584906,53,27,128,40,sec_test_0009
m3_full,19521008,test,0.0,110,26,0.7692307692307693,0.18181818181818182,0.29411764705882354,0.08860759493670886,0.9,0.7955182072829132,0.20448179271708683,1071,219,0.23076923076923078,0.7058823529411765,51,156,79,7,sec_test_0010
m3_full,19521008,test,0.7,110,60,0.6166666666666667,0.33636363636363636,0.4352941176470588,0.23484848484848486,1.1181818181818182,0.7481884057971014,0.25181159420289856,2208,556,0.7567567567567568,0.5490196078431373,51,37,132,31,sec_test_0010
m3_full,19521008,test,0.0,98,36,0.6388888888888888,0.23469387755102042,0.34328358208955223,0.16161616161616163,0.9897959183673469,0.7494866529774127,0.25051334702258726,1461,366,0.36893203883495146,0.6031746031746031,63,103,99,16,sec_test_0011
m3_full,19521008,test,0.7,98,60,0.6333333333333333,0.3877551020408163,0.4810126582278481,0.2421875,1.0510204081632653,0.7079566003616636,0.29204339963833637,2212,646,1.0,0.3968253968253968,63,25,128,31,sec_test_0011
m3_full,19521008,test,0.0,116,39,0.7435897435897436,0.25,0.3741935483870968,0.1827956989247312,0.9482758620689655,0.7518745739604635,0.24812542603953647,1467,364,0.2644628099173554,0.7111111111111111,45,121,93,17,sec_test_0012
m3_full,19521008,test,0.7,116,70,0.6571428571428571,0.39655172413793105,0.4946236559139785,0.2556390977443609,1.0517241379310345,0.7253907900295733,0.2746092099704267,2367,650,0.9259259259259259,0.5555555555555556,45,27,133,34,sec_test_0012
m3_full,19521009,dev,0.0,113,31,0.8387096774193549,0.23008849557522124,0.3611111111111111,0.16279069767441862,0.9646017699115044,0.7749221183800623,0.2250778816199377,1284,289,0.291970802919708,0.8333333333333334,48,137,86,14,sec_dev_0000
m3_full,19521009,dev,0.7,113,54,0.7222222222222222,0.34513274336283184,0.46706586826347307,0.2361111111111111,1.176991150442478,0.7445793581960104,0.2554206418039896,2306,589,0.896551724137931,0.5416666666666666,48,29,144,34,sec_dev_0000
m3_full,19521009,dev,0.0,111,24,0.9583333333333334,0.2072072072072072,0.34074074074074073,0.09876543209876543,0.9009009009009009,0.7634212920837125,0.23657870791628755,1099,260,0.24675324675324675,0.76,50,154,81,8,sec_dev_0001
m3_full,19521009,dev,0.7,111,57,0.8070175438596491,0.4144144144144144,0.5476190476190476,0.22794117647058823,1.054054054054054,0.7175239755884917,0.28247602441150826,2294,648,0.896551724137931,0.52,50,29,136,31,sec_dev_0001
m3_full,19521009,dev,0.0,112,36,0.6666666666666666,0.21428571428571427,0.3243243243243243,0.18888888888888888,0.9464285714285714,0.7263157894736842,0.2736842105263158,1330,364,0.26717557251908397,0.7142857142857143,49,131,90,17,sec_dev_0002
m3_full,19521009,dev,0.7,112,68,0.7058823529411765,0.42857142857142855,0.5333333333333333,0.2713178294573643,0.9821428571428571,0.7097337407245744,0.2902662592754256,2291,665,0.8709677419354839,0.5510204081632653,49,31,129,35,sec_dev_0002
m3_full,19521009,dev,0.0,104,26,0.6153846153846154,0.15384615384615385,0.24615384615384617,0.14130434782608695,1.125,0.7634069400630915,0.23659305993690852,1268,300,0.31007751937984496,0.7017543859649122,57,129,92,13,sec_dev_0003
m3_full,19521009,dev,0.7,104,62,0.6451612903225806,0.38461538461538464,0.4819277108433735,0.19148936170212766,1.1538461538461537,0.7385504668741663,0.2614495331258337,2249,588,0.9615384615384616,0.43859649122807015,57,26,141,27,sec_dev_0003
m3_full,19521009,dev,0.0,117,36,0.75,0.23076923076923078,0.3529411764705882,0.18181818181818182,0.9658119658119658,0.7647058823529411,0.23529411764705882,1292,304,0.22857142857142856,0.7272727272727273,44,140,88,16,sec_dev_0004
m3_full,19521009,dev,0.7,117,68,0.6323529411764706,0.36752136752136755,0.4648648648648649,0.28169014084507044,1.1367521367521367,0.7285835453774385,0.2714164546225615,2358,640,0.8928571428571429,0.5681818181818182,44,28,142,40,sec_dev_0004
m3_full,19521009,dev,0.0,121,41,0.8292682926829268,0.2809917355371901,0.41975308641975306,0.16129032258064516,0.859504132231405,0.7619047619047619,0.23809523809523808,1407,335,0.2196969696969697,0.725,40,132,93,15,sec_dev_0005
m3_full,19521009,dev,0.7,121,72,0.7361111111111112,0.4380165289256198,0.5492227979274611,0.24285714285714285,0.9586776859504132,0.7284518828451882,0.2715481171548117,2390,649,0.8620689655172413,0.625,40,29,140,34,sec_dev_0005
m3_full,19521009,dev,0.0,106,30,0.7666666666666667,0.2169811320754717,0.3382352941176471,0.1780821917808219,0.8962264150943396,0.7636526410026858,0.23634735899731424,1117,264,0.28378378378378377,0.7636363636363637,55,148,73,13,sec_dev_0006
m3_full,19521009,dev,0.7,106,67,0.6865671641791045,0.4339622641509434,0.5317919075144509,0.19117647058823528,0.9811320754716981,0.7477718360071302,0.2522281639928699,2244,566,0.896551724137931,0.4727272727272727,55,29,136,26,sec_dev_0006
m3_full,19521009,dev,0.0,107,22,0.9090909090909091,0.18691588785046728,0.310077519379845,0.136986301369863,0.9252336448598131,0.7179741807348561,0.282025819265144,1007,284,0.275,0.8148148148148148,54,160,73,10,sec_dev_0007
m3_full,19521009,dev,0.7,107,55,0.7636363636363637,0.3925233644859813,0.5185185185185185,0.21739130434782608,1.1121495327102804,0.7068062827225131,0.2931937172774869,2292,672,1.0,0.46296296296296297,54,25,138,30,sec_dev_0007
m3_full,19521009,dev,0.0,109,33,0.7878787878787878,0.23853211009174313,0.36619718309859156,0.1411764705882353,0.926605504587156,0.7623529411764706,0.2376470588235294,1275,303,0.27611940298507465,0.7115384615384616,52,134,85,12,sec_dev_0008
m3_full,19521009,dev,0.7,109,57,0.7543859649122807,0.3944954128440367,0.5180722891566265,0.22058823529411764,1.073394495412844,0.7262423714036617,0.2737576285963383,2294,628,0.9259259259259259,0.4807692307692308,52,27,136,30,sec_dev_0008
m3_full,19521009,dev,0.0,110,24,0.625,0.13636363636363635,0.22388059701492535,0.17475728155339806,1.1454545454545455,0.7581699346405228,0.24183006535947713,1377,333,0.2926829268292683,0.7058823529411765,51,123,103,18,sec_dev_0009
m3_full,19521009,dev,0.7,110,57,0.631578947368421,0.32727272727272727,0.43113772455089816,0.2198581560283688,1.1818181818181819,0.7339449541284404,0.26605504587155965,2289,609,0.8571428571428571,0.47058823529411764,51,28,141,31,sec_dev_0009
m3_full,19521009,dev,0.0,104,23,0.7391304347826086,0.16346153846153846,0.2677165354330709,0.11764705882352941,0.9807692307692307,0.751931330472103,0.248068669527897,1165,289,0.2785714285714286,0.6842105263157895,57,140,85,10,sec_dev_0010
m3_full,19521009,dev,0.7,104,61,0.7049180327868853,0.41346153846153844,0.5212121212121211,0.23357664233576642,1.0288461538461537,0.7218011591618368,0.27819884083816315,2243,624,0.9259259259259259,0.43859649122807015,57,27,137,32,sec_dev_0010
m3_full,19521009,dev,0.0,105,25,0.64,0.1523809523809524,0.2461538461538462,0.18181818181818182,1.019047619047619,0.7647058823529411,0.23529411764705882,1292,304,0.265625,0.6071428571428571,56,128,88,16,sec_dev_0011
m3_full,19521009,dev,0.7,105,54,0.6111111111111112,0.3142857142857143,0.41509433962264153,0.2536231884057971,1.2095238095238094,0.7372881355932204,0.2627118644067797,2242,589,0.8928571428571429,0.44642857142857145,56,28,138,35,sec_dev_0011
m3_full,19521009,test,0.0,110,21,0.8571428571428571,0.16363636363636364,0.27480916030534347,0.07142857142857142,1.0,0.8212237093690249,0.17877629063097514,1046,187,0.24050632911392406,0.7450980392156863,51,158,84,6,sec_test_0000
m3_full,19521009,test,0.7,110,66,0.6818181818181818,0.4090909090909091,0.5113636363636365,0.2556390977443609,1.1,0.7453199825859818,0.2546800174140183,2297,585,0.8928571428571429,0.49019607843137253,51,28,133,34,sec_test_0000
m3_full,19521009,test,0.0,106,37,0.6216216216216216,0.2169811320754717,0.3216783216783217,0.2558139534883721,1.0,0.6957787481804949,0.3042212518195051,1374,418,0.33884297520661155,0.7454545454545455,55,121,86,22,sec_test_0001
m3_full,19521009,test,0.7,106,63,0.6190476190476191,0.36792452830188677,0.4615384615384615,0.29770992366412213,1.1226415094339623,0.6845107503290917,0.3154892496709083,2279,719,0.9615384615384616,0.45454545454545453,55,26,131,39,sec_test_0001
m3_full,19521009,test,0.0,114,28,0.7857142857142857,0.19298245614035087,0.30985915492957744,0.17857142857142858,0.9210526315789473,0.7648475120385233,0.23515248796147672,1246,293,0.23943661971830985,0.723404255319149,47,142,84,15,sec_test_0002
m3_full,19521009,test,0.7,114,61,0.6885245901639344,0.3684210526315789,0.48,0.3161764705882353,1.131578947368421,0.7282423208191127,0.2717576791808874,2344,637,0.9629629629629629,0.5531914893617021,47,27,136,43,sec_test_0002
m3_full,19521009,test,0.0,111,20,0.75,0.13513513513513514,0.22900763358778628,0.12987012987012986,0.9819819819819819,0.7850467289719626,0.21495327102803738,963,207,0.2261904761904762,0.76,50,168,77,10,sec_test_0003
m3_full,19521009,test,0.7,111,66,0.7575757575757576,0.45045045045045046,0.5649717514124294,0.20588235294117646,0.990990990990991,0.7320490367775832,0.2679509632224168,2284,612,0.8666666666666667,0.52,50,30,136,28,sec_test_0003
m3_full,19521009,test,0.0,109,32,0.75,0.22018348623853212,0.3404255319148936,0.13333333333333333,0.8623853211009175,0.7582978723404256,0.24170212765957447,1175,284,0.25517241379310346,0.7115384615384616,52,145,75,10,sec_test_0004
m3_full,19521009,test,0.7,109,61,0.7049180327868853,0.3944954128440367,0.5058823529411764,0.2,1.0091743119266054,0.7321507760532151,0.2678492239467849,2255,604,0.8387096774193549,0.5,52,31,135,27,sec_test_0004
m3_full,19521009,test,0.0,107,32,0.90625,0.27102803738317754,0.4172661870503597,0.18518518518518517,0.8785046728971962,0.7990155865463495,0.20098441345365053,1219,245,0.2971014492753623,0.7592592592592593,54,138,81,15,sec_test_0005
m3_full,19521009,test,0.7,107,59,0.6610169491525424,0.3644859813084112,0.46987951807228917,0.26153846153846155,1.074766355140187,0.7541666666666667,0.24583333333333332,2160,531,0.717948717948718,0.5185185185185185,54,39,130,34,sec_test_0005
m3_full,19521009,test,0.0,108,21,0.7142857142857143,0.1388888888888889,0.23255813953488372,0.1323529411764706,0.9722222222222222,0.7494577006507592,0.25054229934924077,922,231,0.25882352941176473,0.8301886792452831,53,170,68,9,sec_test_0006
m3_full,19521009,test,0.7,108,64,0.640625,0.37962962962962965,0.4767441860465116,0.18796992481203006,1.0925925925925926,0.7432131731197151,0.2567868268802848,2247,577,0.8064516129032258,0.4716981132075472,53,31,133,25,sec_test_0006
m3_full,19521009,test,0.0,112,28,0.7142857142857143,0.17857142857142858,0.2857142857142857,0.17721518987341772,0.9821428571428571,0.7423312883435582,0.25766871165644173,1141,294,0.23841059602649006,0.7346938775510204,49,151,79,14,sec_test_0007
m3_full,19521009,test,0.7,112,65,0.6461538461538462,0.375,0.47457627118644075,0.2857142857142857,1.125,0.7074122236671001,0.2925877763328999,2307,675,0.8620689655172413,0.5102040816326531,49,29,133,38,sec_test_0007
m3_full,19521009,test,0.0,106,24,0.7083333333333334,0.16037735849056603,0.26153846153846155,0.13253012048192772,0.9811320754716981,0.7497820401046207,0.25021795989537926,1147,287,0.2986111111111111,0.7818181818181819,55,144,83,11,sec_test_0008
m3_full,19521009,test,0.7,106,63,0.6349206349206349,0.37735849056603776,0.47337278106508884,0.2727272727272727,1.0849056603773586,0.7155399473222125,0.2844600526777875,2278,648,0.9230769230769231,0.43636363636363634,55,26,132,36,sec_test_0008
m3_full,19521009,test,0.0,108,29,0.5517241379310345,0.14814814814814814,0.23357664233576642,0.25609756097560976,1.1018518518518519,0.7795031055900621,0.2204968944099379,1288,284,0.30303030303030304,0.7547169811320755,53,132,82,21,sec_test_0009
m3_full,19521009,test,0.7,108,61,0.6065573770491803,0.3425925925925926,0.43786982248520717,0.2992125984251969,1.1481481481481481,0.7589650476622787,0.2410349523377213,2203,531,0.75,0.5094339622641509,53,36,127,38,sec_test_0009
m3_full,19521009,test,0.0,110,21,0.8095238095238095,0.15454545454545454,0.2595419847328244,0.1,0.8909090909090909,0.8139784946236559,0.1860215053763441,930,173,0.21637426900584794,0.7254901960784313,51,171,70,7,sec_test_0010
m3_full,19521009,test,0.7,110,66,0.7272727272727273,0.43636363636363634,0.5454545454545455,0.21641791044776118,0.9818181818181818,0.7608120035304502,0.23918799646954986,2266,542,0.8064516129032258,0.49019607843137253,51,31,134,29,sec_test_0010
m3_full,19521009,test,0.0,98,20,0.65,0.1326530612244898,0.22033898305084745,0.0945945945945946,0.9693877551020408,0.7634194831013916,0.23658051689860835,1006,238,0.2980132450331126,0.7142857142857143,63,151,74,7,sec_test_0011
m3_full,19521009,test,0.7,98,59,0.711864406779661,0.42857142857142855,0.535031847133758,0.208,0.9897959183673469,0.7094688221709007,0.2905311778290993,2165,629,0.9,0.42857142857142855,63,30,125,26,sec_test_0011
m3_full,19521009,test,0.0,116,32,0.78125,0.21551724137931033,0.33783783783783783,0.11224489795918367,0.9482758620689655,0.7653061224489796,0.23469387755102042,1372,322,0.25384615384615383,0.7333333333333333,45,130,98,11,sec_test_0012
m3_full,19521009,test,0.7,116,70,0.6714285714285714,0.4051724137931034,0.5053763440860214,0.21897810218978103,1.0775862068965518,0.7332479726845924,0.2667520273154076,2343,625,0.8620689655172413,0.5555555555555556,45,29,137,30,sec_test_0012
m3_full,19521010,dev,0.0,113,28,0.6071428571428571,0.1504424778761062,0.24113475177304966,0.2028985507246377,0.9734513274336283,0.7049028677150786,0.29509713228492135,1081,319,0.22641509433962265,0.75,48,159,69,14,sec_dev_0000
m3_full,19521010,dev,0.7,113,58,0.5862068965517241,0.3008849557522124,0.3976608187134503,0.3474576271186441,1.1238938053097345,0.6678352322524101,0.33216476774758985,2282,758,0.7352941176470589,0.5208333333333334,48,34,118,41,sec_dev_0000
m3_full,19521010,dev,0.0,111,23,0.782608695652174,0.16216216216216217,0.2686567164179105,0.288135593220339,0.963963963963964,0.665677546983185,0.334322453016815,1011,338,0.24242424242424243,0.8,50,165,59,17,sec_dev_0001
m3_full,19521010,dev,0.7,111,57,0.6842105263157895,0.35135135135135137,0.4642857142857143,0.3389830508474576,1.09009009009009,0.659132007233273,0.34086799276672697,2212,754,0.6666666666666666,0.52,50,39,118,40,sec_dev_0001
m3_full,19521010,dev,0.0,112,23,0.7391304347826086,0.15178571428571427,0.2518518518518518,0.21875,0.9464285714285714,0.6967871485943775,0.3032128514056225,996,302,0.23952095808383234,0.8163265306122449,49,167,64,14,sec_dev_0002
m3_full,19521010,dev,0.7,112,53,0.6226415094339622,0.29464285714285715,0.4,0.2975206611570248,1.1696428571428572,0.6715395157606212,0.32846048423937874,2189,719,0.6666666666666666,0.5714285714285714,49,42,121,36,sec_dev_0002
m3_full,19521010,dev,0.0,104,22,0.5454545454545454,0.11538461538461539,0.19047619047619047,0.24615384615384617,1.0576923076923077,0.6602870813397129,0.3397129186602871,1045,355,0.2857142857142857,0.7719298245614035,57,154,65,16,sec_dev_0003
m3_full,19521010,dev,0.7,104,59,0.5254237288135594,0.2980769230769231,0.3803680981595092,0.3050847457627119,1.2115384615384615,0.6761152416356877,0.32388475836431224,2152,697,0.7631578947368421,0.5087719298245614,57,38,118,36,sec_dev_0003
m3_full,19521010,dev,0.0,117,33,0.7272727272727273,0.20512820512820512,0.32,0.2328767123287671,0.9487179487179487,0.6835043409629045,0.3164956590370955,1267,401,0.2152777777777778,0.7045454545454546,44,144,73,17,sec_dev_0004
m3_full,19521010,dev,0.7,117,60,0.6333333333333333,0.3247863247863248,0.42937853107344637,0.304,1.1025641025641026,0.6949891067538126,0.30501089324618735,2295,700,0.6944444444444444,0.5681818181818182,44,36,125,38,sec_dev_0004
m3_full,19521010,dev,0.0,121,28,0.6785714285714286,0.15702479338842976,0.25503355704697983,0.30434782608695654,1.024793388429752,0.6536219816819318,0.3463780183180683,1201,416,0.22580645161290322,0.875,40,155,69,21,sec_dev_0005
m3_full,19521010,dev,0.7,121,62,0.6290322580645161,0.32231404958677684,0.4262295081967213,0.3228346456692913,1.1322314049586777,0.6798953336240733,0.3201046663759267,2293,734,0.675,0.675,40,40,127,41,sec_dev_0005
m3_full,19521010,dev,0.0,106,18,0.7222222222222222,0.12264150943396226,0.20967741935483872,0.2,0.9811320754716981,0.6896103896103896,0.3103896103896104,770,239,0.24864864864864866,0.8363636363636363,55,185,50,10,sec_dev_0006
m3_full,19521010,dev,0.7,106,50,0.62,0.29245283018867924,0.3974358974358974,0.26548672566371684,1.1132075471698113,0.6841844323252355,0.3158155676747645,2017,637,0.5,0.4909090909090909,55,54,113,30,sec_dev_0006
m3_full,19521010,dev,0.0,107,16,0.625,0.09345794392523364,0.16260162601626016,0.24,1.0093457943925233,0.6763157894736842,0.3236842105263158,760,246,0.22994652406417113,0.7962962962962963,54,187,50,12,sec_dev_0007
m3_full,19521010,dev,0.7,107,57,0.6666666666666666,0.35514018691588783,0.46341463414634143,0.275,1.0841121495327102,0.6785714285714286,0.32142857142857145,2100,675,0.6086956521739131,0.5185185185185185,54,46,120,33,sec_dev_0007
m3_full,19521010,dev,0.0,109,26,0.5769230769230769,0.13761467889908258,0.22222222222222218,0.2542372881355932,1.055045871559633,0.6693306693306693,0.3306693306693307,1001,331,0.23780487804878048,0.75,52,164,59,15,sec_dev_0008
m3_full,19521010,dev,0.7,109,58,0.5862068965517241,0.3119266055045872,0.407185628742515,0.2892561983471074,1.1743119266055047,0.6729100045682961,0.327089995431704,2189,716,0.6923076923076923,0.5192307692307693,52,39,121,35,sec_dev_0008
m3_full,19521010,dev,0.0,110,23,0.4782608695652174,0.1,0.16541353383458648,0.23529411764705882,1.0636363636363637,0.7054794520547945,0.2945205479452055,1022,301,0.24074074074074073,0.7647058823529411,51,162,68,16,sec_dev_0009
m3_full,19521010,dev,0.7,110,59,0.5084745762711864,0.2727272727272727,0.35502958579881655,0.29365079365079366,1.2363636363636363,0.6898395721925134,0.31016042780748665,2244,696,0.7058823529411765,0.47058823529411764,51,34,126,37,sec_dev_0009
m3_full,19521010,dev,0.0,104,18,0.5,0.08653846153846154,0.14754098360655737,0.20689655172413793,1.0096153846153846,0.6776315789473684,0.3223684210526316,912,294,0.25,0.7368421052631579,57,168,58,12,sec_dev_0010
m3_full,19521010,dev,0.7,104,48,0.5208333333333334,0.2403846153846154,0.3289473684210526,0.288135593220339,1.2019230769230769,0.6858789625360231,0.31412103746397696,2082,654,0.6222222222222222,0.49122807017543857,57,45,118,34,sec_dev_0010
m3_full,19521010,dev,0.0,105,26,0.5384615384615384,0.13333333333333333,0.21374045801526717,0.23529411764705882,1.0476190476190477,0.7408829174664108,0.2591170825335892,1042,270,0.2709677419354839,0.75,56,155,68,16,sec_dev_0011
m3_full,19521010,dev,0.7,105,58,0.4827586206896552,0.26666666666666666,0.34355828220858897,0.31496062992125984,1.2857142857142858,0.6857523302263648,0.31424766977363516,2253,708,0.8928571428571429,0.44642857142857145,56,28,127,40,sec_dev_0011
m3_full,19521010,test,0.0,110,19,0.7368421052631579,0.12727272727272726,0.21705426356589141,0.23636363636363636,1.0272727272727273,0.7028901734104046,0.2971098265895954,865,257,0.24022346368715083,0.8431372549019608,51,179,55,13,sec_test_0000
m3_full,19521010,test,0.7,110,49,0.5714285714285714,0.2545454545454545,0.35220125786163514,0.31932773109243695,1.2454545454545454,0.7208073041806824,0.27919269581931766,2081,581,0.5686274509803921,0.5686274509803921,51,51,119,38,sec_test_0000
m3_full,19521010,test,0.0,106,28,0.6785714285714286,0.1792452830188679,0.2835820895522388,0.26229508196721313,0.9905660377358491,0.6657223796033994,0.3342776203966006,1059,354,0.2967741935483871,0.8363636363636363,55,155,61,16,sec_test_0001
m3_full,19521010,test,0.7,106,57,0.631578947368421,0.33962264150943394,0.44171779141104295,0.3008849557522124,1.0660377358490567,0.6844919786096257,0.3155080213903743,2057,649,0.58,0.5272727272727272,55,50,113,34,sec_test_0001
m3_full,19521010,test,0.0,114,31,0.6451612903225806,0.17543859649122806,0.27586206896551724,0.3333333333333333,1.0350877192982457,0.6835548172757475,0.3164451827242525,1204,381,0.25675675675675674,0.8085106382978723,47,148,66,22,sec_test_0002
m3_full,19521010,test,0.7,114,62,0.6129032258064516,0.3333333333333333,0.43181818181818177,0.3813559322033898,1.1491228070175439,0.6678200692041523,0.33217993079584773,2312,768,0.84375,0.574468085106383,47,32,118,45,sec_test_0002
m3_full,19521010,test,0.0,111,21,0.6666666666666666,0.12612612612612611,0.21212121212121213,0.1791044776119403,1.0,0.7068793619142573,0.2931206380857428,1003,294,0.23030303030303031,0.76,50,165,67,12,sec_test_0003
m3_full,19521010,test,0.7,111,53,0.6037735849056604,0.2882882882882883,0.3902439024390244,0.27049180327868855,1.162162162162162,0.6805183199285076,0.3194816800714924,2238,715,0.7222222222222222,0.52,50,36,122,33,sec_test_0003
m3_full,19521010,test,0.0,109,26,0.5384615384615384,0.12844036697247707,0.20740740740740743,0.2028985507246377,1.018348623853211,0.712776176753122,0.287223823246878,1041,299,0.2578616352201258,0.7884615384615384,52,159,69,14,sec_test_0004
m3_full,19521010,test,0.7,109,60,0.6,0.3302752293577982,0.4260355029585799,0.30578512396694213,1.1192660550458715,0.6924850161364684,0.3075149838635316,2169,667,0.7560975609756098,0.5961538461538461,52,41,121,37,sec_test_0004
m3_full,19521010,test,0.0,107,19,0.631578947368421,0.11214953271028037,0.1904761904761905,0.23636363636363636,1.0373831775700935,0.7214723926380369,0.2785276073619632,815,227,0.2430939226519337,0.8148148148148148,54,181,55,13,sec_test_0005
m3_full,19521010,test,0.7,107,47,0.5957446808510638,0.2616822429906542,0.3636363636363636,0.25833333333333336,1.1682242990654206,0.7104477611940299,0.28955223880597014,2010,582,0.4909090909090909,0.5,54,55,120,31,sec_test_0005
m3_full,19521010,test,0.0,108,23,0.6521739130434783,0.1388888888888889,0.22900763358778628,0.23943661971830985,1.0185185185185186,0.7507082152974505,0.24929178470254956,1059,264,0.25,0.7358490566037735,53,156,71,17,sec_test_0006
m3_full,19521010,test,0.7,108,57,0.543859649122807,0.28703703703703703,0.37575757575757573,0.33064516129032256,1.2777777777777777,0.7180417044424298,0.28195829555757024,2206,622,0.6944444444444444,0.4716981132075472,53,36,124,41,sec_test_0006
m3_full,19521010,test,0.0,112,23,0.6521739130434783,0.13392857142857142,0.22222222222222224,0.25757575757575757,1.0178571428571428,0.7271880819366853,0.27281191806331473,1074,293,0.23270440251572327,0.7551020408163265,49,159,66,17,sec_test_0007
m3_full,19521010,test,0.7,112,56,0.5357142857142857,0.26785714285714285,0.3571428571428571,0.3333333333333333,1.1785714285714286,0.7009132420091324,0.2990867579908676,2190,655,0.6190476190476191,0.5306122448979592,49,42,120,40,sec_test_0007
m3_full,19521010,test,0.0,106,25,0.48,0.11320754716981132,0.183206106870229,0.2857142857142857,1.0943396226415094,0.6853490658800394,0.31465093411996065,1017,320,0.2893081761006289,0.8363636363636363,55,159,63,18,sec_test_0008
m3_full,19521010,test,0.7,106,49,0.4489795918367347,0.20754716981132076,0.2838709677419355,0.288,1.3584905660377358,0.6730679156908665,0.3269320843091335,2135,698,0.6341463414634146,0.4727272727272727,55,41,125,36,sec_test_0008
m3_full,19521010,test,0.0,108,15,0.5333333333333333,0.07407407407407407,0.13008130081300812,0.19148936170212766,1.037037037037037,0.7182235834609494,0.28177641653905056,653,184,0.24120603015075376,0.9056603773584906,53,199,47,9,sec_test_0009
m3_full,19521010,test,0.7,108,49,0.3877551020408163,0.17592592592592593,0.24203821656050956,0.39285714285714285,1.3611111111111112,0.700657894736842,0.2993421052631579,2128,637,0.6,0.5094339622641509,53,45,112,44,sec_test_0009
m3_full,19521010,test,0.0,110,19,0.7368421052631579,0.12727272727272726,0.21705426356589141,0.22580645161290322,1.0272727272727273,0.7390396659707724,0.2609603340292276,958,250,0.23076923076923078,0.7647058823529411,51,169,62,14,sec_test_0010
m3_full,19521010,test,0.7,110,60,0.6,0.32727272727272727,0.4235294117647059,0.2903225806451613,1.1363636363636365,0.7128801431127012,0.28711985688729874,2236,642,0.7428571428571429,0.5098039215686274,51,35,124,36,sec_test_0010
m3_full,19521010,test,0.0,98,20,0.6,0.12244897959183673,0.20338983050847456,0.23880597014925373,1.0816326530612246,0.6807286673058486,0.3192713326941515,1043,333,0.30405405405405406,0.7142857142857143,63,148,67,16,sec_test_0011
m3_full,19521010,test,0.7,98,53,0.6037735849056604,0.32653061224489793,0.42384105960264895,0.275,1.1428571428571428,0.7023474178403756,0.2976525821596244,2130,634,0.7941176470588235,0.42857142857142855,63,34,120,33,sec_test_0011
m3_full,19521010,test,0.0,116,16,0.6875,0.09482758620689655,0.16666666666666666,0.10638297872340426,0.9482758620689655,0.7756714060031595,0.22432859399684044,633,142,0.19138755980861244,0.8888888888888888,45,209,47,5,sec_test_0012
m3_full,19521010,test,0.7,116,63,0.6190476190476191,0.33620689655172414,0.43575418994413406,0.256198347107438,1.0517241379310345,0.7403443462075384,0.2596556537924616,2149,558,0.54,0.6,45,50,121,31,sec_test_0012
no_motion,19521006,dev,0.0,113,24,0.75,0.1592920353982301,0.2627737226277372,0.2125,1.079646017699115,0.7343999999999999,0.2656,1250,332,0.28368794326241137,0.8333333333333334,48,141,80,17,sec_dev_0000
no_motion,19521006,dev,0.7,113,57,0.7017543859649122,0.35398230088495575,0.4705882352941176,0.2518518518518518,1.0973451327433628,0.7342281879194631,0.2657718120805369,2235,594,0.7297297297297297,0.5625,48,37,135,34,sec_dev_0000
no_motion,19521006,dev,0.0,111,32,0.75,0.21621621621621623,0.3356643356643357,0.1724137931034483,0.972972972972973,0.7659247889485802,0.2340752110514198,1303,305,0.2857142857142857,0.76,50,133,87,15,sec_dev_0001
no_motion,19521006,dev,0.7,111,59,0.6949152542372882,0.36936936936936937,0.48235294117647054,0.2868217054263566,1.0810810810810811,0.7151702786377709,0.2848297213622291,2261,644,0.7878787878787878,0.52,50,33,129,37,sec_dev_0001
no_motion,19521006,dev,0.0,112,30,0.6666666666666666,0.17857142857142858,0.28169014084507044,0.16176470588235295,0.9107142857142857,0.7257751937984496,0.2742248062015504,1032,283,0.2147239263803681,0.7142857142857143,49,163,68,11,sec_dev_0002
no_motion,19521006,dev,0.7,112,68,0.6764705882352942,0.4107142857142857,0.5111111111111111,0.2619047619047619,0.9642857142857143,0.7005277044854881,0.2994722955145119,2274,681,0.7878787878787878,0.5306122448979592,49,33,126,33,sec_dev_0002
no_motion,19521006,dev,0.0,104,27,0.6296296296296297,0.16346153846153846,0.2595419847328244,0.14285714285714285,1.0865384615384615,0.7627551020408163,0.2372448979591837,1176,279,0.2949640287769784,0.7192982456140351,57,139,84,12,sec_dev_0003
no_motion,19521006,dev,0.7,104,54,0.46296296296296297,0.2403846153846154,0.31645569620253167,0.21739130434782608,1.375,0.718978102189781,0.28102189781021897,2192,616,0.8125,0.45614035087719296,57,32,138,30,sec_dev_0003
no_motion,19521006,dev,0.0,117,28,0.8571428571428571,0.20512820512820512,0.3310344827586207,0.24175824175824176,1.0256410256410255,0.7387785136129508,0.2612214863870493,1359,355,0.2706766917293233,0.8181818181818182,44,133,91,22,sec_dev_0004
no_motion,19521006,dev,0.7,117,62,0.6774193548387096,0.358974358974359,0.4692737430167598,0.2826086956521739,1.1025641025641026,0.7224594363791631,0.2775405636208369,2342,650,0.8333333333333334,0.5681818181818182,44,30,138,39,sec_dev_0004
no_motion,19521006,dev,0.0,121,32,0.75,0.19834710743801653,0.3137254901960784,0.20652173913043478,1.0413223140495869,0.7324561403508771,0.2675438596491228,1368,366,0.2426470588235294,0.825,40,136,92,19,sec_dev_0005
no_motion,19521006,dev,0.7,121,64,0.640625,0.33884297520661155,0.44324324324324327,0.3,1.1735537190082646,0.6915611814345992,0.30843881856540084,2370,731,0.8709677419354839,0.675,40,31,140,42,sec_dev_0005
no_motion,19521006,dev,0.0,106,31,0.9354838709677419,0.27358490566037735,0.4233576642335766,0.1232876712328767,0.8584905660377359,0.756490599820949,0.24350940017905104,1117,272,0.27702702702702703,0.7454545454545455,55,148,73,9,sec_dev_0006
no_motion,19521006,dev,0.7,106,61,0.7049180327868853,0.4056603773584906,0.5149700598802396,0.248,0.9716981132075472,0.7339407744874715,0.2660592255125285,2195,584,0.7428571428571429,0.4727272727272727,55,35,125,31,sec_dev_0006
no_motion,19521006,dev,0.0,107,38,0.7368421052631579,0.2616822429906542,0.3862068965517241,0.20224719101123595,0.9626168224299065,0.7146795313576844,0.28532046864231564,1451,414,0.2982456140350877,0.6296296296296297,54,114,89,18,sec_dev_0007
no_motion,19521006,dev,0.7,107,64,0.703125,0.4205607476635514,0.5263157894736842,0.24812030075187969,1.0186915887850467,0.6987374836743578,0.30126251632564216,2297,692,0.96,0.4444444444444444,54,25,133,33,sec_dev_0007
no_motion,19521006,dev,0.0,109,33,0.8181818181818182,0.24770642201834864,0.3802816901408451,0.11627906976744186,0.8990825688073395,0.7733118971061093,0.2266881028938907,1244,282,0.25547445255474455,0.6730769230769231,52,137,86,10,sec_dev_0008
no_motion,19521006,dev,0.7,109,64,0.640625,0.3761467889908257,0.4739884393063584,0.23846153846153847,1.0642201834862386,0.7302631578947368,0.26973684210526316,2280,615,0.8275862068965517,0.46153846153846156,52,29,130,31,sec_dev_0008
no_motion,19521006,dev,0.0,110,32,0.65625,0.19090909090909092,0.295774647887324,0.23404255319148937,1.0454545454545454,0.7207267833109017,0.27927321668909827,1486,415,0.3274336283185841,0.7254901960784313,51,113,94,22,sec_dev_0009
no_motion,19521006,dev,0.7,110,60,0.6666666666666666,0.36363636363636365,0.4705882352941177,0.2846153846153846,1.0909090909090908,0.7200873362445415,0.27991266375545854,2290,641,0.896551724137931,0.5098039215686274,51,29,130,37,sec_dev_0009
no_motion,19521006,dev,0.0,104,32,0.59375,0.18269230769230768,0.2794117647058823,0.2345679012345679,1.0288461538461537,0.7577442414614773,0.24225575853852263,1259,305,0.31297709923664124,0.7192982456140351,57,131,81,19,sec_dev_0010
no_motion,19521006,dev,0.7,104,58,0.7068965517241379,0.3942307692307692,0.5061728395061729,0.24390243902439024,1.0,0.7363763390777829,0.26362366092221706,2147,566,0.7631578947368421,0.5087719298245614,57,38,123,30,sec_dev_0010
no_motion,19521006,dev,0.0,105,34,0.7647058823529411,0.24761904761904763,0.37410071942446044,0.15384615384615385,0.9142857142857143,0.7356797791580401,0.26432022084196,1449,383,0.30357142857142855,0.6071428571428571,56,112,91,14,sec_dev_0011
no_motion,19521006,dev,0.7,105,65,0.7230769230769231,0.44761904761904764,0.5529411764705882,0.20930232558139536,0.9238095238095239,0.7271118973905352,0.27288810260946483,2261,617,0.8888888888888888,0.42857142857142855,56,27,129,27,sec_dev_0011
no_motion,19521006,test,0.0,110,28,0.6071428571428571,0.15454545454545454,0.24637681159420288,0.1643835616438356,0.9818181818181818,0.7515808491418248,0.24841915085817526,1107,275,0.23529411764705882,0.7058823529411765,51,153,73,12,sec_test_0000
no_motion,19521006,test,0.7,110,59,0.576271186440678,0.3090909090909091,0.4023668639053254,0.2462686567164179,1.1545454545454545,0.731244483671668,0.2687555163283319,2266,609,0.8064516129032258,0.49019607843137253,51,31,134,33,sec_test_0000
no_motion,19521006,test,0.0,106,36,0.75,0.25471698113207547,0.380281690140845,0.1511627906976744,0.9056603773584906,0.7763929618768328,0.22360703812316715,1364,305,0.3442622950819672,0.7636363636363637,55,122,86,13,sec_test_0001
no_motion,19521006,test,0.7,106,58,0.7068965517241379,0.3867924528301887,0.5,0.18518518518518517,1.0660377358490567,0.7591836734693878,0.24081632653061225,2205,531,0.8484848484848485,0.509090909090909,55,33,135,25,sec_test_0001
no_motion,19521006,test,0.0,114,34,0.7058823529411765,0.21052631578947367,0.3243243243243243,0.21052631578947367,1.0350877192982457,0.7299663299663299,0.27003367003367,1485,401,0.28205128205128205,0.7021276595744681,47,117,95,20,sec_test_0002
no_motion,19521006,test,0.7,114,60,0.6666666666666666,0.3508771929824561,0.4597701149425287,0.291044776119403,1.105263157894737,0.7137901127493496,0.2862098872506505,2306,660,0.8709677419354839,0.574468085106383,47,31,134,39,sec_test_0002
no_motion,19521006,test,0.0,111,31,0.8064516129032258,0.22522522522522523,0.35211267605633806,0.1511627906976744,0.954954954954955,0.7895569620253164,0.21044303797468356,1264,266,0.24817518248175183,0.68,50,137,86,13,sec_test_0003
no_motion,19521006,test,0.7,111,69,0.7681159420289855,0.4774774774774775,0.588888888888889,0.23484848484848486,0.9369369369369369,0.7323759791122715,0.26762402088772846,2298,615,0.8620689655172413,0.5,50,29,132,31,sec_test_0003
no_motion,19521006,test,0.0,109,26,0.7692307692307693,0.1834862385321101,0.2962962962962963,0.18181818181818182,0.944954128440367,0.7340225563909775,0.26597744360902253,1064,283,0.24203821656050956,0.7307692307692307,52,157,66,12,sec_test_0004
no_motion,19521006,test,0.7,109,56,0.7857142857142857,0.4036697247706422,0.5333333333333333,0.256,0.981651376146789,0.7204597701149426,0.27954022988505745,2175,608,0.65,0.5,52,40,125,32,sec_test_0004
no_motion,19521006,test,0.0,107,37,0.6756756756756757,0.2336448598130841,0.3472222222222222,0.17857142857142858,0.9158878504672897,0.756838905775076,0.24316109422492402,1316,320,0.3125,0.7407407407407407,54,128,84,15,sec_test_0005
no_motion,19521006,test,0.7,107,69,0.6376811594202898,0.411214953271028,0.5,0.24031007751937986,1.0186915887850467,0.7380008806693087,0.2619991193306913,2271,595,0.9642857142857143,0.5,54,28,129,31,sec_test_0005
no_motion,19521006,test,0.0,108,19,0.6842105263157895,0.12037037037037036,0.2047244094488189,0.15873015873015872,1.0462962962962963,0.758082497212932,0.241917502787068,897,217,0.23699421965317918,0.7735849056603774,53,173,63,10,sec_test_0006
no_motion,19521006,test,0.7,108,52,0.6153846153846154,0.2962962962962963,0.4,0.2196969696969697,1.1944444444444444,0.7335495829471733,0.2664504170528267,2158,575,0.65,0.49056603773584906,53,40,132,29,sec_test_0006
no_motion,19521006,test,0.0,112,41,0.7804878048780488,0.2857142857142857,0.4183006535947712,0.18823529411764706,0.8839285714285714,0.7222614840989399,0.2777385159010601,1415,393,0.2845528455284553,0.7142857142857143,49,123,85,16,sec_test_0007
no_motion,19521006,test,0.7,112,62,0.7419354838709677,0.4107142857142857,0.528735632183908,0.2824427480916031,1.0089285714285714,0.7197067701595515,0.28029322984044847,2319,650,0.8928571428571429,0.5102040816326531,49,28,131,37,sec_test_0007
no_motion,19521006,test,0.0,106,34,0.6764705882352942,0.2169811320754717,0.3285714285714285,0.20618556701030927,1.009433962264151,0.7554462403373156,0.24455375966268447,1423,348,0.34782608695652173,0.7272727272727273,55,115,97,20,sec_test_0008
no_motion,19521006,test,0.7,106,61,0.6065573770491803,0.3490566037735849,0.4431137724550898,0.2631578947368421,1.1603773584905661,0.7062472308373948,0.29375276916260523,2257,663,0.9285714285714286,0.4727272727272727,55,28,133,35,sec_test_0008
no_motion,19521006,test,0.0,108,27,0.7037037037037037,0.17592592592592593,0.2814814814814815,0.22784810126582278,1.037037037037037,0.7597027250206441,0.2402972749793559,1211,291,0.2785714285714286,0.7358490566037735,53,140,79,18,sec_test_0009
no_motion,19521006,test,0.7,108,57,0.6140350877192983,0.32407407407407407,0.42424242424242425,0.2903225806451613,1.1574074074074074,0.7435440783615317,0.25645592163846836,2246,576,0.84375,0.5094339622641509,53,32,124,36,sec_test_0009
no_motion,19521006,test,0.0,110,23,0.7391304347826086,0.15454545454545454,0.2556390977443609,0.14285714285714285,1.009090909090909,0.7624660018132366,0.23753399818676338,1103,262,0.24183006535947713,0.7254901960784313,51,153,77,11,sec_test_0010
no_motion,19521006,test,0.7,110,60,0.7,0.38181818181818183,0.49411764705882355,0.26865671641791045,1.0727272727272728,0.7545537340619308,0.24544626593806923,2196,539,0.7105263157894737,0.5294117647058824,51,38,134,36,sec_test_0010
no_motion,19521006,test,0.0,98,39,0.7692307692307693,0.30612244897959184,0.43795620437956206,0.16483516483516483,0.9387755102040817,0.7418909592822636,0.2581090407177364,1449,374,0.3619047619047619,0.6031746031746031,63,105,91,15,sec_test_0011
no_motion,19521006,test,0.7,98,64,0.75,0.4897959183673469,0.5925925925925924,0.19047619047619047,0.8877551020408163,0.73502722323049,0.26497277676951,2204,584,1.0,0.4126984126984127,63,26,126,24,sec_test_0011
no_motion,19521006,test,0.0,116,31,0.7741935483870968,0.20689655172413793,0.326530612244898,0.18823529411764706,0.9913793103448276,0.747410358565737,0.25258964143426293,1255,317,0.23076923076923078,0.7333333333333333,45,143,85,16,sec_test_0012
no_motion,19521006,test,0.7,116,64,0.65625,0.3620689655172414,0.46666666666666673,0.2932330827067669,1.1120689655172413,0.7184083952776563,0.2815916047223437,2287,644,0.7714285714285715,0.6,45,35,133,39,sec_test_0012
no_motion,19521007,dev,0.0,113,6,0.8333333333333334,0.04424778761061947,0.08403361344537814,0.13793103448275862,1.0,0.8162729658792651,0.1837270341207349,381,70,0.1888412017167382,0.9166666666666666,48,233,29,4,sec_dev_0000
no_motion,19521007,dev,0.7,113,35,0.4857142857142857,0.1504424778761062,0.22972972972972971,0.336734693877551,1.2123893805309736,0.687046004842615,0.312953995157385,1652,517,0.29292929292929293,0.6041666666666666,48,99,98,33,sec_dev_0000
no_motion,19521007,dev,0.0,111,6,0.5,0.02702702702702703,0.05128205128205129,0.19047619047619047,1.0,0.7475728155339806,0.2524271844660194,309,78,0.18828451882845187,0.9,50,239,21,4,sec_dev_0001
no_motion,19521007,dev,0.7,111,27,0.5185185185185185,0.12612612612612611,0.2028985507246377,0.25,1.054054054054054,0.6993517017828201,0.3006482982171799,1234,371,0.2553191489361702,0.72,50,141,76,19,sec_dev_0001
no_motion,19521007,dev,0.0,112,1,1.0,0.008928571428571428,0.017699115044247787,0.1,1.0,0.8909090909090909,0.10909090909090909,110,12,0.18007662835249041,0.9591836734693877,49,261,10,1,sec_dev_0002
no_motion,19521007,dev,0.7,112,28,0.5,0.125,0.2,0.2375,1.0714285714285714,0.717741935483871,0.28225806451612906,1240,350,0.24113475177304963,0.6938775510204082,49,141,80,19,sec_dev_0002
no_motion,19521007,dev,0.0,104,6,0.8333333333333334,0.04807692307692308,0.09090909090909091,0.08695652173913043,0.9711538461538461,0.7665505226480837,0.23344947735191637,287,67,0.23504273504273504,0.9649122807017544,57,234,23,2,sec_dev_0003
no_motion,19521007,dev,0.7,104,41,0.5365853658536586,0.21153846153846154,0.30344827586206896,0.18446601941747573,1.0961538461538463,0.7294927989981215,0.27050720100187853,1597,432,0.3684210526315789,0.6140350877192983,57,95,103,19,sec_dev_0003
no_motion,19521007,dev,0.0,117,7,0.42857142857142855,0.02564102564102564,0.04838709677419355,0.21428571428571427,1.0256410256410255,0.8038674033149171,0.19613259668508287,362,71,0.17154811715481172,0.9318181818181818,44,239,28,6,sec_dev_0004
no_motion,19521007,dev,0.7,117,47,0.5106382978723404,0.20512820512820512,0.2926829268292683,0.32989690721649484,1.1025641025641026,0.7016449234259785,0.29835507657402155,1763,526,0.30434782608695654,0.6363636363636364,44,92,97,32,sec_dev_0004
no_motion,19521007,dev,0.0,121,10,0.9,0.0743801652892562,0.13740458015267176,0.05405405405405406,0.9504132231404959,0.8543046357615894,0.1456953642384106,453,66,0.15879828326180256,0.925,40,233,37,2,sec_dev_0005
no_motion,19521007,dev,0.7,121,52,0.7884615384615384,0.33884297520661155,0.4739884393063584,0.24761904761904763,0.9173553719008265,0.7521367521367521,0.24786324786324787,1755,435,0.3229166666666667,0.775,40,96,105,26,sec_dev_0005
no_motion,19521007,dev,0.0,106,4,1.0,0.03773584905660377,0.07272727272727272,0.11764705882352941,0.9716981132075472,0.784037558685446,0.215962441314554,213,46,0.21721311475409835,0.9636363636363636,55,244,17,2,sec_dev_0006
no_motion,19521007,dev,0.7,106,24,0.5833333333333334,0.1320754716981132,0.21538461538461542,0.1724137931034483,1.1226415094339623,0.7485572959604287,0.2514427040395713,1213,305,0.24817518248175183,0.6181818181818182,55,137,87,15,sec_dev_0006
no_motion,19521007,dev,0.0,107,13,0.7692307692307693,0.09345794392523364,0.16666666666666666,0.13043478260869565,0.9813084112149533,0.7693602693602694,0.23063973063973064,594,137,0.23039215686274508,0.8703703703703703,54,204,46,6,sec_dev_0007
no_motion,19521007,dev,0.7,107,49,0.673469387755102,0.308411214953271,0.423076923076923,0.2549019607843137,1.0093457943925233,0.6789989118607181,0.32100108813928185,1838,590,0.40540540540540543,0.5555555555555556,54,74,102,26,sec_dev_0007
no_motion,19521007,dev,0.0,109,5,1.0,0.045871559633027525,0.08771929824561404,0.13636363636363635,0.963302752293578,0.6145251396648045,0.3854748603351955,358,138,0.21551724137931033,0.9615384615384616,52,232,22,3,sec_dev_0008
no_motion,19521007,dev,0.7,109,33,0.696969696969697,0.21100917431192662,0.323943661971831,0.2777777777777778,1.018348623853211,0.6885350318471337,0.31146496815286623,1570,489,0.3269230769230769,0.6538461538461539,52,104,90,25,sec_dev_0008
no_motion,19521007,dev,0.0,110,10,0.9,0.08181818181818182,0.15,0.1282051282051282,0.9454545454545454,0.744916820702403,0.25508317929759705,541,138,0.20657276995305165,0.8627450980392157,51,213,39,5,sec_dev_0009
no_motion,19521007,dev,0.7,110,43,0.6976744186046512,0.2727272727272727,0.39215686274509803,0.23076923076923078,0.990909090909091,0.7249417249417249,0.27505827505827507,1716,472,0.34831460674157305,0.6078431372549019,51,89,104,24,sec_dev_0009
no_motion,19521007,dev,0.0,104,6,1.0,0.057692307692307696,0.1090909090909091,0.13636363636363635,0.9519230769230769,0.7922077922077921,0.2077922077922078,308,64,0.23706896551724138,0.9649122807017544,57,232,22,3,sec_dev_0010
no_motion,19521007,dev,0.7,104,42,0.6666666666666666,0.2692307692307692,0.38356164383561636,0.24242424242424243,1.0384615384615385,0.7070142768466791,0.29298572315332094,1611,472,0.40425531914893614,0.6666666666666666,57,94,99,24,sec_dev_0010
no_motion,19521007,dev,0.0,105,13,0.6153846153846154,0.0761904761904762,0.13559322033898308,0.16216216216216217,0.9904761904761905,0.8126195028680688,0.18738049713193117,523,98,0.24285714285714285,0.9107142857142857,56,210,37,6,sec_dev_0011
no_motion,19521007,dev,0.7,105,40,0.575,0.21904761904761905,0.31724137931034485,0.21052631578947367,1.0761904761904761,0.7612028301886793,0.23879716981132076,1696,405,0.32941176470588235,0.5,56,85,114,24,sec_dev_0011
no_motion,19521007,test,0.0,110,7,1.0,0.06363636363636363,0.11965811965811964,0.17647058823529413,0.9363636363636364,0.8278388278388278,0.17216117216117216,273,47,0.2066115702479339,0.9803921568627451,51,242,17,3,sec_test_0000
no_motion,19521007,test,0.7,110,40,0.65,0.23636363636363636,0.3466666666666666,0.2413793103448276,0.9818181818181818,0.7666900913562895,0.23330990864371048,1423,332,0.325,0.7647058823529411,51,120,87,21,sec_test_0000
no_motion,19521007,test,0.0,106,6,1.0,0.05660377358490566,0.10714285714285715,0.043478260869565216,0.9622641509433962,0.8188153310104529,0.18118466898954705,287,52,0.21610169491525424,0.9272727272727272,55,236,23,1,sec_test_0001
no_motion,19521007,test,0.7,106,38,0.6052631578947368,0.2169811320754717,0.3194444444444444,0.24731182795698925,1.0660377358490567,0.7257745550428477,0.2742254449571523,1517,416,0.33962264150943394,0.6545454545454545,55,106,93,23,sec_test_0001
no_motion,19521007,test,0.0,114,17,0.7647058823529411,0.11403508771929824,0.19847328244274806,0.19444444444444445,0.9473684210526315,0.7080745341614907,0.2919254658385093,644,188,0.21256038647342995,0.9361702127659575,47,207,36,7,sec_test_0002
no_motion,19521007,test,0.7,114,47,0.7021276595744681,0.2894736842105263,0.40993788819875776,0.2717391304347826,0.956140350877193,0.693325661680092,0.3066743383199079,1738,533,0.33695652173913043,0.6595744680851063,47,92,92,25,sec_test_0002
no_motion,19521007,test,0.0,111,13,0.5384615384615384,0.06306306306306306,0.1129032258064516,0.1282051282051282,0.990990990990991,0.7597042513863217,0.24029574861367836,541,130,0.21495327102803738,0.92,50,214,39,5,sec_test_0003
no_motion,19521007,test,0.7,111,44,0.6363636363636364,0.25225225225225223,0.36129032258064514,0.1981981981981982,1.072072072072072,0.7418988061398522,0.2581011938601478,1759,454,0.3764705882352941,0.64,50,85,111,22,sec_test_0003
no_motion,19521007,test,0.0,109,2,1.0,0.01834862385321101,0.03603603603603604,0.08,1.0,0.8188679245283019,0.1811320754716981,265,48,0.1991701244813278,0.9230769230769231,52,241,25,2,sec_test_0004
no_motion,19521007,test,0.7,109,35,0.6285714285714286,0.2018348623853211,0.3055555555555555,0.21052631578947367,1.0642201834862386,0.730795847750865,0.26920415224913496,1445,389,0.28448275862068967,0.6346153846153846,52,116,95,20,sec_test_0004
no_motion,19521007,test,0.0,107,8,0.625,0.04672897196261682,0.08695652173913043,0.25,1.0093457943925233,0.6969026548672566,0.3030973451327434,452,137,0.22727272727272727,0.9259259259259259,54,220,28,7,sec_test_0005
no_motion,19521007,test,0.7,107,42,0.5952380952380952,0.2336448598130841,0.33557046979865773,0.20430107526881722,0.9906542056074766,0.7100814026299311,0.28991859737006886,1597,463,0.3434343434343434,0.6296296296296297,54,99,93,19,sec_test_0005
no_motion,19521007,test,0.0,108,2,1.0,0.018518518518518517,0.03636363636363636,0.0,0.9907407407407407,0.8181818181818181,0.18181818181818182,165,30,0.1952191235059761,0.9245283018867925,53,251,15,0,sec_test_0006
no_motion,19521007,test,0.7,108,29,0.6896551724137931,0.18518518518518517,0.29197080291970806,0.12371134020618557,1.037037037037037,0.7579617834394905,0.24203821656050956,1413,342,0.3050847457627119,0.6792452830188679,53,118,97,12,sec_test_0006
no_motion,19521007,test,0.0,112,24,0.6666666666666666,0.14285714285714285,0.23529411764705882,0.2727272727272727,0.9553571428571429,0.7284595300261096,0.27154046997389036,766,208,0.21875,0.8571428571428571,49,192,44,12,sec_test_0007
no_motion,19521007,test,0.7,112,44,0.6590909090909091,0.25892857142857145,0.3717948717948718,0.25742574257425743,1.0357142857142858,0.719360568383659,0.28063943161634103,1689,474,0.3404255319148936,0.6530612244897959,49,94,101,26,sec_test_0007
no_motion,19521007,test,0.0,106,7,0.7142857142857143,0.04716981132075472,0.08849557522123895,0.13043478260869565,0.9622641509433962,0.7299703264094956,0.27002967359050445,337,91,0.22510822510822512,0.9454545454545454,55,231,23,3,sec_test_0008
no_motion,19521007,test,0.7,106,38,0.6842105263157895,0.24528301886792453,0.36111111111111105,0.1978021978021978,0.9622641509433962,0.7224816544362909,0.27751834556370913,1499,416,0.3148148148148148,0.6181818181818182,55,108,91,18,sec_test_0008
no_motion,19521007,test,0.0,108,13,0.6923076923076923,0.08333333333333333,0.14876033057851237,0.21621621621621623,1.0185185185185186,0.7324185248713551,0.26758147512864494,583,156,0.21739130434782608,0.8490566037735849,53,207,37,8,sec_test_0009
no_motion,19521007,test,0.7,108,35,0.4857142857142857,0.1574074074074074,0.2377622377622378,0.28695652173913044,1.3518518518518519,0.7230352303523035,0.27696476964769645,1845,511,0.410958904109589,0.5660377358490566,53,73,115,33,sec_test_0009
no_motion,19521007,test,0.0,110,3,0.3333333333333333,0.00909090909090909,0.017699115044247787,0.06666666666666667,1.018181818181818,0.8457142857142858,0.15428571428571428,175,27,0.19444444444444445,0.9607843137254902,51,252,15,1,sec_test_0010
no_motion,19521007,test,0.7,110,32,0.71875,0.20909090909090908,0.32394366197183094,0.22093023255813954,0.9545454545454546,0.7272079772079771,0.2727920227920228,1404,383,0.27049180327868855,0.6470588235294118,51,122,86,19,sec_test_0010
no_motion,19521007,test,0.0,98,13,0.6923076923076923,0.09183673469387756,0.16216216216216217,0.23255813953488372,1.010204081632653,0.7480680061823802,0.25193199381761977,647,163,0.2578947368421053,0.7777777777777778,63,190,43,10,sec_test_0011
no_motion,19521007,test,0.7,98,41,0.5853658536585366,0.24489795918367346,0.34532374100719426,0.25,1.1122448979591837,0.7127539503386005,0.28724604966139955,1772,509,0.4225352112676056,0.47619047619047616,63,71,108,27,sec_test_0011
no_motion,19521007,test,0.0,116,3,1.0,0.02586206896551724,0.050420168067226885,0.05,0.9913793103448276,0.7739130434782608,0.22608695652173913,230,52,0.17063492063492064,0.9555555555555556,45,252,20,1,sec_test_0012
no_motion,19521007,test,0.7,116,41,0.6341463414634146,0.22413793103448276,0.3312101910828026,0.1978021978021978,0.9827586206896551,0.7534791252485089,0.24652087475149106,1509,372,0.24786324786324787,0.6444444444444445,45,117,91,18,sec_test_0012
no_motion,19521008,dev,0.0,113,23,0.782608695652174,0.1592920353982301,0.2647058823529412,0.16666666666666666,1.0,0.789179104477612,0.21082089552238806,1072,226,0.23270440251572327,0.7708333333333334,48,159,78,13,sec_dev_0000
no_motion,19521008,dev,0.7,113,62,0.6935483870967742,0.3805309734513274,0.4914285714285714,0.26666666666666666,1.079646017699115,0.7266811279826464,0.27331887201735355,2305,630,0.8666666666666667,0.5416666666666666,48,30,135,36,sec_dev_0000
no_motion,19521008,dev,0.0,111,29,0.7931034482758621,0.2072072072072072,0.32857142857142857,0.19230769230769232,0.972972972972973,0.7367149758454106,0.2632850241545894,1242,327,0.2714285714285714,0.76,50,140,78,15,sec_dev_0001
no_motion,19521008,dev,0.7,111,55,0.7454545454545455,0.36936936936936937,0.4939759036144579,0.24427480916030533,1.09009009009009,0.7078353253652059,0.2921646746347942,2259,660,0.7878787878787878,0.52,50,33,131,32,sec_dev_0001
no_motion,19521008,dev,0.0,112,16,0.6875,0.09821428571428571,0.171875,0.12307692307692308,0.9732142857142857,0.7597633136094675,0.24023668639053256,845,203,0.19230769230769232,0.7142857142857143,49,182,65,8,sec_dev_0002
no_motion,19521008,dev,0.7,112,61,0.6885245901639344,0.375,0.48554913294797697,0.2777777777777778,1.0446428571428572,0.6774193548387097,0.3225806451612903,2294,740,0.8709677419354839,0.5510204081632653,49,31,126,35,sec_dev_0002
no_motion,19521008,dev,0.0,104,27,0.5925925925925926,0.15384615384615385,0.24427480916030536,0.10256410256410256,0.9903846153846154,0.75,0.25,1112,278,0.2945205479452055,0.7543859649122807,57,146,78,8,sec_dev_0003
no_motion,19521008,dev,0.7,104,60,0.55,0.3173076923076923,0.4024390243902439,0.20300751879699247,1.1923076923076923,0.7097917589720868,0.29020824102791315,2257,655,0.9615384615384616,0.43859649122807015,57,26,133,27,sec_dev_0003
no_motion,19521008,dev,0.0,117,28,0.75,0.1794871794871795,0.28965517241379307,0.13414634146341464,0.9743589743589743,0.7461139896373057,0.2538860103626943,1158,294,0.21428571428571427,0.75,44,154,82,11,sec_dev_0004
no_motion,19521008,dev,0.7,117,64,0.65625,0.358974358974359,0.46408839779005523,0.3188405797101449,1.1623931623931625,0.7189625850340136,0.2810374149659864,2352,661,0.8620689655172413,0.5681818181818182,44,29,138,44,sec_dev_0004
no_motion,19521008,dev,0.0,121,37,0.7567567567567568,0.23140495867768596,0.35443037974683544,0.18811881188118812,0.9669421487603306,0.7415009621552278,0.2584990378447723,1559,403,0.25862068965517243,0.75,40,116,101,19,sec_dev_0005
no_motion,19521008,dev,0.7,121,72,0.7361111111111112,0.4380165289256198,0.5492227979274611,0.3076923076923077,0.9917355371900827,0.6962962962962963,0.3037037037037037,2430,738,1.0,0.65,40,26,130,40,sec_dev_0005
no_motion,19521008,dev,0.0,106,32,0.71875,0.2169811320754717,0.3333333333333333,0.14736842105263157,1.0,0.7425454545454546,0.25745454545454544,1375,354,0.2833333333333333,0.6181818181818182,55,120,95,14,sec_dev_0006
no_motion,19521008,dev,0.7,106,62,0.5967741935483871,0.3490566037735849,0.4404761904761905,0.2537313432835821,1.2075471698113207,0.7074468085106382,0.2925531914893617,2256,660,0.9285714285714286,0.4727272727272727,55,28,134,34,sec_dev_0006
no_motion,19521008,dev,0.0,107,29,0.7931034482758621,0.21495327102803738,0.3382352941176471,0.11392405063291139,0.9252336448598131,0.7485182049110923,0.2514817950889077,1181,297,0.2323943661971831,0.6111111111111112,54,142,79,9,sec_dev_0007
no_motion,19521008,dev,0.7,107,66,0.6818181818181818,0.4205607476635514,0.5202312138728323,0.2578125,1.02803738317757,0.700261780104712,0.299738219895288,2292,687,0.9615384615384616,0.46296296296296297,54,26,128,33,sec_dev_0007
no_motion,19521008,dev,0.0,109,24,0.8333333333333334,0.1834862385321101,0.30075187969924816,0.10843373493975904,0.963302752293578,0.7583547557840618,0.2416452442159383,1167,282,0.25517241379310346,0.7115384615384616,52,145,83,9,sec_dev_0008
no_motion,19521008,dev,0.7,109,62,0.7258064516129032,0.41284403669724773,0.5263157894736843,0.2537313432835821,1.0458715596330275,0.7225609756097561,0.2774390243902439,2296,637,0.9259259259259259,0.4807692307692308,52,27,134,34,sec_dev_0008
no_motion,19521008,dev,0.0,110,22,0.7272727272727273,0.14545454545454545,0.2424242424242424,0.16853932584269662,1.0545454545454545,0.7760551248923342,0.2239448751076658,1161,260,0.2671232876712329,0.7647058823529411,51,146,89,15,sec_dev_0009
no_motion,19521008,dev,0.7,110,66,0.6363636363636364,0.38181818181818183,0.47727272727272735,0.25735294117647056,1.1090909090909091,0.7401032702237522,0.25989672977624784,2324,604,0.96,0.47058823529411764,51,25,136,35,sec_dev_0009
no_motion,19521008,dev,0.0,104,29,0.8620689655172413,0.2403846153846154,0.37593984962406013,0.14285714285714285,0.9134615384615384,0.7675334909377463,0.23246650906225375,1269,295,0.32558139534883723,0.7368421052631579,57,129,91,13,sec_dev_0010
no_motion,19521008,dev,0.7,104,60,0.6666666666666666,0.38461538461538464,0.4878048780487804,0.208955223880597,1.0673076923076923,0.7214734950584007,0.2785265049415993,2226,620,0.8620689655172413,0.43859649122807015,57,29,134,28,sec_dev_0010
no_motion,19521008,dev,0.0,105,32,0.6875,0.20952380952380953,0.32116788321167883,0.17105263157894737,0.9333333333333333,0.7651245551601423,0.23487544483985764,1124,264,0.273972602739726,0.7142857142857143,56,146,76,13,sec_dev_0011
no_motion,19521008,dev,0.7,105,69,0.5217391304347826,0.34285714285714286,0.4137931034482759,0.2462686567164179,1.161904761904762,0.7247292418772563,0.2752707581227437,2216,610,0.8064516129032258,0.44642857142857145,56,31,134,33,sec_dev_0011
no_motion,19521008,test,0.0,110,29,0.7241379310344828,0.19090909090909092,0.302158273381295,0.15384615384615385,1.0,0.7636643571978445,0.2363356428021555,1299,307,0.30303030303030304,0.7843137254901961,51,132,91,14,sec_test_0000
no_motion,19521008,test,0.7,110,64,0.609375,0.35454545454545455,0.4482758620689656,0.2803030303030303,1.1363636363636365,0.7480586712683348,0.25194132873166525,2318,584,1.0,0.5098039215686274,51,26,132,37,sec_test_0000
no_motion,19521008,test,0.0,106,31,0.8064516129032258,0.2358490566037736,0.36496350364963503,0.1702127659574468,0.9905660377358491,0.7184813753581663,0.2815186246418338,1396,393,0.3305084745762712,0.7090909090909091,55,118,94,16,sec_test_0001
no_motion,19521008,test,0.7,106,60,0.6666666666666666,0.37735849056603776,0.4819277108433735,0.23484848484848486,1.0660377358490567,0.7041446208112875,0.2958553791887125,2268,671,0.9629629629629629,0.4727272727272727,55,27,132,31,sec_test_0001
no_motion,19521008,test,0.0,114,32,0.625,0.17543859649122806,0.273972602739726,0.21348314606741572,1.0701754385964912,0.7562452687358062,0.24375473126419378,1321,322,0.3208955223880597,0.9148936170212766,47,134,89,19,sec_test_0002
no_motion,19521008,test,0.7,114,65,0.6461538461538462,0.3684210526315789,0.4692737430167598,0.2785714285714286,1.1403508771929824,0.7413793103448276,0.25862068965517243,2320,600,0.896551724137931,0.5531914893617021,47,29,140,39,sec_test_0002
no_motion,19521008,test,0.0,111,14,0.7857142857142857,0.0990990990990991,0.17600000000000002,0.0821917808219178,1.027027027027027,0.8238573021181717,0.17614269788182832,897,158,0.21714285714285714,0.76,50,175,73,6,sec_test_0003
no_motion,19521008,test,0.7,111,56,0.625,0.3153153153153153,0.41916167664670656,0.2463768115942029,1.2432432432432432,0.722318339100346,0.27768166089965396,2312,642,0.9629629629629629,0.52,50,27,138,34,sec_test_0003
no_motion,19521008,test,0.0,109,28,0.8571428571428571,0.22018348623853212,0.3503649635036496,0.13157894736842105,0.8623853211009175,0.7599653379549394,0.24003466204506066,1154,277,0.25170068027210885,0.7115384615384616,52,147,76,10,sec_test_0004
no_motion,19521008,test,0.7,109,59,0.6779661016949152,0.3669724770642202,0.4761904761904762,0.2692307692307692,1.073394495412844,0.706140350877193,0.29385964912280704,2280,670,0.896551724137931,0.5,52,29,130,35,sec_test_0004
no_motion,19521008,test,0.0,107,40,0.675,0.2523364485981308,0.36734693877551017,0.21176470588235294,0.9532710280373832,0.7303754266211604,0.2696245733788396,1465,395,0.3008849557522124,0.6296296296296297,54,113,85,18,sec_test_0005
no_motion,19521008,test,0.7,107,63,0.6031746031746031,0.35514018691588783,0.4470588235294118,0.2777777777777778,1.1121495327102804,0.7205754141238012,0.2794245858761988,2294,641,0.9615384615384616,0.46296296296296297,54,26,126,35,sec_test_0005
no_motion,19521008,test,0.0,108,19,0.7368421052631579,0.12962962962962962,0.2204724409448819,0.15151515151515152,1.0,0.7441113490364026,0.2558886509635974,934,239,0.25443786982248523,0.8113207547169812,53,169,66,10,sec_test_0006
no_motion,19521008,test,0.7,108,60,0.6333333333333333,0.35185185185185186,0.4523809523809524,0.26666666666666666,1.1481481481481481,0.7475054229934924,0.25249457700650757,2305,582,1.0,0.4716981132075472,53,25,135,36,sec_test_0006
no_motion,19521008,test,0.0,112,30,0.8,0.21428571428571427,0.3380281690140845,0.18421052631578946,0.9017857142857143,0.7512998266897747,0.24870017331022531,1154,287,0.24666666666666667,0.7551020408163265,49,150,76,14,sec_test_0007
no_motion,19521008,test,0.7,112,65,0.7230769230769231,0.41964285714285715,0.5310734463276836,0.28,0.9464285714285714,0.7125799573560767,0.28742004264392323,2345,674,0.9615384615384616,0.5102040816326531,49,26,125,35,sec_test_0007
no_motion,19521008,test,0.0,106,35,0.6857142857142857,0.22641509433962265,0.3404255319148936,0.16666666666666666,0.9528301886792453,0.7425876010781671,0.2574123989218329,1484,382,0.3211009174311927,0.6363636363636364,55,109,96,16,sec_test_0008
no_motion,19521008,test,0.7,106,62,0.6129032258064516,0.3584905660377358,0.45238095238095233,0.265625,1.1132075471698113,0.7126436781609196,0.28735632183908044,2262,650,0.9285714285714286,0.4727272727272727,55,28,128,34,sec_test_0008
no_motion,19521008,test,0.0,108,12,0.6666666666666666,0.07407407407407407,0.13333333333333333,0.09836065573770492,1.0185185185185186,0.849083215796897,0.15091678420310295,709,107,0.21354166666666666,0.7735849056603774,53,192,61,6,sec_test_0009
no_motion,19521008,test,0.7,108,57,0.5789473684210527,0.3055555555555556,0.4000000000000001,0.31496062992125984,1.2037037037037037,0.7360316761988561,0.2639683238011439,2273,600,0.896551724137931,0.49056603773584906,53,29,127,40,sec_test_0009
no_motion,19521008,test,0.0,110,31,0.6451612903225806,0.18181818181818182,0.28368794326241137,0.16666666666666666,0.9727272727272728,0.7430555555555556,0.2569444444444444,1152,296,0.24324324324324326,0.7058823529411765,51,148,78,13,sec_test_0010
no_motion,19521008,test,0.7,110,72,0.7083333333333334,0.4636363636363636,0.5604395604395606,0.25384615384615383,0.9818181818181818,0.7283842794759825,0.27161572052401745,2290,622,0.8620689655172413,0.49019607843137253,51,29,130,33,sec_test_0010
no_motion,19521008,test,0.0,98,34,0.6470588235294118,0.22448979591836735,0.33333333333333337,0.20930232558139536,0.9897959183673469,0.7269345238095238,0.27306547619047616,1344,367,0.35344827586206895,0.6507936507936508,63,116,86,18,sec_test_0011
no_motion,19521008,test,0.7,98,57,0.6491228070175439,0.37755102040816324,0.47741935483870956,0.2076923076923077,1.0408163265306123,0.7187214611872146,0.28127853881278536,2190,616,0.9629629629629629,0.4126984126984127,63,27,130,27,sec_test_0011
no_motion,19521008,test,0.0,116,29,0.896551724137931,0.22413793103448276,0.35862068965517246,0.11702127659574468,0.9137931034482759,0.759083728278041,0.24091627172195892,1266,305,0.22695035460992907,0.7111111111111111,45,141,94,11,sec_test_0012
no_motion,19521008,test,0.7,116,63,0.6825396825396826,0.3706896551724138,0.48044692737430167,0.28888888888888886,1.1120689655172413,0.718895966029724,0.281104033970276,2355,662,0.8928571428571429,0.5555555555555556,45,28,135,39,sec_test_0012
no_motion,19521009,dev,0.0,113,14,0.7857142857142857,0.09734513274336283,0.1732283464566929,0.11940298507462686,1.0,0.8201701093560145,0.1798298906439854,823,148,0.21621621621621623,0.8333333333333334,48,185,67,8,sec_dev_0000
no_motion,19521009,dev,0.7,113,55,0.6545454545454545,0.3185840707964602,0.42857142857142855,0.2733812949640288,1.176991150442478,0.7269076305220883,0.27309236947791166,2241,612,0.75,0.5625,48,36,139,38,sec_dev_0000
no_motion,19521009,dev,0.0,111,12,0.75,0.08108108108108109,0.14634146341463414,0.1346153846153846,0.972972972972973,0.7811550151975684,0.2188449848024316,658,144,0.21890547263681592,0.88,50,201,52,7,sec_dev_0001
no_motion,19521009,dev,0.7,111,55,0.6363636363636364,0.3153153153153153,0.4216867469879518,0.2595419847328244,1.1711711711711712,0.7234830940250117,0.2765169059749884,2159,597,0.6744186046511628,0.58,50,43,131,34,sec_dev_0001
no_motion,19521009,dev,0.0,112,11,0.7272727272727273,0.07142857142857142,0.13008130081300812,0.1111111111111111,0.9732142857142857,0.7878260869565217,0.21217391304347827,575,122,0.1943127962085308,0.8367346938775511,49,211,45,5,sec_dev_0002
no_motion,19521009,dev,0.7,112,58,0.7241379310344828,0.375,0.4941176470588236,0.1875,0.9553571428571429,0.7335907335907336,0.26640926640926643,2072,552,0.5094339622641509,0.5510204081632653,49,53,128,24,sec_dev_0002
no_motion,19521009,dev,0.0,104,12,0.6666666666666666,0.07692307692307693,0.13793103448275862,0.11475409836065574,1.0192307692307692,0.7907573812580231,0.2092426187419769,779,163,0.23204419889502761,0.7368421052631579,57,181,61,7,sec_dev_0003
no_motion,19521009,dev,0.7,104,53,0.7358490566037735,0.375,0.4968152866242037,0.15789473684210525,1.0673076923076923,0.7470336971998102,0.25296630280018984,2107,533,0.6829268292682927,0.49122807017543857,57,41,133,21,sec_dev_0003
no_motion,19521009,dev,0.0,117,14,0.9285714285714286,0.1111111111111111,0.19847328244274806,0.03508771929824561,0.9487179487179487,0.8380386329866271,0.16196136701337296,673,109,0.18048780487804877,0.8409090909090909,44,205,57,2,sec_dev_0004
no_motion,19521009,dev,0.7,117,65,0.6461538461538462,0.358974358974359,0.46153846153846156,0.2446043165467626,1.0940170940170941,0.735992828328104,0.264007171671896,2231,589,0.6341463414634146,0.5909090909090909,44,41,139,34,sec_dev_0004
no_motion,19521009,dev,0.0,121,23,0.782608695652174,0.1487603305785124,0.25,0.1232876712328767,0.9421487603305785,0.7791286727456941,0.22087132725430597,987,218,0.19318181818181818,0.85,40,176,73,9,sec_dev_0005
no_motion,19521009,dev,0.7,121,62,0.7741935483870968,0.39669421487603307,0.5245901639344261,0.2740740740740741,1.0082644628099173,0.7178494623655913,0.2821505376344086,2325,656,0.6944444444444444,0.625,40,36,135,37,sec_dev_0005
no_motion,19521009,dev,0.0,106,10,0.8,0.07547169811320754,0.13793103448275862,0.1111111111111111,0.9716981132075472,0.8141592920353982,0.18584070796460178,565,105,0.22330097087378642,0.8363636363636363,55,206,45,5,sec_dev_0006
no_motion,19521009,dev,0.7,106,52,0.5961538461538461,0.29245283018867924,0.3924050632911393,0.1897810218978102,1.1603773584905661,0.7549445248432224,0.2450554751567776,2073,508,0.6521739130434783,0.5454545454545454,55,46,137,26,sec_dev_0006
no_motion,19521009,dev,0.0,107,14,0.7857142857142857,0.102803738317757,0.18181818181818182,0.1111111111111111,0.9439252336448598,0.7103174603174602,0.2896825396825397,756,219,0.2192513368983957,0.7592592592592593,54,187,54,6,sec_dev_0007
no_motion,19521009,dev,0.7,107,50,0.68,0.3177570093457944,0.43312101910828027,0.23741007194244604,1.2242990654205608,0.705087798289059,0.294912201710941,2221,655,0.84375,0.5,54,32,139,33,sec_dev_0007
no_motion,19521009,dev,0.0,109,21,0.8095238095238095,0.1559633027522936,0.26153846153846155,0.10526315789473684,0.8807339449541285,0.7881462799495587,0.21185372005044137,793,168,0.21081081081081082,0.75,52,185,57,6,sec_dev_0008
no_motion,19521009,dev,0.7,109,58,0.6724137931034483,0.3577981651376147,0.46706586826347307,0.24806201550387597,1.036697247706422,0.7080427708042771,0.2919572291957229,2151,628,0.6190476190476191,0.5,52,42,129,32,sec_dev_0008
no_motion,19521009,dev,0.0,110,13,0.6923076923076923,0.08181818181818182,0.14634146341463417,0.1724137931034483,0.9727272727272728,0.7538860103626943,0.24611398963730569,772,190,0.22872340425531915,0.8431372549019608,51,188,58,10,sec_dev_0009
no_motion,19521009,dev,0.7,110,53,0.6792452830188679,0.32727272727272727,0.44171779141104295,0.23134328358208955,1.1181818181818182,0.7090992647058824,0.29090073529411764,2176,633,0.625,0.49019607843137253,51,40,134,31,sec_dev_0009
no_motion,19521009,dev,0.0,104,18,0.7222222222222222,0.125,0.21311475409836064,0.15873015873015872,0.9423076923076923,0.7619603267211201,0.23803967327887982,857,204,0.26011560693641617,0.7894736842105263,57,173,63,10,sec_dev_0010
no_motion,19521009,dev,0.7,104,61,0.7540983606557377,0.4423076923076923,0.5575757575757575,0.2153846153846154,0.9423076923076923,0.7159090909090908,0.2840909090909091,2200,625,0.78125,0.43859649122807015,57,32,130,28,sec_dev_0010
no_motion,19521009,dev,0.0,105,19,0.8421052631578947,0.1523809523809524,0.25806451612903225,0.08,0.9047619047619048,0.8138888888888889,0.18611111111111112,720,134,0.2275132275132275,0.7678571428571429,56,189,50,4,sec_dev_0011
no_motion,19521009,dev,0.7,105,57,0.7017543859649122,0.38095238095238093,0.49382716049382713,0.1953125,0.9619047619047619,0.7487875848690592,0.25121241513094084,2062,518,0.574468085106383,0.48214285714285715,56,47,128,25,sec_dev_0011
no_motion,19521009,test,0.0,110,11,0.8181818181818182,0.08181818181818182,0.1487603305785124,0.0392156862745098,0.9727272727272728,0.8653530377668308,0.13464696223316913,609,82,0.2,0.803921568627451,51,205,51,2,sec_test_0000
no_motion,19521009,test,0.7,110,54,0.7037037037037037,0.34545454545454546,0.4634146341463415,0.2222222222222222,1.0909090909090908,0.7653932584269663,0.2346067415730337,2225,522,0.7428571428571429,0.5098039215686274,51,35,135,30,sec_test_0000
no_motion,19521009,test,0.0,106,16,0.875,0.1320754716981132,0.22950819672131148,0.15,0.9528301886792453,0.736144578313253,0.26385542168674697,830,219,0.25842696629213485,0.8363636363636363,55,178,60,9,sec_test_0001
no_motion,19521009,test,0.7,106,58,0.7241379310344828,0.39622641509433965,0.5121951219512195,0.264,1.0188679245283019,0.688939051918736,0.3110609480812641,2215,689,0.8484848484848485,0.509090909090909,55,33,125,33,sec_test_0001
no_motion,19521009,test,0.0,114,14,0.8571428571428571,0.10526315789473684,0.1875,0.06451612903225806,0.9736842105263158,0.7763496143958869,0.2236503856041131,778,174,0.2094240837696335,0.851063829787234,47,191,62,4,sec_test_0002
no_motion,19521009,test,0.7,114,53,0.7358490566037735,0.34210526315789475,0.46706586826347296,0.1793103448275862,1.105263157894737,0.7535307517084282,0.24646924829157174,2195,541,0.6585365853658537,0.574468085106383,47,41,145,26,sec_test_0002
no_motion,19521009,test,0.0,111,7,0.8571428571428571,0.05405405405405406,0.1016949152542373,0.022222222222222223,0.990990990990991,0.8525252525252525,0.14747474747474748,495,73,0.1926605504587156,0.84,50,218,45,1,sec_test_0003
no_motion,19521009,test,0.7,111,52,0.75,0.35135135135135137,0.47852760736196326,0.21804511278195488,1.0810810810810811,0.7304632662611137,0.2695367337388863,2137,576,0.5777777777777777,0.52,50,45,133,29,sec_test_0003
no_motion,19521009,test,0.0,109,14,0.7142857142857143,0.09174311926605505,0.16260162601626016,0.13725490196078433,0.9908256880733946,0.8239757207890743,0.17602427921092564,659,116,0.20100502512562815,0.7692307692307693,52,199,51,7,sec_test_0004
no_motion,19521009,test,0.7,109,53,0.6037735849056604,0.29357798165137616,0.3950617283950617,0.24031007751937986,1.0825688073394495,0.737506065016982,0.26249393498301793,2061,541,0.5490196078431373,0.5384615384615384,52,51,129,31,sec_test_0004
no_motion,19521009,test,0.0,107,17,0.7647058823529411,0.12149532710280374,0.2096774193548387,0.1346153846153846,0.9626168224299065,0.7952646239554317,0.20473537604456823,718,147,0.24607329842931938,0.8703703703703703,54,191,52,7,sec_test_0005
no_motion,19521009,test,0.7,107,58,0.6724137931034483,0.3644859813084112,0.4727272727272727,0.25,1.0,0.7398871119473189,0.26011288805268107,2126,553,0.6744186046511628,0.5370370370370371,54,43,124,31,sec_test_0005
no_motion,19521009,test,0.0,108,8,0.875,0.06481481481481481,0.12068965517241378,0.09302325581395349,1.0185185185185186,0.8568665377176016,0.14313346228239845,517,74,0.2347417840375587,0.9433962264150944,53,213,43,4,sec_test_0006
no_motion,19521009,test,0.7,108,53,0.6981132075471698,0.3425925925925926,0.45962732919254656,0.23622047244094488,1.0648148148148149,0.7392333175579744,0.26076668244202555,2113,551,0.6444444444444445,0.5471698113207547,53,45,127,30,sec_test_0006
no_motion,19521009,test,0.0,112,12,1.0,0.10714285714285714,0.19354838709677416,0.021739130434782608,0.9196428571428571,0.8231046931407943,0.17689530685920576,554,98,0.19718309859154928,0.8571428571428571,49,213,46,1,sec_test_0007
no_motion,19521009,test,0.7,112,61,0.7704918032786885,0.41964285714285715,0.5433526011560693,0.17164179104477612,0.9375,0.7449448529411764,0.25505514705882354,2176,555,0.6190476190476191,0.5306122448979592,49,42,134,23,sec_test_0007
no_motion,19521009,test,0.0,106,9,0.6666666666666666,0.05660377358490566,0.10434782608695653,0.1111111111111111,1.0,0.8093457943925233,0.19065420560747665,535,102,0.22488038277511962,0.8545454545454545,55,209,45,5,sec_test_0008
no_motion,19521009,test,0.7,106,49,0.6938775510204082,0.32075471698113206,0.4387096774193548,0.20300751879699247,1.1132075471698113,0.7454811919882756,0.2545188080117245,2047,521,0.6122448979591837,0.5454545454545454,55,49,133,27,sec_test_0008
no_motion,19521009,test,0.0,108,14,0.7142857142857143,0.09259259259259259,0.16393442622950818,0.12244897959183673,1.0185185185185186,0.7987519500780031,0.20124804992199688,641,129,0.225,0.8490566037735849,53,200,49,6,sec_test_0009
no_motion,19521009,test,0.7,108,45,0.6222222222222222,0.25925925925925924,0.3660130718954248,0.27049180327868855,1.1851851851851851,0.7466460268317854,0.2533539731682147,1938,491,0.5238095238095238,0.6226415094339622,53,63,122,33,sec_test_0009
no_motion,19521009,test,0.0,110,9,0.7777777777777778,0.06363636363636363,0.1176470588235294,0.0425531914893617,0.9636363636363636,0.847145488029466,0.15285451197053407,543,83,0.19811320754716982,0.8235294117647058,51,212,47,2,sec_test_0010
no_motion,19521009,test,0.7,110,57,0.631578947368421,0.32727272727272727,0.43113772455089816,0.23529411764705882,1.1272727272727272,0.7729805013927576,0.22701949860724233,2154,489,0.5952380952380952,0.49019607843137253,51,42,136,32,sec_test_0010
no_motion,19521009,test,0.0,98,6,0.8333333333333334,0.05102040816326531,0.09615384615384616,0.14893617021276595,1.0,0.7065767284991569,0.2934232715008432,593,174,0.2512820512820513,0.7777777777777778,63,195,47,7,sec_test_0011
no_motion,19521009,test,0.7,98,45,0.6,0.2755102040816326,0.3776223776223776,0.25757575757575757,1.2551020408163265,0.7252165543792108,0.2747834456207892,2078,571,0.6842105263157895,0.4126984126984127,63,38,132,34,sec_test_0011
no_motion,19521009,test,0.0,116,13,0.7692307692307693,0.08620689655172414,0.1550387596899225,0.15384615384615385,0.9827586206896551,0.7593123209169055,0.24068767908309455,698,168,0.18316831683168316,0.8222222222222222,45,202,52,8,sec_test_0012
no_motion,19521009,test,0.7,116,63,0.6349206349206349,0.3448275862068966,0.44692737430167595,0.3,1.0948275862068966,0.7265486725663717,0.2734513274336283,2260,618,0.6842105263157895,0.5777777777777777,45,38,130,39,sec_test_0012
no_motion,19521010,dev,0.0,113,8,0.75,0.05309734513274336,0.09917355371900827,0.1935483870967742,0.9646017699115044,0.8120300751879699,0.18796992481203006,399,75,0.18614718614718614,0.8958333333333334,48,231,31,6,sec_dev_0000
no_motion,19521010,dev,0.7,113,47,0.7021276595744681,0.2920353982300885,0.4125,0.27049180327868855,1.0265486725663717,0.7367049009384776,0.26329509906152243,1918,505,0.38571428571428573,0.5625,48,70,122,33,sec_dev_0000
no_motion,19521010,dev,0.0,111,6,0.6666666666666666,0.036036036036036036,0.06837606837606838,0.13793103448275862,1.018018018018018,0.7664041994750657,0.2335958005249344,381,89,0.19480519480519481,0.9,50,231,29,4,sec_dev_0001
no_motion,19521010,dev,0.7,111,39,0.6410256410256411,0.22522522522522523,0.33333333333333337,0.25263157894736843,1.063063063063063,0.7202572347266881,0.2797427652733119,1555,435,0.32710280373831774,0.7,50,107,95,24,sec_dev_0001
no_motion,19521010,dev,0.0,112,16,0.875,0.125,0.21875,0.09433962264150944,0.9464285714285714,0.7852161785216178,0.21478382147838215,717,154,0.20918367346938777,0.8367346938775511,49,196,53,5,sec_dev_0002
no_motion,19521010,dev,0.7,112,54,0.6851851851851852,0.33035714285714285,0.4457831325301205,0.2543859649122807,0.9821428571428571,0.7252024291497976,0.27479757085020245,1976,543,0.453125,0.5918367346938775,49,64,114,29,sec_dev_0002
no_motion,19521010,dev,0.0,104,9,0.5555555555555556,0.04807692307692308,0.08849557522123894,0.14705882352941177,0.9807692307692307,0.7543859649122807,0.24561403508771928,456,112,0.22685185185185186,0.8596491228070176,57,216,34,5,sec_dev_0003
no_motion,19521010,dev,0.7,104,40,0.7,0.2692307692307692,0.3888888888888889,0.1694915254237288,1.0769230769230769,0.7527593818984547,0.24724061810154527,1812,448,0.4305555555555556,0.543859649122807,57,72,118,20,sec_dev_0003
no_motion,19521010,dev,0.0,117,16,0.6875,0.09401709401709402,0.16541353383458646,0.19298245614035087,1.0341880341880343,0.7056778679026652,0.2943221320973349,863,254,0.1827956989247312,0.7727272727272727,44,186,57,11,sec_dev_0004
no_motion,19521010,dev,0.7,117,54,0.6666666666666666,0.3076923076923077,0.42105263157894735,0.296875,1.1538461538461537,0.7126489459211732,0.2873510540788268,2182,627,0.5531914893617021,0.5909090909090909,44,47,128,38,sec_dev_0004
no_motion,19521010,dev,0.0,121,18,0.8333333333333334,0.12396694214876033,0.2158273381294964,0.16326530612244897,0.9338842975206612,0.7327707454289734,0.2672292545710267,711,190,0.16990291262135923,0.875,40,206,49,8,sec_dev_0005
no_motion,19521010,dev,0.7,121,59,0.7627118644067796,0.371900826446281,0.4999999999999999,0.256,0.9752066115702479,0.7200968523002421,0.2799031476997579,2065,578,0.4126984126984127,0.65,40,63,125,32,sec_dev_0005
no_motion,19521010,dev,0.0,106,3,1.0,0.02830188679245283,0.055045871559633024,0.0,0.9811320754716981,0.8385416666666666,0.16145833333333334,192,31,0.21138211382113822,0.9454545454545454,55,246,18,0,sec_dev_0006
no_motion,19521010,dev,0.7,106,35,0.6285714285714286,0.20754716981132076,0.31205673758865254,0.12380952380952381,1.0566037735849056,0.7610921501706485,0.23890784982935154,1465,350,0.3,0.6,55,110,105,13,sec_dev_0006
no_motion,19521010,dev,0.0,107,12,0.8333333333333334,0.09345794392523364,0.1680672268907563,0.08571428571428572,0.9252336448598131,0.6799999999999999,0.32,525,168,0.20754716981132076,0.8148148148148148,54,212,35,3,sec_dev_0007
no_motion,19521010,dev,0.7,107,50,0.54,0.2523364485981308,0.3439490445859873,0.24561403508771928,1.1121495327102804,0.6799580272822665,0.3200419727177335,1906,610,0.5,0.6111111111111112,54,66,114,28,sec_dev_0007
no_motion,19521010,dev,0.0,109,13,0.46153846153846156,0.05504587155963303,0.09836065573770492,0.20930232558139536,1.0458715596330275,0.7016011644832605,0.29839883551673946,687,205,0.2182741116751269,0.8269230769230769,52,197,43,9,sec_dev_0008
no_motion,19521010,dev,0.7,109,49,0.5102040816326531,0.22935779816513763,0.31645569620253167,0.26548672566371684,1.1559633027522935,0.6906624934793949,0.3093375065206051,1917,593,0.40298507462686567,0.5192307692307693,52,67,113,30,sec_dev_0008
no_motion,19521010,dev,0.0,110,19,0.7894736842105263,0.13636363636363635,0.23255813953488372,0.09803921568627451,0.9363636363636364,0.7955493741307371,0.20445062586926285,719,147,0.2268041237113402,0.8627450980392157,51,194,51,5,sec_dev_0009
no_motion,19521010,dev,0.7,110,55,0.6545454545454545,0.32727272727272727,0.4363636363636364,0.20967741935483872,1.0272727272727273,0.7449899799599198,0.25501002004008017,1996,509,0.4576271186440678,0.5294117647058824,51,59,124,26,sec_dev_0009
no_motion,19521010,dev,0.0,104,7,0.7142857142857143,0.04807692307692308,0.09009009009009009,0.12903225806451613,0.9711538461538461,0.7286063569682152,0.2713936430317848,409,111,0.23529411764705882,0.9122807017543859,57,221,31,4,sec_dev_0010
no_motion,19521010,dev,0.7,104,41,0.6585365853658537,0.25961538461538464,0.3724137931034483,0.2644628099173554,1.1346153846153846,0.6859928168291431,0.31400718317085685,1949,612,0.5,0.5087719298245614,57,58,121,32,sec_dev_0010
no_motion,19521010,dev,0.0,105,10,0.8,0.0761904761904762,0.13913043478260873,0.1111111111111111,1.0095238095238095,0.7947826086956522,0.20521739130434782,575,118,0.23039215686274508,0.8392857142857143,56,204,45,5,sec_dev_0011
no_motion,19521010,dev,0.7,105,45,0.6444444444444445,0.2761904761904762,0.38666666666666666,0.2689075630252101,1.0761904761904761,0.7415846711548421,0.25841532884515794,1931,499,0.45901639344262296,0.5,56,61,119,32,sec_dev_0011
no_motion,19521010,test,0.0,110,9,0.6666666666666666,0.05454545454545454,0.10084033613445378,0.21875,0.9818181818181818,0.7534246575342466,0.2465753424657534,438,108,0.20535714285714285,0.9019607843137255,51,224,32,7,sec_test_0000
no_motion,19521010,test,0.7,110,43,0.6511627906976745,0.2545454545454545,0.3660130718954248,0.21818181818181817,1.018181818181818,0.7443181818181819,0.2556818181818182,1760,450,0.38095238095238093,0.6274509803921569,51,84,110,24,sec_test_0000
no_motion,19521010,test,0.0,106,17,0.8235294117647058,0.1320754716981132,0.22764227642276422,0.13043478260869565,0.9245283018867925,0.7415902140672783,0.25840978593272174,654,169,0.2436548223350254,0.8727272727272727,55,197,46,6,sec_test_0001
no_motion,19521010,test,0.7,106,56,0.75,0.39622641509433965,0.5185185185185185,0.21621621621621623,0.8773584905660378,0.6998452810727178,0.3001547189272821,1939,582,0.532258064516129,0.6,55,62,111,24,sec_test_0001
no_motion,19521010,test,0.0,114,8,0.75,0.05263157894736842,0.09836065573770492,0.14285714285714285,1.0087719298245614,0.7956043956043957,0.2043956043956044,455,93,0.19911504424778761,0.9574468085106383,47,226,35,5,sec_test_0002
no_motion,19521010,test,0.7,114,41,0.6097560975609756,0.21929824561403508,0.32258064516129026,0.25,1.1754385964912282,0.7361963190184049,0.26380368098159507,1956,516,0.44776119402985076,0.6382978723404256,47,67,124,31,sec_test_0002
no_motion,19521010,test,0.0,111,5,0.6,0.02702702702702703,0.05172413793103448,0.25,1.009009009009009,0.7123287671232876,0.2876712328767123,438,126,0.19555555555555557,0.88,50,225,32,8,sec_test_0003
no_motion,19521010,test,0.7,111,39,0.6923076923076923,0.24324324324324326,0.36000000000000004,0.2066115702479339,1.1261261261261262,0.7312060573282856,0.2687939426717144,1849,497,0.4266666666666667,0.64,50,75,121,25,sec_test_0003
no_motion,19521010,test,0.0,109,13,0.7692307692307693,0.09174311926605505,0.16393442622950818,0.23076923076923078,0.981651376146789,0.7504302925989673,0.2495697074010327,581,145,0.22596153846153846,0.9038461538461539,52,208,39,9,sec_test_0004
no_motion,19521010,test,0.7,109,50,0.64,0.29357798165137616,0.4025157232704403,0.26126126126126126,1.036697247706422,0.7099521021820117,0.2900478978179883,1879,545,0.4507042253521127,0.6153846153846154,52,71,111,29,sec_test_0004
no_motion,19521010,test,0.0,107,10,0.6,0.056074766355140186,0.10256410256410257,0.29411764705882354,1.0186915887850467,0.7120141342756183,0.2879858657243816,566,163,0.23076923076923078,0.8888888888888888,54,208,34,10,sec_test_0005
no_motion,19521010,test,0.7,107,42,0.5476190476190477,0.21495327102803738,0.3087248322147651,0.2818181818181818,1.1495327102803738,0.73646408839779,0.26353591160220996,1810,477,0.39473684210526316,0.5555555555555556,54,76,110,31,sec_test_0005
no_motion,19521010,test,0.0,108,3,0.6666666666666666,0.018518518518518517,0.036036036036036036,0.14814814814814814,1.0277777777777777,0.7585139318885449,0.24148606811145512,323,78,0.21367521367521367,0.9433962264150944,53,234,27,4,sec_test_0006
no_motion,19521010,test,0.7,108,29,0.5862068965517241,0.1574074074074074,0.24817518248175183,0.21568627450980393,1.1203703703703705,0.7567204301075269,0.24327956989247312,1488,362,0.3,0.6226415094339622,53,110,102,22,sec_test_0006
no_motion,19521010,test,0.0,112,16,0.75,0.10714285714285714,0.1875,0.075,0.9107142857142857,0.7758620689655172,0.22413793103448276,580,130,0.1990521327014218,0.8571428571428571,49,211,40,3,sec_test_0007
no_motion,19521010,test,0.7,112,53,0.6981132075471698,0.33035714285714285,0.44848484848484843,0.22522522522522523,0.9196428571428571,0.7300714678394722,0.26992853216052776,1819,491,0.3375,0.5510204081632653,49,80,111,25,sec_test_0007
no_motion,19521010,test,0.0,106,13,0.6153846153846154,0.07547169811320754,0.13445378151260504,0.2777777777777778,0.9905660377358491,0.7209737827715356,0.27902621722846443,534,149,0.24761904761904763,0.9454545454545454,55,210,36,10,sec_test_0008
no_motion,19521010,test,0.7,106,48,0.6458333333333334,0.29245283018867924,0.4025974025974026,0.2692307692307692,1.0471698113207548,0.684640522875817,0.315359477124183,1836,579,0.4657534246575342,0.6181818181818182,55,73,104,28,sec_test_0008
no_motion,19521010,test,0.0,108,3,0.6666666666666666,0.018518518518518517,0.036036036036036036,0.14285714285714285,1.0277777777777777,0.6795366795366795,0.3204633204633205,259,83,0.2157676348547718,0.9811320754716981,53,241,21,3,sec_test_0009
no_motion,19521010,test,0.7,108,30,0.5666666666666667,0.1574074074074074,0.24637681159420288,0.25,1.1388888888888888,0.7290233837689133,0.27097661623108665,1454,394,0.2719298245614035,0.5849056603773585,53,114,96,24,sec_test_0009
no_motion,19521010,test,0.0,110,3,0.6666666666666666,0.01818181818181818,0.035398230088495575,0.058823529411764705,0.9818181818181818,0.8591549295774648,0.14084507042253522,213,30,0.1814516129032258,0.8823529411764706,51,248,17,1,sec_test_0010
no_motion,19521010,test,0.7,110,37,0.7027027027027027,0.23636363636363636,0.3537414965986395,0.18446601941747573,0.9727272727272728,0.7670787247885491,0.23292127521145087,1537,358,0.2803738317757009,0.5882352941176471,51,107,103,19,sec_test_0010
no_motion,19521010,test,0.0,98,10,0.7,0.07142857142857142,0.12962962962962962,0.16666666666666666,1.030612244897959,0.7541528239202657,0.24584717607973422,602,148,0.26804123711340205,0.8253968253968254,63,194,48,8,sec_test_0011
no_motion,19521010,test,0.7,98,38,0.5,0.19387755102040816,0.27941176470588236,0.3055555555555556,1.1428571428571428,0.7186073059360731,0.2813926940639269,1752,493,0.4520547945205479,0.5238095238095238,63,73,108,33,sec_test_0011
no_motion,19521010,test,0.0,116,6,1.0,0.05172413793103448,0.09836065573770492,0.07142857142857142,0.9827586206896551,0.7951807228915663,0.20481927710843373,332,68,0.17842323651452283,0.9555555555555556,45,241,28,2,sec_test_0012
no_motion,19521010,test,0.7,116,48,0.8333333333333334,0.3448275862068966,0.4878048780487806,0.27927927927927926,0.9913793103448276,0.7379565907887771,0.2620434092112229,1889,495,0.37662337662337664,0.6444444444444445,45,77,111,31,sec_test_0012
no_time,19521006,dev,0.0,113,25,0.88,0.19469026548672566,0.31884057971014496,0.22807017543859648,0.8849557522123894,0.7320471596998928,0.2679528403001072,933,250,0.24,0.875,48,175,57,13,sec_dev_0000
no_time,19521006,dev,0.7,113,69,0.6376811594202898,0.3893805309734513,0.4835164835164835,0.3225806451612903,1.0265486725663717,0.7155923344947734,0.2844076655052265,2296,653,0.78125,0.5208333333333334,48,32,124,40,sec_dev_0000
no_time,19521006,dev,0.0,111,34,0.7647058823529411,0.23423423423423423,0.3586206896551724,0.1780821917808219,0.8648648648648649,0.7632687447346251,0.2367312552653749,1187,281,0.273972602739726,0.8,50,146,73,13,sec_dev_0001
no_time,19521006,dev,0.7,111,66,0.7272727272727273,0.43243243243243246,0.5423728813559323,0.26229508196721313,0.918918918918919,0.7023914968999114,0.2976085031000886,2258,672,0.7647058823529411,0.52,50,34,122,32,sec_dev_0001
no_time,19521006,dev,0.0,112,15,0.8,0.10714285714285714,0.1889763779527559,0.09433962264150944,0.9821428571428571,0.8091822094691535,0.1908177905308465,697,133,0.1919191919191919,0.7755102040816326,49,198,53,5,sec_dev_0002
no_time,19521006,dev,0.7,112,56,0.6964285714285714,0.3482142857142857,0.46428571428571425,0.256198347107438,1.0267857142857142,0.7118487782388198,0.28815122176118024,2169,625,0.6136363636363636,0.5510204081632653,49,44,121,31,sec_dev_0002
no_time,19521006,dev,0.0,104,26,0.6538461538461539,0.16346153846153846,0.26153846153846155,0.17391304347826086,0.9519230769230769,0.7627281460134486,0.2372718539865514,1041,247,0.2662337662337662,0.7192982456140351,57,154,69,12,sec_dev_0003
no_time,19521006,dev,0.7,104,58,0.6206896551724138,0.34615384615384615,0.4444444444444444,0.2204724409448819,1.0865384615384615,0.723316536875859,0.2766834631241411,2183,604,0.7941176470588235,0.47368421052631576,57,34,127,28,sec_dev_0003
no_time,19521006,dev,0.0,117,28,0.7857142857142857,0.18803418803418803,0.30344827586206896,0.25,1.0,0.7232289950576607,0.27677100494233936,1214,336,0.24161073825503357,0.8181818181818182,44,149,76,19,sec_dev_0004
no_time,19521006,dev,0.7,117,54,0.8148148148148148,0.37606837606837606,0.5146198830409356,0.23741007194244604,1.0769230769230769,0.7353324641460235,0.2646675358539765,2301,609,0.7647058823529411,0.5909090909090909,44,34,139,33,sec_dev_0004
no_time,19521006,dev,0.0,121,24,0.625,0.12396694214876033,0.20689655172413793,0.22535211267605634,1.0330578512396693,0.7256977863330125,0.2743022136669875,1039,285,0.21052631578947367,0.9,40,171,71,16,sec_dev_0005
no_time,19521006,dev,0.7,121,69,0.6231884057971014,0.35537190082644626,0.4526315789473684,0.3082706766917293,1.0909090909090908,0.6933667083854819,0.30663329161451813,2397,735,0.8620689655172413,0.625,40,29,133,41,sec_dev_0005
no_time,19521006,dev,0.0,106,19,0.6842105263157895,0.12264150943396226,0.208,0.16129032258064516,0.9811320754716981,0.7971014492753623,0.2028985507246377,828,168,0.24719101123595505,0.8,55,178,62,10,sec_dev_0006
no_time,19521006,dev,0.7,106,60,0.7333333333333333,0.41509433962264153,0.5301204819277109,0.22556390977443608,1.0,0.7407407407407407,0.25925925925925924,2187,567,0.7714285714285715,0.4909090909090909,55,35,133,30,sec_dev_0006
no_time,19521006,dev,0.0,107,32,0.59375,0.17757009345794392,0.2733812949640288,0.23529411764705882,0.9813084112149533,0.6612627986348123,0.3387372013651877,1172,397,0.25,0.6666666666666666,54,144,68,16,sec_dev_0007
no_time,19521006,dev,0.7,107,60,0.65,0.3644859813084112,0.467065868263473,0.232,1.074766355140187,0.6680089485458613,0.3319910514541387,2235,742,0.78125,0.46296296296296297,54,32,125,29,sec_dev_0007
no_time,19521006,dev,0.0,109,20,0.7,0.12844036697247707,0.2170542635658915,0.14516129032258066,1.0,0.6824894514767932,0.31751054852320676,948,301,0.23668639053254437,0.7692307692307693,52,169,62,9,sec_dev_0008
no_time,19521006,dev,0.7,109,64,0.703125,0.41284403669724773,0.5202312138728324,0.2661290322580645,0.9908256880733946,0.7127096204766108,0.2872903795233892,2266,651,0.8064516129032258,0.4807692307692308,52,31,124,33,sec_dev_0008
no_time,19521006,dev,0.0,110,29,0.6896551724137931,0.18181818181818182,0.28776978417266186,0.26865671641791045,0.990909090909091,0.7186108637577917,0.28138913624220835,1123,316,0.28289473684210525,0.8431372549019608,51,152,67,18,sec_dev_0009
no_time,19521006,dev,0.7,110,57,0.6491228070175439,0.33636363636363636,0.4431137724550898,0.304,1.1181818181818182,0.7019522776572669,0.2980477223427332,2305,687,0.8571428571428571,0.47058823529411764,51,28,125,38,sec_dev_0009
no_time,19521006,dev,0.0,104,30,0.6666666666666666,0.19230769230769232,0.29850746268656714,0.26865671641791045,0.9903846153846154,0.7237422771403355,0.2762577228596646,1133,313,0.31724137931034485,0.8070175438596491,57,145,67,18,sec_dev_0010
no_time,19521006,dev,0.7,104,59,0.6271186440677966,0.3557692307692308,0.45398773006134974,0.23846153846153847,1.0961538461538463,0.7135746606334842,0.2864253393665158,2210,633,0.8064516129032258,0.43859649122807015,57,31,130,31,sec_dev_0010
no_time,19521006,dev,0.0,105,18,0.7222222222222222,0.12380952380952381,0.21138211382113822,0.1388888888888889,0.9714285714285714,0.7797494780793319,0.22025052192066805,958,211,0.25766871165644173,0.75,56,163,72,10,sec_dev_0011
no_time,19521006,dev,0.7,105,54,0.7592592592592593,0.3904761904761905,0.5157232704402516,0.2,1.019047619047619,0.728054298642534,0.27194570135746604,2210,601,0.75,0.42857142857142855,56,32,130,26,sec_dev_0011
no_time,19521006,test,0.0,110,21,0.8571428571428571,0.16363636363636364,0.27480916030534347,0.16981132075471697,0.9181818181818182,0.7447045707915273,0.2552954292084727,897,229,0.2215909090909091,0.7647058823529411,51,176,53,9,sec_test_0000
no_time,19521006,test,0.7,110,58,0.7068965517241379,0.37272727272727274,0.488095238095238,0.2032520325203252,1.018181818181818,0.7307171853856562,0.2692828146143437,2217,597,0.6756756756756757,0.49019607843137253,51,37,123,25,sec_test_0000
no_time,19521006,test,0.0,106,32,0.625,0.18867924528301888,0.2898550724637681,0.21739130434782608,0.9716981132075472,0.7430865298840321,0.2569134701159679,1121,288,0.2905405405405405,0.7818181818181819,55,148,69,15,sec_test_0001
no_time,19521006,test,0.7,106,64,0.59375,0.3584905660377358,0.4470588235294118,0.2230769230769231,1.0849056603773586,0.7190045248868778,0.2809954751131222,2210,621,0.8181818181818182,0.4909090909090909,55,33,130,29,sec_test_0001
no_time,19521006,test,0.0,114,26,0.7307692307692307,0.16666666666666666,0.2714285714285714,0.18333333333333332,0.9298245614035088,0.7464646464646465,0.25353535353535356,990,251,0.23529411764705882,0.851063829787234,47,170,60,11,sec_test_0002
no_time,19521006,test,0.7,114,62,0.6935483870967742,0.37719298245614036,0.4886363636363636,0.264,1.0,0.7028322440087146,0.2971677559912854,2295,682,0.8181818181818182,0.574468085106383,47,33,125,33,sec_test_0002
no_time,19521006,test,0.0,111,20,0.6,0.10810810810810811,0.18320610687022904,0.24528301886792453,1.0,0.7001239157372987,0.29987608426270135,807,242,0.1989247311827957,0.74,50,186,53,13,sec_test_0003
no_time,19521006,test,0.7,111,55,0.8,0.3963963963963964,0.5301204819277109,0.23255813953488372,1.018018018018018,0.6879783881134625,0.3120216118865376,2221,693,0.6756756756756757,0.5,50,37,129,30,sec_test_0003
no_time,19521006,test,0.0,109,23,0.7391304347826086,0.1559633027522936,0.2575757575757576,0.23728813559322035,0.9357798165137615,0.7234490010515247,0.2765509989484753,951,263,0.25443786982248523,0.8269230769230769,52,169,59,14,sec_test_0004
no_time,19521006,test,0.7,109,57,0.7368421052631579,0.3853211009174312,0.5060240963855421,0.2644628099173554,0.981651376146789,0.7081604426002766,0.2918395573997234,2169,633,0.6097560975609756,0.4807692307692308,52,41,121,32,sec_test_0004
no_time,19521006,test,0.0,107,26,0.7307692307692307,0.17757009345794392,0.2857142857142857,0.2153846153846154,0.9532710280373832,0.7304347826086957,0.26956521739130435,1035,279,0.2721518987341772,0.7962962962962963,54,158,65,14,sec_test_0005
no_time,19521006,test,0.7,107,54,0.6666666666666666,0.3364485981308411,0.4472049689440994,0.304,1.1121495327102804,0.6993258426966292,0.30067415730337077,2225,669,0.8181818181818182,0.5,54,33,125,38,sec_test_0005
no_time,19521006,test,0.0,108,18,0.5555555555555556,0.09259259259259259,0.15873015873015875,0.2727272727272727,1.037037037037037,0.7358490566037736,0.2641509433962264,795,210,0.22826086956521738,0.7924528301886793,53,184,55,15,sec_test_0006
no_time,19521006,test,0.7,108,59,0.6610169491525424,0.3611111111111111,0.467065868263473,0.234375,1.0925925925925926,0.7338935574229692,0.2661064425770308,2142,570,0.6190476190476191,0.49056603773584906,53,42,128,30,sec_test_0006
no_time,19521006,test,0.0,112,23,0.782608695652174,0.16071428571428573,0.2666666666666667,0.109375,0.9285714285714286,0.7821670428893905,0.2178329571106095,886,193,0.20786516853932585,0.7551020408163265,49,178,64,7,sec_test_0007
no_time,19521006,test,0.7,112,64,0.6875,0.39285714285714285,0.5,0.2868217054263566,1.0625,0.7194213064445418,0.2805786935554581,2281,640,0.78125,0.5102040816326531,49,32,129,37,sec_test_0007
no_time,19521006,test,0.0,106,35,0.8571428571428571,0.2830188679245283,0.42553191489361697,0.16455696202531644,0.8584905660377359,0.7542304593070105,0.24576954069298954,1241,305,0.3111111111111111,0.7636363636363637,55,135,79,13,sec_test_0008
no_time,19521006,test,0.7,106,62,0.7419354838709677,0.4339622641509434,0.5476190476190477,0.28225806451612906,1.0188679245283019,0.6942508710801394,0.3057491289198606,2296,702,0.96,0.43636363636363634,55,25,124,35,sec_test_0008
no_time,19521006,test,0.0,108,15,0.5333333333333333,0.07407407407407407,0.13008130081300812,0.13793103448275862,1.0462962962962963,0.74330900243309,0.25669099756691,822,211,0.23756906077348067,0.8113207547169812,53,181,58,8,sec_test_0009
no_time,19521006,test,0.7,108,51,0.5490196078431373,0.25925925925925924,0.3522012578616352,0.2786885245901639,1.2037037037037037,0.7184643510054844,0.28153564899451555,2188,616,0.7105263157894737,0.5094339622641509,53,38,122,34,sec_test_0009
no_time,19521006,test,0.0,110,19,0.8947368421052632,0.15454545454545454,0.26356589147286824,0.1111111111111111,0.9181818181818182,0.8121353558926487,0.18786464410735124,857,161,0.22905027932960895,0.803921568627451,51,179,63,7,sec_test_0010
no_time,19521006,test,0.7,110,63,0.746031746031746,0.42727272727272725,0.5433526011560693,0.22137404580152673,0.9818181818181818,0.7425522454424189,0.2574477545575811,2249,579,0.7878787878787878,0.5098039215686274,51,33,131,29,sec_test_0010
no_time,19521006,test,0.0,98,26,0.8076923076923077,0.21428571428571427,0.33870967741935487,0.19480519480519481,0.9795918367346939,0.7325881341358556,0.26741186586414445,1163,311,0.32592592592592595,0.6984126984126984,63,135,77,15,sec_test_0011
no_time,19521006,test,0.7,98,58,0.7241379310344828,0.42857142857142855,0.5384615384615385,0.25210084033613445,0.9693877551020408,0.6937471474212689,0.3062528525787312,2191,671,0.8928571428571429,0.3968253968253968,63,28,119,30,sec_test_0011
no_time,19521006,test,0.0,116,24,0.7916666666666666,0.16379310344827586,0.2714285714285714,0.14084507042253522,0.9482758620689655,0.7847847847847848,0.21521521521521522,999,215,0.21764705882352942,0.8222222222222222,45,170,71,10,sec_test_0012
no_time,19521006,test,0.7,116,64,0.71875,0.39655172413793105,0.5111111111111112,0.288,1.0,0.7147252747252748,0.28527472527472525,2275,649,0.7027027027027027,0.5777777777777777,45,37,125,36,sec_test_0012
no_time,19521007,dev,0.0,113,22,0.6363636363636364,0.12389380530973451,0.2074074074074074,0.3448275862068966,1.079646017699115,0.7671840354767184,0.2328159645232816,902,210,0.24719101123595505,0.9166666666666666,48,178,58,20,sec_dev_0000
no_time,19521007,dev,0.7,113,48,0.6041666666666666,0.25663716814159293,0.3602484472049689,0.3543307086614173,1.2123893805309736,0.7322720694645442,0.26772793053545585,2073,555,0.5555555555555556,0.625,48,54,127,45,sec_dev_0000
no_time,19521007,dev,0.0,111,22,0.6363636363636364,0.12612612612612611,0.2105263157894737,0.2982456140350877,1.054054054054054,0.6343779677113011,0.36562203228869894,1053,385,0.21739130434782608,0.7,50,161,57,17,sec_dev_0001
no_time,19521007,dev,0.7,111,48,0.5,0.21621621621621623,0.3018867924528302,0.36036036036036034,1.2342342342342343,0.6476329917032699,0.3523670082967301,2049,722,0.5178571428571429,0.58,50,56,111,40,sec_dev_0001
no_time,19521007,dev,0.0,112,28,0.75,0.1875,0.3,0.16071428571428573,0.8660714285714286,0.736228813559322,0.263771186440678,944,249,0.23121387283236994,0.8163265306122449,49,173,56,9,sec_dev_0002
no_time,19521007,dev,0.7,112,67,0.7014925373134329,0.41964285714285715,0.5251396648044693,0.26956521739130435,0.8660714285714286,0.7092198581560284,0.2907801418439716,2115,615,0.58,0.5918367346938775,49,50,115,31,sec_dev_0002
no_time,19521007,dev,0.0,104,18,0.6666666666666666,0.11538461538461539,0.19672131147540986,0.12,0.9711538461538461,0.7608695652173914,0.2391304347826087,690,165,0.24607329842931938,0.8245614035087719,57,191,50,6,sec_dev_0003
no_time,19521007,dev,0.7,104,59,0.576271186440678,0.3269230769230769,0.4171779141104295,0.24786324786324787,1.0961538461538463,0.7075138678769541,0.2924861321230459,1983,580,0.5272727272727272,0.5087719298245614,57,55,117,29,sec_dev_0003
no_time,19521007,dev,0.0,117,20,0.5,0.08547008547008547,0.145985401459854,0.2413793103448276,1.0427350427350428,0.7640845070422535,0.23591549295774647,852,201,0.19786096256684493,0.8409090909090909,44,187,58,14,sec_dev_0004
no_time,19521007,dev,0.7,117,51,0.5490196078431373,0.23931623931623933,0.3333333333333333,0.2809917355371901,1.1623931623931625,0.7104377104377104,0.2895622895622896,2079,602,0.4827586206896552,0.6363636363636364,44,58,121,34,sec_dev_0004
no_time,19521007,dev,0.0,121,23,0.9130434782608695,0.17355371900826447,0.2916666666666667,0.27586206896551724,0.9338842975206612,0.737006237006237,0.262993762993763,962,253,0.18333333333333332,0.825,40,180,58,16,sec_dev_0005
no_time,19521007,dev,0.7,121,64,0.703125,0.371900826446281,0.48648648648648657,0.30952380952380953,1.024793388429752,0.6867201426024956,0.31327985739750447,2244,703,0.5555555555555556,0.625,40,45,126,39,sec_dev_0005
no_time,19521007,dev,0.0,106,25,0.56,0.1320754716981132,0.21374045801526717,0.19230769230769232,0.9811320754716981,0.7781954887218046,0.22180451127819548,798,177,0.23626373626373626,0.7818181818181819,55,182,52,10,sec_dev_0006
no_time,19521007,dev,0.7,106,64,0.5625,0.33962264150943394,0.4235294117647059,0.25663716814159293,0.9905660377358491,0.7344809598330725,0.2655190401669275,1917,509,0.46875,0.5454545454545454,55,64,113,29,sec_dev_0006
no_time,19521007,dev,0.0,107,27,0.7407407407407407,0.18691588785046728,0.29850746268656714,0.2857142857142857,0.9252336448598131,0.6735112936344969,0.3264887063655031,974,318,0.2787878787878788,0.8518518518518519,54,165,56,16,sec_dev_0007
no_time,19521007,dev,0.7,107,55,0.6363636363636364,0.32710280373831774,0.4320987654320987,0.3153153153153153,1.0841121495327102,0.6724386724386724,0.32756132756132755,2079,681,0.5918367346938775,0.5370370370370371,54,49,111,35,sec_dev_0007
no_time,19521007,dev,0.0,109,22,0.5909090909090909,0.11926605504587157,0.1984732824427481,0.19642857142857142,1.0458715596330275,0.7136929460580913,0.2863070539419087,964,276,0.24404761904761904,0.7884615384615384,52,168,56,11,sec_dev_0008
no_time,19521007,dev,0.7,109,46,0.5869565217391305,0.24770642201834864,0.34838709677419355,0.23853211009174313,1.091743119266055,0.7129877071084981,0.2870122928915019,1871,537,0.4305555555555556,0.5961538461538461,52,72,109,26,sec_dev_0008
no_time,19521007,dev,0.0,110,29,0.6206896551724138,0.16363636363636364,0.2589928057553957,0.2923076923076923,1.0,0.7173333333333334,0.2826666666666667,1125,318,0.2565789473684211,0.7647058823529411,51,152,65,19,sec_dev_0009
no_time,19521007,dev,0.7,110,54,0.5925925925925926,0.2909090909090909,0.39024390243902435,0.3023255813953488,1.2181818181818183,0.7298037425832953,0.2701962574167047,2191,592,0.717948717948718,0.5490196078431373,51,39,129,39,sec_dev_0009
no_time,19521007,dev,0.0,104,21,0.7142857142857143,0.14423076923076922,0.23999999999999996,0.2153846153846154,1.0192307692307692,0.7126903553299493,0.28730964467005077,985,283,0.28125,0.7894736842105263,57,160,65,14,sec_dev_0010
no_time,19521007,dev,0.7,104,50,0.56,0.2692307692307692,0.36363636363636365,0.25396825396825395,1.2211538461538463,0.6807909604519774,0.3192090395480226,2124,678,0.625,0.43859649122807015,57,40,126,32,sec_dev_0010
no_time,19521007,dev,0.0,105,27,0.6666666666666666,0.17142857142857143,0.27272727272727276,0.25,0.9619047619047619,0.7337526205450734,0.2662473794549266,954,254,0.2787878787878788,0.8214285714285714,56,165,56,14,sec_dev_0011
no_time,19521007,dev,0.7,105,53,0.6037735849056604,0.3047619047619048,0.4050632911392405,0.3076923076923077,1.0666666666666667,0.7224163754368447,0.2775836245631553,2003,556,0.48148148148148145,0.4642857142857143,56,54,117,36,sec_dev_0011
no_time,19521007,test,0.0,110,24,0.75,0.16363636363636364,0.26865671641791045,0.13725490196078433,0.9090909090909091,0.7734668335419275,0.2265331664580726,799,181,0.22043010752688172,0.803921568627451,51,186,51,7,sec_test_0000
no_time,19521007,test,0.7,110,50,0.6,0.2727272727272727,0.37499999999999994,0.288135593220339,1.1363636363636365,0.7233606557377049,0.2766393442622951,1952,540,0.46875,0.5882352941176471,51,64,118,34,sec_test_0000
no_time,19521007,test,0.0,106,25,0.92,0.2169811320754717,0.35114503816793896,0.047619047619047616,0.8584905660377359,0.8162344983089065,0.18376550169109357,887,163,0.23255813953488372,0.7272727272727273,55,172,63,3,sec_test_0001
no_time,19521007,test,0.7,106,65,0.6923076923076923,0.42452830188679247,0.5263157894736842,0.21138211382113822,0.9056603773584906,0.7238006520726595,0.27619934792734047,2147,593,0.7,0.509090909090909,55,40,123,26,sec_test_0001
no_time,19521007,test,0.0,114,22,0.7272727272727273,0.14035087719298245,0.23529411764705882,0.18181818181818182,0.9736842105263158,0.7385474860335195,0.26145251396648045,895,234,0.2111111111111111,0.8085106382978723,47,180,55,10,sec_test_0002
no_time,19521007,test,0.7,114,49,0.6938775510204082,0.2982456140350877,0.4171779141104294,0.2818181818181818,1.0526315789473684,0.692,0.308,2000,616,0.46875,0.6382978723404256,47,64,110,31,sec_test_0002
no_time,19521007,test,0.0,111,22,0.5909090909090909,0.11711711711711711,0.19548872180451127,0.16393442622950818,1.0,0.7158234660925726,0.28417653390742736,929,264,0.21965317919075145,0.76,50,173,61,10,sec_test_0003
no_time,19521007,test,0.7,111,53,0.6792452830188679,0.32432432432432434,0.4390243902439024,0.2109375,1.0360360360360361,0.7323279924599435,0.26767200754005654,2122,568,0.5957446808510638,0.56,50,47,128,27,sec_test_0003
no_time,19521007,test,0.0,109,25,0.68,0.1559633027522936,0.2537313432835821,0.1935483870967742,0.944954128440367,0.7264529058116233,0.27354709418837675,998,273,0.22560975609756098,0.7115384615384616,52,164,62,12,sec_test_0004
no_time,19521007,test,0.7,109,53,0.660377358490566,0.3211009174311927,0.4320987654320988,0.25210084033613445,1.0,0.7341211225997046,0.2658788774002954,2031,540,0.4727272727272727,0.5,52,55,119,30,sec_test_0004
no_time,19521007,test,0.0,107,19,0.6842105263157895,0.12149532710280374,0.20634920634920634,0.06382978723404255,0.9345794392523364,0.7442799461641991,0.2557200538358008,743,190,0.2275132275132275,0.7962962962962963,54,189,47,3,sec_test_0005
no_time,19521007,test,0.7,107,51,0.6862745098039216,0.32710280373831774,0.44303797468354433,0.21428571428571427,1.0,0.7098078867542973,0.2901921132457027,1978,574,0.5084745762711864,0.5555555555555556,54,59,112,24,sec_test_0005
no_time,19521007,test,0.0,108,10,0.6,0.05555555555555555,0.10169491525423728,0.13513513513513514,0.9814814814814815,0.7399650959860384,0.2600349040139616,573,149,0.20673076923076922,0.8113207547169812,53,208,37,5,sec_test_0006
no_time,19521007,test,0.7,108,44,0.6136363636363636,0.25,0.35526315789473684,0.22641509433962265,1.0462962962962963,0.7165570175438596,0.28344298245614036,1824,517,0.39473684210526316,0.5660377358490566,53,76,106,24,sec_test_0006
no_time,19521007,test,0.0,112,31,0.3870967741935484,0.10714285714285714,0.1678321678321678,0.25,1.125,0.6954765751211631,0.3045234248788368,1238,377,0.24647887323943662,0.7142857142857143,49,142,72,18,sec_test_0007
no_time,19521007,test,0.7,112,52,0.5,0.23214285714285715,0.3170731707317073,0.2857142857142857,1.1875,0.6929360884190293,0.3070639115809707,2081,639,0.5094339622641509,0.5510204081632653,49,53,119,34,sec_test_0007
no_time,19521007,test,0.0,106,23,0.5652173913043478,0.12264150943396226,0.20155038759689922,0.1346153846153846,0.9716981132075472,0.7198067632850241,0.28019323671497587,828,232,0.21787709497206703,0.7090909090909091,55,179,52,7,sec_test_0008
no_time,19521007,test,0.7,106,46,0.5217391304347826,0.22641509433962265,0.3157894736842105,0.19298245614035087,1.1603773584905661,0.7288317256162915,0.27116827438370844,1866,506,0.43478260869565216,0.5454545454545454,55,69,114,22,sec_test_0008
no_time,19521007,test,0.0,108,16,0.75,0.1111111111111111,0.19354838709677416,0.24528301886792453,1.0,0.7137970353477765,0.2862029646522235,877,251,0.24431818181818182,0.8113207547169812,53,176,53,13,sec_test_0009
no_time,19521007,test,0.7,108,58,0.6724137931034483,0.3611111111111111,0.46987951807228917,0.3008849557522124,1.0,0.7275747508305648,0.2724252491694352,2107,574,0.5531914893617021,0.49056603773584906,53,47,113,34,sec_test_0009
no_time,19521007,test,0.0,110,16,0.875,0.12727272727272726,0.22222222222222224,0.175,0.9272727272727272,0.7058823529411764,0.29411764705882354,680,200,0.23115577889447236,0.9019607843137255,51,199,40,7,sec_test_0010
no_time,19521007,test,0.7,110,41,0.7317073170731707,0.2727272727272727,0.3973509933774834,0.2018348623853211,1.0818181818181818,0.7105985722130698,0.28940142778693023,1821,527,0.3717948717948718,0.5686274509803921,51,78,109,22,sec_test_0010
no_time,19521007,test,0.0,98,22,0.5909090909090909,0.1326530612244898,0.21666666666666667,0.125,1.0204081632653061,0.6875,0.3125,976,305,0.2838709677419355,0.6984126984126984,63,155,64,8,sec_test_0011
no_time,19521007,test,0.7,98,46,0.5434782608695652,0.25510204081632654,0.34722222222222227,0.20512820512820512,1.1428571428571428,0.6810035842293907,0.31899641577060933,1953,623,0.5384615384615384,0.4444444444444444,63,52,117,24,sec_test_0011
no_time,19521007,test,0.0,116,22,0.8636363636363636,0.16379310344827586,0.2753623188405797,0.16666666666666666,0.9051724137931034,0.7493946731234866,0.2506053268765133,826,207,0.19576719576719576,0.8222222222222222,45,189,54,9,sec_test_0012
no_time,19521007,test,0.7,116,51,0.6666666666666666,0.29310344827586204,0.40718562874251496,0.2796610169491525,1.1206896551724137,0.7237762237762237,0.2762237762237762,2002,553,0.4,0.5777777777777777,45,65,118,33,sec_test_0012
no_time,19521008,dev,0.0,113,20,0.65,0.11504424778761062,0.1954887218045113,0.18181818181818182,1.0,0.7623126338329764,0.23768736616702354,934,222,0.2471264367816092,0.8958333333333334,48,174,66,12,sec_dev_0000
no_time,19521008,dev,0.7,113,66,0.6818181818181818,0.39823008849557523,0.5027932960893854,0.2803030303030303,1.0442477876106195,0.7373251748251748,0.26267482517482516,2288,601,0.8125,0.5416666666666666,48,32,132,37,sec_dev_0000
no_time,19521008,dev,0.0,111,20,0.85,0.15315315315315314,0.2595419847328244,0.1643835616438356,0.9369369369369369,0.7736389684813754,0.22636103151862463,1047,237,0.24375,0.78,50,160,73,12,sec_dev_0001
no_time,19521008,dev,0.7,111,61,0.6721311475409836,0.36936936936936937,0.47674418604651164,0.2755905511811024,1.054054054054054,0.7248113626276076,0.27518863737239235,2253,620,0.7352941176470589,0.5,50,34,127,35,sec_dev_0001
no_time,19521008,dev,0.0,112,18,0.6111111111111112,0.09821428571428571,0.16923076923076924,0.23333333333333334,0.9910714285714286,0.7314606741573033,0.26853932584269663,890,239,0.2303370786516854,0.8367346938775511,49,178,60,14,sec_dev_0002
no_time,19521008,dev,0.7,112,60,0.6166666666666667,0.33035714285714285,0.43023255813953487,0.2698412698412698,1.0803571428571428,0.7248134328358209,0.2751865671641791,2144,590,0.5652173913043478,0.5306122448979592,49,46,126,34,sec_dev_0002
no_time,19521008,dev,0.0,104,24,0.6666666666666666,0.15384615384615385,0.25,0.15625,0.9519230769230769,0.7422360248447205,0.2577639751552795,966,249,0.24074074074074073,0.6842105263157895,57,162,64,10,sec_dev_0003
no_time,19521008,dev,0.7,104,62,0.6774193548387096,0.40384615384615385,0.5060240963855421,0.18181818181818182,1.0192307692307692,0.7472577696526508,0.25274223034734916,2188,553,0.7878787878787878,0.45614035087719296,57,33,132,24,sec_dev_0003
no_time,19521008,dev,0.0,117,21,0.6190476190476191,0.1111111111111111,0.18840579710144925,0.225,1.0769230769230769,0.7526785714285714,0.24732142857142858,1120,277,0.2088607594936709,0.75,44,158,80,18,sec_dev_0004
no_time,19521008,dev,0.7,117,64,0.546875,0.29914529914529914,0.38674033149171266,0.32575757575757575,1.205128205128205,0.6932700603968939,0.3067299396031061,2318,711,0.7575757575757576,0.5681818181818182,44,33,132,43,sec_dev_0004
no_time,19521008,dev,0.0,121,36,0.75,0.2231404958677686,0.34394904458598724,0.13725490196078433,0.9090909090909091,0.7558299039780522,0.24417009602194786,1458,356,0.23015873015873015,0.725,40,126,102,14,sec_dev_0005
no_time,19521008,dev,0.7,121,72,0.6666666666666666,0.39669421487603307,0.49740932642487057,0.2826086956521739,1.0413223140495869,0.7316053511705686,0.2683946488294314,2392,642,0.8620689655172413,0.625,40,29,138,39,sec_dev_0005
no_time,19521008,dev,0.0,106,26,0.6538461538461539,0.16037735849056603,0.25757575757575757,0.16666666666666666,0.9622641509433962,0.8046181172291297,0.19538188277087035,1126,220,0.273972602739726,0.7272727272727273,55,146,84,14,sec_dev_0006
no_time,19521008,dev,0.7,106,58,0.6206896551724138,0.33962264150943394,0.4390243902439024,0.28888888888888886,1.2075471698113207,0.733184855233853,0.266815144766147,2245,599,0.8620689655172413,0.45454545454545453,55,29,135,39,sec_dev_0006
no_time,19521008,dev,0.0,107,27,0.7037037037037037,0.17757009345794392,0.2835820895522388,0.1686746987951807,1.0,0.7373653686826843,0.2626346313173157,1207,317,0.302158273381295,0.7777777777777778,54,139,83,14,sec_dev_0007
no_time,19521008,dev,0.7,107,57,0.6842105263157895,0.3644859813084112,0.47560975609756095,0.23076923076923078,1.102803738317757,0.693886462882096,0.30611353711790396,2290,701,0.9615384615384616,0.46296296296296297,54,26,130,30,sec_dev_0007
no_time,19521008,dev,0.0,109,34,0.47058823529411764,0.14678899082568808,0.22377622377622378,0.2289156626506024,1.091743119266055,0.713848508033665,0.2861514919663351,1307,374,0.2748091603053435,0.6923076923076923,52,131,83,19,sec_dev_0008
no_time,19521008,dev,0.7,109,61,0.4918032786885246,0.27522935779816515,0.35294117647058826,0.2846153846153846,1.2844036697247707,0.7154185022026431,0.2845814977973568,2270,646,0.8666666666666667,0.5,52,30,130,37,sec_dev_0008
no_time,19521008,dev,0.0,110,25,0.6,0.13636363636363635,0.22222222222222218,0.2625,1.1090909090909091,0.7596638655462185,0.24033613445378152,1190,286,0.2777777777777778,0.7843137254901961,51,144,80,21,sec_dev_0009
no_time,19521008,dev,0.7,110,57,0.6666666666666666,0.34545454545454546,0.45508982035928136,0.2878787878787879,1.1454545454545455,0.7238805970149254,0.27611940298507465,2278,629,0.8,0.47058823529411764,51,30,132,38,sec_dev_0009
no_time,19521008,dev,0.0,104,23,0.6086956521739131,0.1346153846153846,0.2204724409448819,0.21052631578947367,1.0384615384615385,0.7522851919561243,0.2477148080438757,1094,271,0.3108108108108108,0.8070175438596491,57,148,76,16,sec_dev_0010
no_time,19521008,dev,0.7,104,56,0.5535714285714286,0.2980769230769231,0.38749999999999996,0.29545454545454547,1.2307692307692308,0.7066420664206642,0.2933579335793358,2168,636,0.8,0.49122807017543857,57,35,132,39,sec_dev_0010
no_time,19521008,dev,0.0,105,15,0.6666666666666666,0.09523809523809523,0.16666666666666666,0.20270270270270271,1.0952380952380953,0.7680722891566265,0.2319277108433735,996,231,0.24528301886792453,0.6964285714285714,56,159,74,15,sec_dev_0011
no_time,19521008,dev,0.7,105,51,0.6078431372549019,0.29523809523809524,0.39743589743589747,0.25757575757575757,1.180952380952381,0.7370848708487086,0.2629151291512915,2168,570,0.6944444444444444,0.44642857142857145,56,36,132,34,sec_dev_0011
no_time,19521008,test,0.0,110,22,0.7727272727272727,0.15454545454545454,0.25757575757575757,0.13636363636363635,0.9363636363636364,0.8087248322147651,0.1912751677852349,894,171,0.21714285714285714,0.7450980392156863,51,175,66,9,sec_test_0000
no_time,19521008,test,0.7,110,60,0.6833333333333333,0.37272727272727274,0.48235294117647054,0.21641791044776118,1.0909090909090908,0.7473166368515205,0.25268336314847945,2236,565,0.7647058823529411,0.5098039215686274,51,34,134,29,sec_test_0000
no_time,19521008,test,0.0,106,23,0.9130434782608695,0.19811320754716982,0.32558139534883723,0.12307692307692308,0.9150943396226415,0.7519125683060109,0.24808743169398906,915,227,0.28402366863905326,0.8727272727272727,55,169,65,8,sec_test_0001
no_time,19521008,test,0.7,106,58,0.8793103448275862,0.4811320754716981,0.6219512195121951,0.183206106870229,0.8867924528301887,0.7522416234072675,0.24775837659273242,2119,525,0.6904761904761905,0.5272727272727272,55,42,131,24,sec_test_0001
no_time,19521008,test,0.0,114,13,0.6923076923076923,0.07894736842105263,0.14173228346456693,0.1388888888888889,1.0350877192982457,0.8083700440528634,0.19162995594713655,908,174,0.20903954802259886,0.7872340425531915,47,177,72,10,sec_test_0002
no_time,19521008,test,0.7,114,59,0.7457627118644068,0.38596491228070173,0.5086705202312138,0.29545454545454547,1.087719298245614,0.724426807760141,0.27557319223985893,2268,625,0.7714285714285715,0.574468085106383,47,35,132,39,sec_test_0002
no_time,19521008,test,0.0,111,18,0.6666666666666666,0.10810810810810811,0.18604651162790697,0.06060606060606061,0.990990990990991,0.7887168141592921,0.21128318584070796,904,191,0.21714285714285714,0.76,50,175,66,4,sec_test_0003
no_time,19521008,test,0.7,111,59,0.6440677966101694,0.34234234234234234,0.4470588235294118,0.2698412698412698,1.0990990990990992,0.7168784029038113,0.2831215970961887,2204,624,0.6923076923076923,0.54,50,39,126,34,sec_test_0003
no_time,19521008,test,0.0,109,21,0.6190476190476191,0.11926605504587157,0.2,0.1724137931034483,0.9724770642201835,0.7317596566523605,0.26824034334763946,932,250,0.22807017543859648,0.75,52,171,58,10,sec_test_0004
no_time,19521008,test,0.7,109,59,0.6440677966101694,0.3486238532110092,0.4523809523809524,0.24166666666666667,1.0275229357798166,0.7158878504672896,0.2841121495327103,2140,608,0.5909090909090909,0.5,52,44,120,29,sec_test_0004
no_time,19521008,test,0.0,107,32,0.71875,0.21495327102803738,0.33093525179856115,0.20987654320987653,0.9252336448598131,0.7667473769168685,0.23325262308313155,1239,289,0.3014705882352941,0.7592592592592593,54,136,81,17,sec_test_0005
no_time,19521008,test,0.7,107,68,0.6911764705882353,0.4392523364485981,0.5371428571428571,0.25806451612903225,0.9719626168224299,0.7385764499121266,0.26142355008787344,2276,595,0.8928571428571429,0.46296296296296297,54,28,124,32,sec_test_0005
no_time,19521008,test,0.0,108,23,0.782608695652174,0.16666666666666666,0.2748091603053435,0.1935483870967742,0.9259259259259259,0.7766884531590414,0.2233115468409586,918,205,0.25146198830409355,0.8113207547169812,53,171,62,12,sec_test_0006
no_time,19521008,test,0.7,108,59,0.7288135593220338,0.39814814814814814,0.5149700598802395,0.22556390977443608,1.0277777777777777,0.7456021650879567,0.2543978349120433,2217,564,0.7352941176470589,0.4716981132075472,53,34,133,30,sec_test_0006
no_time,19521008,test,0.0,112,24,0.8333333333333334,0.17857142857142858,0.29411764705882354,0.15,0.8928571428571429,0.7534090909090909,0.24659090909090908,880,217,0.2346368715083799,0.8571428571428571,49,179,60,9,sec_test_0007
no_time,19521008,test,0.7,112,67,0.7014925373134329,0.41964285714285715,0.5251396648044693,0.2222222222222222,0.9196428571428571,0.7339656729900632,0.2660343270099368,2214,589,0.6666666666666666,0.5306122448979592,49,39,126,28,sec_test_0007
no_time,19521008,test,0.0,106,26,0.6923076923076923,0.16981132075471697,0.27272727272727276,0.13580246913580246,0.9622641509433962,0.7761601455868972,0.22383985441310283,1099,246,0.26174496644295303,0.7090909090909091,55,149,81,11,sec_test_0008
no_time,19521008,test,0.7,106,61,0.6557377049180327,0.37735849056603776,0.47904191616766467,0.2692307692307692,1.0849056603773586,0.7299539170506912,0.27004608294930876,2170,586,0.7297297297297297,0.4909090909090909,55,37,130,35,sec_test_0008
no_time,19521008,test,0.0,108,28,0.6071428571428571,0.1574074074074074,0.25,0.24324324324324326,1.0092592592592593,0.759046052631579,0.24095394736842105,1216,293,0.2714285714285714,0.7169811320754716,53,140,74,18,sec_test_0009
no_time,19521008,test,0.7,108,57,0.5964912280701754,0.3148148148148148,0.4121212121212121,0.32786885245901637,1.1851851851851851,0.7356373429084381,0.2643626570915619,2228,589,0.8235294117647058,0.5283018867924528,53,34,122,40,sec_test_0009
no_time,19521008,test,0.0,110,11,0.7272727272727273,0.07272727272727272,0.13223140495867766,0.0392156862745098,0.9727272727272728,0.8514680483592401,0.14853195164075994,579,86,0.1971153846153846,0.803921568627451,51,208,51,2,sec_test_0010
no_time,19521008,test,0.7,110,60,0.6,0.32727272727272727,0.4235294117647059,0.31496062992125984,1.1363636363636365,0.7357512953367875,0.26424870466321243,2123,561,0.5869565217391305,0.5294117647058824,51,46,127,40,sec_test_0010
no_time,19521008,test,0.0,98,26,0.6153846153846154,0.16326530612244897,0.25806451612903225,0.1625,0.9795918367346939,0.7860869565217391,0.21391304347826087,1150,246,0.3088235294117647,0.6666666666666666,63,136,80,13,sec_test_0011
no_time,19521008,test,0.7,98,62,0.6451612903225806,0.40816326530612246,0.5000000000000001,0.2230769230769231,1.0408163265306123,0.732258064516129,0.267741935483871,2170,581,0.896551724137931,0.4126984126984127,63,29,130,29,sec_test_0011
no_time,19521008,test,0.0,116,27,0.6296296296296297,0.14655172413793102,0.23776223776223773,0.23333333333333334,0.9482758620689655,0.7099009900990099,0.2900990099009901,1010,293,0.21176470588235294,0.8,45,170,60,14,sec_test_0012
no_time,19521008,test,0.7,116,63,0.5873015873015873,0.31896551724137934,0.41340782122905034,0.35,1.0775862068965518,0.7157894736842105,0.28421052631578947,2280,648,0.6756756756756757,0.5555555555555556,45,37,120,42,sec_test_0012
no_time,19521009,dev,0.0,113,29,0.7931034482758621,0.20353982300884957,0.323943661971831,0.17391304347826086,0.9203539823008849,0.7484105358764759,0.25158946412352406,1101,277,0.25477707006369427,0.8333333333333334,48,157,69,12,sec_dev_0000
no_time,19521009,dev,0.7,113,65,0.7230769230769231,0.415929203539823,0.5280898876404494,0.2890625,1.008849557522124,0.7234881682734444,0.27651183172655563,2282,631,0.8181818181818182,0.5625,48,33,128,37,sec_dev_0000
no_time,19521009,dev,0.0,111,28,0.7142857142857143,0.18018018018018017,0.28776978417266186,0.1276595744680851,0.972972972972973,0.7625391849529781,0.23746081504702193,1276,303,0.2518518518518518,0.68,50,135,94,12,sec_dev_0001
no_time,19521009,dev,0.7,111,60,0.7166666666666667,0.38738738738738737,0.5029239766081871,0.22962962962962963,1.063063063063063,0.709368191721133,0.2906318082788671,2295,667,0.8620689655172413,0.5,50,29,135,31,sec_dev_0001
no_time,19521009,dev,0.0,112,26,0.6923076923076923,0.16071428571428573,0.26086956521739135,0.14492753623188406,0.9196428571428571,0.7243035542747358,0.2756964457252642,1041,287,0.2345679012345679,0.7755102040816326,49,162,69,10,sec_dev_0002
no_time,19521009,dev,0.7,112,66,0.6515151515151515,0.38392857142857145,0.48314606741573035,0.2661290322580645,0.9821428571428571,0.6990291262135923,0.30097087378640774,2266,682,0.7941176470588235,0.5510204081632653,49,34,124,33,sec_dev_0002
no_time,19521009,dev,0.0,104,26,0.8461538461538461,0.21153846153846154,0.3384615384615385,0.1095890410958904,0.9423076923076923,0.7879656160458453,0.21203438395415472,1047,222,0.28104575163398693,0.7543859649122807,57,153,73,8,sec_dev_0003
no_time,19521009,dev,0.7,104,59,0.7966101694915254,0.4519230769230769,0.5766871165644172,0.17037037037037037,1.0,0.7328798185941043,0.2671201814058957,2205,589,0.8387096774193549,0.45614035087719296,57,31,135,23,sec_dev_0003
no_time,19521009,dev,0.0,117,24,0.7083333333333334,0.1452991452991453,0.24113475177304966,0.18571428571428572,1.017094017094017,0.7918367346938775,0.20816326530612245,980,204,0.2254335260115607,0.8863636363636364,44,173,70,13,sec_dev_0004
no_time,19521009,dev,0.7,117,60,0.7333333333333333,0.37606837606837606,0.4971751412429378,0.26811594202898553,1.0683760683760684,0.7227891156462585,0.27721088435374147,2352,652,0.896551724137931,0.5909090909090909,44,29,138,37,sec_dev_0004
no_time,19521009,dev,0.0,121,37,0.8918918918918919,0.2727272727272727,0.4177215189873418,0.16853932584269662,0.8760330578512396,0.7577282530553558,0.24227174694464415,1391,337,0.23880597014925373,0.8,40,134,89,15,sec_dev_0005
no_time,19521009,dev,0.7,121,65,0.7692307692307693,0.4132231404958678,0.5376344086021505,0.28169014084507044,1.0413223140495869,0.7122602168473728,0.2877397831526272,2398,690,0.8928571428571429,0.625,40,28,142,40,sec_dev_0005
no_time,19521009,dev,0.0,106,26,0.7307692307692307,0.1792452830188679,0.2878787878787879,0.14705882352941177,0.9056603773584906,0.7922606924643585,0.20773930753564154,982,204,0.2716049382716049,0.8,55,162,68,10,sec_dev_0006
no_time,19521009,dev,0.7,106,63,0.6507936507936508,0.3867924528301887,0.485207100591716,0.21323529411764705,1.0566037735849056,0.7348484848484849,0.26515151515151514,2244,595,0.8275862068965517,0.43636363636363634,55,29,136,29,sec_dev_0006
no_time,19521009,dev,0.0,107,28,0.6785714285714286,0.17757009345794392,0.28148148148148144,0.14705882352941177,0.9532710280373832,0.7366920152091254,0.2633079847908745,1052,277,0.27564102564102566,0.7962962962962963,54,156,68,10,sec_dev_0007
no_time,19521009,dev,0.7,107,59,0.6101694915254238,0.3364485981308411,0.43373493975903615,0.25757575757575757,1.1401869158878504,0.7015192135835567,0.29848078641644327,2238,668,0.8064516129032258,0.46296296296296297,54,31,132,34,sec_dev_0007
no_time,19521009,dev,0.0,109,27,0.8148148148148148,0.2018348623853211,0.3235294117647059,0.1527777777777778,0.9357798165137615,0.7574906367041199,0.24250936329588016,1068,259,0.23717948717948717,0.7115384615384616,52,156,72,11,sec_dev_0008
no_time,19521009,dev,0.7,109,59,0.6610169491525424,0.3577981651376147,0.46428571428571425,0.27007299270072993,1.146788990825688,0.7201935767707874,0.2798064232292125,2273,636,0.8620689655172413,0.4807692307692308,52,29,137,37,sec_dev_0008
no_time,19521009,dev,0.0,110,32,0.65625,0.19090909090909092,0.295774647887324,0.25,1.0545454545454545,0.7228017883755589,0.27719821162444114,1342,372,0.2890625,0.7254901960784313,51,128,88,22,sec_dev_0009
no_time,19521009,dev,0.7,110,61,0.5737704918032787,0.3181818181818182,0.40935672514619886,0.3333333333333333,1.2181818181818183,0.6993127147766323,0.3006872852233677,2328,700,0.96,0.47058823529411764,51,25,132,44,sec_dev_0009
no_time,19521009,dev,0.0,104,23,0.6956521739130435,0.15384615384615385,0.25196850393700787,0.1746031746031746,0.9807692307692307,0.7301905717151455,0.26980942828485455,997,269,0.2641509433962264,0.7368421052631579,57,159,63,11,sec_dev_0010
no_time,19521009,dev,0.7,104,61,0.7213114754098361,0.4230769230769231,0.5333333333333333,0.2076923076923077,1.0096153846153846,0.7337899543378996,0.26621004566210044,2190,583,0.7878787878787878,0.45614035087719296,57,33,130,27,sec_dev_0010
no_time,19521009,dev,0.0,105,36,0.6111111111111112,0.20952380952380953,0.3120567375886525,0.19753086419753085,0.9428571428571428,0.7596532702915682,0.24034672970843185,1269,305,0.29770992366412213,0.6964285714285714,56,131,81,16,sec_dev_0011
no_time,19521009,dev,0.7,105,66,0.7272727272727273,0.45714285714285713,0.5614035087719298,0.21212121212121213,0.9047619047619048,0.751358695652174,0.24864130434782608,2208,549,0.75,0.42857142857142855,56,32,132,28,sec_dev_0011
no_time,19521009,test,0.0,110,23,0.782608695652174,0.16363636363636364,0.2706766917293233,0.13157894736842105,0.9454545454545454,0.8280075187969924,0.17199248120300753,1064,183,0.22929936305732485,0.7058823529411765,51,157,76,10,sec_test_0000
no_time,19521009,test,0.7,110,62,0.6290322580645161,0.35454545454545455,0.45348837209302323,0.25190839694656486,1.0636363636363637,0.7428065515714919,0.25719344842850816,2259,581,0.84375,0.5294117647058824,51,32,131,33,sec_test_0000
no_time,19521009,test,0.0,106,38,0.6578947368421053,0.2358490566037736,0.3472222222222222,0.1935483870967742,0.9622641509433962,0.7344078486334968,0.26559215136650316,1427,379,0.34782608695652173,0.7272727272727273,55,115,93,18,sec_test_0001
no_time,19521009,test,0.7,106,60,0.6333333333333333,0.3584905660377358,0.45783132530120485,0.22962962962962963,1.1037735849056605,0.7156732891832229,0.284326710816777,2265,644,1.0,0.4909090909090909,55,27,135,31,sec_test_0001
no_time,19521009,test,0.0,114,31,0.8064516129032258,0.21929824561403508,0.3448275862068965,0.16455696202531644,0.9473684210526315,0.768303186907838,0.23169681309216192,1161,269,0.23178807947019867,0.7446808510638298,47,151,79,13,sec_test_0002
no_time,19521009,test,0.7,114,65,0.6153846153846154,0.3508771929824561,0.446927374301676,0.2536231884057971,1.1578947368421053,0.7245873153779323,0.27541268462206775,2302,634,0.8387096774193549,0.5531914893617021,47,31,138,35,sec_test_0002
no_time,19521009,test,0.0,111,20,0.7,0.12612612612612611,0.21374045801526714,0.125,1.0360360360360361,0.7768595041322314,0.2231404958677686,968,216,0.21428571428571427,0.72,50,168,72,9,sec_test_0003
no_time,19521009,test,0.7,111,60,0.6833333333333333,0.36936936936936937,0.4795321637426901,0.22695035460992907,1.117117117117117,0.7295263390880921,0.27047366091190794,2259,611,0.75,0.48,50,32,141,32,sec_test_0003
no_time,19521009,test,0.0,109,24,0.8333333333333334,0.1834862385321101,0.30075187969924816,0.14516129032258066,0.8990825688073395,0.7588105726872247,0.24118942731277532,908,219,0.21965317919075145,0.7307692307692307,52,173,62,9,sec_test_0004
no_time,19521009,test,0.7,109,63,0.7301587301587301,0.42201834862385323,0.5348837209302325,0.2706766917293233,1.036697247706422,0.728151075977163,0.27184892402283706,2277,619,0.896551724137931,0.5,52,29,133,36,sec_test_0004
no_time,19521009,test,0.0,107,25,0.72,0.16822429906542055,0.2727272727272727,0.17391304347826086,0.9906542056074766,0.7581699346405228,0.24183006535947713,1071,259,0.2532467532467532,0.7222222222222222,54,154,69,12,sec_test_0005
no_time,19521009,test,0.7,107,61,0.7377049180327869,0.4205607476635514,0.5357142857142857,0.265625,1.0093457943925233,0.7427055702917772,0.2572944297082228,2262,582,0.8620689655172413,0.46296296296296297,54,29,128,34,sec_test_0005
no_time,19521009,test,0.0,108,23,0.7391304347826086,0.1574074074074074,0.2595419847328244,0.22058823529411764,1.0277777777777777,0.7577519379844961,0.24224806201550386,1032,250,0.25157232704402516,0.7547169811320755,53,159,68,15,sec_test_0006
no_time,19521009,test,0.7,108,59,0.6610169491525424,0.3611111111111111,0.467065868263473,0.25,1.1481481481481481,0.74160777385159,0.2583922261484099,2264,585,0.8620689655172413,0.4716981132075472,53,29,136,34,sec_test_0006
no_time,19521009,test,0.0,112,29,0.7586206896551724,0.19642857142857142,0.3120567375886525,0.2,0.8839285714285714,0.7504347826086957,0.24956521739130436,1150,287,0.25165562913907286,0.7755102040816326,49,151,70,14,sec_test_0007
no_time,19521009,test,0.7,112,62,0.7258064516129032,0.4017857142857143,0.517241379310345,0.25,0.9732142857142857,0.699912510936133,0.300087489063867,2286,686,0.8125,0.5306122448979592,49,32,124,31,sec_test_0007
no_time,19521009,test,0.0,106,25,0.8,0.18867924528301888,0.30534351145038174,0.13157894736842105,0.9056603773584906,0.7612208258527828,0.23877917414721722,1114,266,0.2635135135135135,0.7090909090909091,55,148,76,10,sec_test_0008
no_time,19521009,test,0.7,106,56,0.6964285714285714,0.36792452830188677,0.48148148148148145,0.22727272727272727,1.0566037735849056,0.7216264521894549,0.27837354781054513,2238,623,0.8666666666666667,0.4727272727272727,55,30,132,30,sec_test_0008
no_time,19521009,test,0.0,108,27,0.6666666666666666,0.16666666666666666,0.26666666666666666,0.29508196721311475,0.9907407407407407,0.7530981887511916,0.2469018112488084,1049,259,0.2721518987341772,0.8113207547169812,53,158,61,18,sec_test_0009
no_time,19521009,test,0.7,108,58,0.5517241379310345,0.2962962962962963,0.38554216867469876,0.2975206611570248,1.1759259259259258,0.7220461747397012,0.27795382526029877,2209,614,0.7777777777777778,0.5283018867924528,53,36,121,36,sec_test_0009
no_time,19521009,test,0.0,110,23,0.782608695652174,0.16363636363636364,0.2706766917293233,0.13846153846153847,0.9454545454545454,0.7944751381215469,0.20552486187845304,905,186,0.22413793103448276,0.7647058823529411,51,174,65,9,sec_test_0010
no_time,19521009,test,0.7,110,64,0.671875,0.39090909090909093,0.4942528735632184,0.2116788321167883,1.0636363636363637,0.7525865946918578,0.24741340530814215,2223,550,0.7428571428571429,0.5098039215686274,51,35,137,29,sec_test_0010
no_time,19521009,test,0.0,98,21,0.6190476190476191,0.1326530612244898,0.2184873949579832,0.16417910447761194,1.0510204081632653,0.7543679342240494,0.24563206577595068,973,239,0.2967741935483871,0.7301587301587301,63,155,67,11,sec_test_0011
no_time,19521009,test,0.7,98,52,0.5192307692307693,0.2755102040816326,0.36,0.2366412213740458,1.2448979591836735,0.7244094488188977,0.2755905511811024,2159,595,0.8666666666666667,0.4126984126984127,63,30,131,31,sec_test_0011
no_time,19521009,test,0.0,116,27,0.7777777777777778,0.1810344827586207,0.2937062937062937,0.16176470588235295,0.9741379310344828,0.7548449612403101,0.2451550387596899,1032,253,0.20359281437125748,0.7555555555555555,45,167,68,11,sec_test_0012
no_time,19521009,test,0.7,116,71,0.6901408450704225,0.4224137931034483,0.5240641711229946,0.25,1.0172413793103448,0.7364106988783434,0.2635893011216566,2318,611,0.78125,0.5555555555555556,45,32,132,33,sec_test_0012
no_time,19521010,dev,0.0,113,2,1.0,0.017699115044247787,0.034782608695652174,0.058823529411764705,1.0,0.7881773399014779,0.21182266009852216,203,43,0.17857142857142858,0.9375,48,252,17,1,sec_dev_0000
no_time,19521010,dev,0.7,113,36,0.75,0.23893805309734514,0.3624161073825503,0.1958762886597938,0.9557522123893806,0.7693863789615644,0.2306136210384356,1483,342,0.28448275862068967,0.6875,48,116,97,19,sec_dev_0000
no_time,19521010,dev,0.0,111,1,1.0,0.009009009009009009,0.01785714285714286,0.0,0.990990990990991,0.6808510638297872,0.3191489361702128,47,15,0.18352059925093633,0.98,50,267,3,0,sec_dev_0001
no_time,19521010,dev,0.7,111,22,0.6818181818181818,0.13513513513513514,0.22556390977443608,0.33962264150943394,0.9819819819819819,0.6871896722939423,0.3128103277060576,1007,315,0.2469879518072289,0.82,50,166,53,18,sec_dev_0001
no_time,19521010,dev,0.0,112,0,0.0,0.0,0.0,0.0,1.0089285714285714,0.9555555555555556,0.044444444444444446,45,2,0.1791044776119403,0.9795918367346939,49,268,5,0,sec_dev_0002
no_time,19521010,dev,0.7,112,24,0.6666666666666666,0.14285714285714285,0.23529411764705882,0.18333333333333332,0.9642857142857143,0.689010989010989,0.310989010989011,910,283,0.21022727272727273,0.7551020408163265,49,176,60,11,sec_dev_0002
no_time,19521010,dev,0.0,104,4,0.75,0.028846153846153848,0.05555555555555555,0.05555555555555555,0.9903846153846154,0.7722772277227723,0.22772277227722773,202,46,0.22633744855967078,0.9649122807017544,57,243,18,1,sec_dev_0003
no_time,19521010,dev,0.7,104,35,0.6571428571428571,0.22115384615384615,0.3309352517985611,0.15584415584415584,0.9230769230769231,0.7360275150472915,0.26397248495270853,1163,307,0.3049645390070922,0.7543859649122807,57,141,77,12,sec_dev_0003
no_time,19521010,dev,0.0,117,8,0.375,0.02564102564102564,0.048,0.16666666666666666,1.0085470085470085,0.675,0.325,400,130,0.17872340425531916,0.9545454545454546,44,235,30,5,sec_dev_0004
no_time,19521010,dev,0.7,117,38,0.6578947368421053,0.21367521367521367,0.32258064516129026,0.2871287128712871,1.0940170940170941,0.6923076923076923,0.3076923076923077,1729,532,0.3157894736842105,0.6818181818181818,44,95,101,29,sec_dev_0004
no_time,19521010,dev,0.0,121,12,0.8333333333333334,0.08264462809917356,0.15037593984962405,0.1111111111111111,0.9504132231404959,0.7529182879377432,0.24708171206225682,514,127,0.16740088105726872,0.95,40,227,36,4,sec_dev_0005
no_time,19521010,dev,0.7,121,43,0.6976744186046512,0.24793388429752067,0.36585365853658536,0.25742574257425743,1.0330578512396693,0.7221217600964436,0.27787823990355637,1659,461,0.27358490566037735,0.725,40,106,101,26,sec_dev_0005
no_time,19521010,dev,0.0,106,0,0.0,0.0,0.0,0.0,1.0,1.0,0.0,18,0,0.20754716981132076,1.0,55,265,2,0,sec_dev_0006
no_time,19521010,dev,0.7,106,17,0.8235294117647058,0.1320754716981132,0.22764227642276422,0.08928571428571429,0.9528301886792453,0.7728494623655914,0.2271505376344086,744,169,0.24064171122994651,0.8181818181818182,55,187,56,5,sec_dev_0006
no_time,19521010,dev,0.0,107,2,1.0,0.018691588785046728,0.03669724770642201,0.07692307692307693,0.9906542056074766,0.7707006369426752,0.22929936305732485,157,36,0.199203187250996,0.9259259259259259,54,251,13,1,sec_dev_0007
no_time,19521010,dev,0.7,107,26,0.6538461538461539,0.1588785046728972,0.2556390977443609,0.19480519480519481,1.0,0.6973572037510656,0.30264279624893436,1173,355,0.2727272727272727,0.7222222222222222,54,143,77,15,sec_dev_0007
no_time,19521010,dev,0.0,109,9,0.8888888888888888,0.07339449541284404,0.13559322033898308,0.19230769230769232,0.944954128440367,0.745049504950495,0.25495049504950495,404,103,0.2026431718061674,0.8846153846153846,52,227,26,5,sec_dev_0008
no_time,19521010,dev,0.7,109,42,0.5952380952380952,0.22935779816513763,0.3311258278145695,0.22340425531914893,1.036697247706422,0.7313997477931904,0.2686002522068096,1586,426,0.3431372549019608,0.6730769230769231,52,102,94,21,sec_dev_0008
no_time,19521010,dev,0.0,110,5,1.0,0.045454545454545456,0.08695652173913045,0.15384615384615385,0.9636363636363636,0.7563451776649746,0.2436548223350254,197,48,0.204,1.0,51,250,13,2,sec_dev_0009
no_time,19521010,dev,0.7,110,25,0.68,0.15454545454545454,0.2518518518518518,0.16666666666666666,0.990909090909091,0.759515570934256,0.24048442906574394,1156,278,0.24489795918367346,0.7058823529411765,51,147,84,14,sec_dev_0009
no_time,19521010,dev,0.0,104,3,1.0,0.028846153846153848,0.05607476635514019,0.0,0.9807692307692307,0.8974358974358975,0.10256410256410256,156,16,0.22580645161290322,0.9824561403508771,57,248,14,0,sec_dev_0010
no_time,19521010,dev,0.7,104,23,0.6086956521739131,0.1346153846153846,0.2204724409448819,0.13580246913580246,1.0,0.745792736935341,0.254207263064659,1129,287,0.2847222222222222,0.7192982456140351,57,144,81,11,sec_dev_0010
no_time,19521010,dev,0.0,105,12,0.6666666666666666,0.0761904761904762,0.13675213675213674,0.09375,0.9428571428571428,0.8058035714285714,0.19419642857142858,448,87,0.22477064220183487,0.875,56,218,32,3,sec_dev_0011
no_time,19521010,dev,0.7,105,47,0.6170212765957447,0.2761904761904762,0.3815789473684211,0.20588235294117646,0.9142857142857143,0.7464028776978417,0.25359712230215825,1668,423,0.33707865168539325,0.5357142857142857,56,89,102,21,sec_dev_0011
no_time,19521010,test,0.0,110,3,1.0,0.02727272727272727,0.053097345132743355,0.14285714285714285,0.9818181818181818,0.7215909090909092,0.2784090909090909,176,49,0.1984126984126984,0.9803921568627451,51,252,14,2,sec_test_0000
no_time,19521010,test,0.7,110,31,0.7419354838709677,0.20909090909090908,0.326241134751773,0.23076923076923078,0.9818181818181818,0.7418096723868954,0.2581903276131045,1282,331,0.2814814814814815,0.7450980392156863,51,135,78,18,sec_test_0000
no_time,19521010,test,0.0,106,8,0.625,0.04716981132075472,0.08771929824561404,0.17857142857142858,0.9811320754716981,0.75,0.25,392,98,0.23555555555555555,0.9636363636363636,55,225,28,5,sec_test_0001
no_time,19521010,test,0.7,106,42,0.6904761904761905,0.27358490566037735,0.39189189189189183,0.23232323232323232,1.0,0.7299177735610374,0.2700822264389627,1581,427,0.3939393939393939,0.7090909090909091,55,99,99,23,sec_test_0001
no_time,19521010,test,0.0,114,7,0.7142857142857143,0.043859649122807015,0.08264462809917354,0.15,0.9912280701754386,0.7777777777777778,0.2222222222222222,270,60,0.18699186991869918,0.9787234042553191,47,246,20,3,sec_test_0002
no_time,19521010,test,0.7,114,37,0.6486486486486487,0.21052631578947367,0.31788079470198677,0.31868131868131866,1.087719298245614,0.7128005198180637,0.2871994801819363,1539,442,0.2857142857142857,0.6808510638297872,47,112,91,29,sec_test_0002
no_time,19521010,test,0.0,111,4,0.5,0.018018018018018018,0.034782608695652174,0.1,1.009009009009009,0.8454545454545455,0.15454545454545454,220,34,0.1935483870967742,0.96,50,248,20,2,sec_test_0003
no_time,19521010,test,0.7,111,37,0.6756756756756757,0.22522522522522523,0.33783783783783783,0.2,1.09009009009009,0.7398773006134969,0.26012269938650306,1630,424,0.32653061224489793,0.64,50,98,110,22,sec_test_0003
no_time,19521010,test,0.0,109,2,1.0,0.01834862385321101,0.03603603603603604,0.16666666666666666,1.0,0.7341772151898734,0.26582278481012656,158,42,0.1976284584980237,0.9615384615384616,52,253,12,2,sec_test_0004
no_time,19521010,test,0.7,109,21,0.9047619047619048,0.1743119266055046,0.2923076923076923,0.1566265060240964,1.0275229357798166,0.7654751525719268,0.23452484742807322,1147,269,0.2653061224489796,0.75,52,147,83,13,sec_test_0004
no_time,19521010,test,0.0,107,5,0.4,0.018691588785046728,0.03571428571428571,0.19047619047619047,1.02803738317757,0.7323420074349443,0.26765799256505574,269,72,0.2175732217573222,0.9629629629629629,54,239,21,4,sec_test_0005
no_time,19521010,test,0.7,107,27,0.6296296296296297,0.1588785046728972,0.2537313432835821,0.175,1.0186915887850467,0.7220472440944882,0.27795275590551183,1270,353,0.2631578947368421,0.6481481481481481,54,133,80,14,sec_test_0005
no_time,19521010,test,0.0,108,5,1.0,0.046296296296296294,0.08849557522123894,0.0,0.9537037037037037,0.7702702702702703,0.22972972972972974,222,51,0.21224489795918366,0.9811320754716981,53,245,18,0,sec_test_0006
no_time,19521010,test,0.7,108,35,0.6571428571428571,0.21296296296296297,0.3216783216783217,0.19,1.0462962962962963,0.7863945578231293,0.21360544217687075,1470,314,0.30357142857142855,0.6415094339622641,53,112,100,19,sec_test_0006
no_time,19521010,test,0.0,112,5,0.6,0.026785714285714284,0.05128205128205128,0.13333333333333333,1.0178571428571428,0.7888888888888889,0.2111111111111111,360,76,0.19230769230769232,0.9183673469387755,49,234,30,4,sec_test_0007
no_time,19521010,test,0.7,112,41,0.6829268292682927,0.25,0.36601307189542487,0.21505376344086022,0.9910714285714286,0.7501670006680027,0.24983299933199732,1497,374,0.2894736842105263,0.673469387755102,49,114,93,20,sec_test_0007
no_time,19521010,test,0.0,106,0,0.0,0.0,0.0,0.16666666666666666,1.028301886792453,0.765625,0.234375,192,45,0.21544715447154472,0.9636363636363636,55,246,18,3,sec_test_0008
no_time,19521010,test,0.7,106,32,0.625,0.18867924528301888,0.2898550724637681,0.25,1.1226415094339623,0.719247467438495,0.28075253256150506,1382,388,0.35,0.7636363636363637,55,120,88,22,sec_test_0008
no_time,19521010,test,0.0,108,3,0.6666666666666666,0.018518518518518517,0.036036036036036036,0.07692307692307693,1.0092592592592593,0.7961783439490446,0.20382165605095542,157,32,0.21031746031746032,1.0,53,252,13,1,sec_test_0009
no_time,19521010,test,0.7,108,30,0.5333333333333333,0.14814814814814814,0.2318840579710145,0.23076923076923078,1.1111111111111112,0.765752409191994,0.23424759080800592,1349,316,0.288,0.6792452830188679,53,125,91,21,sec_test_0009
no_time,19521010,test,0.0,110,0,0.0,0.0,0.0,0.0,1.0,0.9259259259259259,0.07407407407407407,27,2,0.19029850746268656,1.0,51,268,3,0,sec_test_0010
no_time,19521010,test,0.7,110,12,0.3333333333333333,0.03636363636363636,0.06557377049180327,0.18333333333333332,1.0818181818181818,0.7975,0.2025,800,162,0.21081081081081082,0.7647058823529411,51,185,60,11,sec_test_0010
no_time,19521010,test,0.0,98,10,0.7,0.07142857142857142,0.12962962962962962,0.25,0.9591836734693877,0.7049180327868853,0.29508196721311475,488,144,0.27053140096618356,0.8888888888888888,63,207,32,8,sec_test_0011
no_time,19521010,test,0.7,98,30,0.6,0.1836734693877551,0.28125,0.2916666666666667,1.1326530612244898,0.7255541069100391,0.27444589308996087,1534,421,0.3541666666666667,0.5396825396825397,63,96,96,28,sec_test_0011
no_time,19521010,test,0.0,116,4,0.5,0.017241379310344827,0.03333333333333333,0.18181818181818182,1.0,0.7482014388489209,0.2517985611510791,139,35,0.16793893129770993,0.9777777777777777,45,262,11,2,sec_test_0012
no_time,19521010,test,0.7,116,29,0.6551724137931034,0.16379310344827586,0.2620689655172414,0.16091954022988506,0.9913793103448276,0.7753446877534469,0.22465531224655313,1233,277,0.2413793103448276,0.7777777777777778,45,145,87,14,sec_test_0012
no_state,19521006,dev,0.0,113,24,0.5833333333333334,0.12389380530973451,0.20437956204379565,0.23809523809523808,1.0884955752212389,0.727630285152409,0.2723697148475909,1017,277,0.24096385542168675,0.8333333333333334,48,166,63,15,sec_dev_0000
no_state,19521006,dev,0.7,113,51,0.6078431372549019,0.2743362831858407,0.3780487804878049,0.27049180327868855,1.176991150442478,0.717201166180758,0.282798833819242,2058,582,0.5357142857142857,0.625,48,56,122,33,sec_dev_0000
no_state,19521006,dev,0.0,111,27,0.4444444444444444,0.10810810810810811,0.17391304347826086,0.23255813953488372,1.117117117117117,0.7113237639553429,0.2886762360446571,1254,362,0.2608695652173913,0.72,50,138,86,20,sec_dev_0001
no_state,19521006,dev,0.7,111,62,0.5806451612903226,0.32432432432432434,0.4161849710982659,0.328,1.117117117117117,0.6714596949891067,0.32854030501089326,2295,754,0.8666666666666667,0.52,50,30,125,41,sec_dev_0001
no_state,19521006,dev,0.0,112,20,0.85,0.15178571428571427,0.25757575757575757,0.11475409836065574,0.9107142857142857,0.7238204833141542,0.2761795166858458,869,240,0.2111111111111111,0.7755102040816326,49,180,61,7,sec_dev_0002
no_state,19521006,dev,0.7,112,69,0.6811594202898551,0.41964285714285715,0.5193370165745856,0.2719298245614035,0.8839285714285714,0.6943413729128014,0.30565862708719854,2156,659,0.5869565217391305,0.5510204081632653,49,46,114,31,sec_dev_0002
no_state,19521006,dev,0.0,104,13,0.6923076923076923,0.08653846153846154,0.15384615384615383,0.1,0.9807692307692307,0.7793103448275862,0.2206896551724138,580,128,0.2315270935960591,0.8245614035087719,57,203,40,4,sec_dev_0003
no_state,19521006,dev,0.7,104,53,0.660377358490566,0.33653846153846156,0.445859872611465,0.20952380952380953,0.9615384615384616,0.7532394366197184,0.24676056338028168,1775,438,0.4025974025974026,0.543859649122807,57,77,105,22,sec_dev_0003
no_state,19521006,dev,0.0,117,20,0.5,0.08547008547008547,0.145985401459854,0.3448275862068966,1.1196581196581197,0.6785714285714286,0.32142857142857145,952,306,0.21468926553672316,0.8636363636363636,44,177,58,20,sec_dev_0004
no_state,19521006,dev,0.7,117,52,0.5769230769230769,0.2564102564102564,0.35502958579881655,0.3333333333333333,1.1965811965811965,0.6790123456790124,0.32098765432098764,2187,702,0.574468085106383,0.6136363636363636,44,47,123,41,sec_dev_0004
no_state,19521006,dev,0.0,121,22,0.6818181818181818,0.12396694214876033,0.2097902097902098,0.2054794520547945,1.0413223140495869,0.7377049180327868,0.26229508196721313,1037,272,0.19298245614035087,0.825,40,171,73,15,sec_dev_0005
no_state,19521006,dev,0.7,121,64,0.640625,0.33884297520661155,0.44324324324324327,0.3106060606060606,1.1239669421487604,0.6851374570446735,0.31486254295532645,2328,733,0.7222222222222222,0.65,40,36,132,41,sec_dev_0005
no_state,19521006,dev,0.0,106,17,0.7647058823529411,0.12264150943396226,0.21138211382113822,0.12195121951219512,0.9056603773584906,0.7631160572337043,0.2368839427662957,629,149,0.24,0.8727272727272727,55,200,41,5,sec_dev_0006
no_state,19521006,dev,0.7,106,49,0.6122448979591837,0.2830188679245283,0.3870967741935484,0.24545454545454545,1.0566037735849056,0.6942105263157895,0.3057894736842105,1900,581,0.45454545454545453,0.5454545454545454,55,66,110,27,sec_dev_0006
no_state,19521006,dev,0.0,107,27,0.5555555555555556,0.14018691588785046,0.22388059701492535,0.2857142857142857,1.1121495327102804,0.65,0.35,1180,413,0.3006993006993007,0.7962962962962963,54,143,70,20,sec_dev_0007
no_state,19521006,dev,0.7,107,56,0.5178571428571429,0.27102803738317754,0.35582822085889565,0.2916666666666667,1.2149532710280373,0.6611872146118721,0.33881278538812787,2190,742,0.7027027027027027,0.48148148148148145,54,37,120,35,sec_dev_0007
no_state,19521006,dev,0.0,109,32,0.53125,0.1559633027522936,0.2411347517730497,0.2236842105263158,1.0642201834862386,0.6943048576214406,0.30569514237855944,1194,365,0.2727272727272727,0.75,52,143,76,17,sec_dev_0008
no_state,19521006,dev,0.7,109,59,0.559322033898305,0.30275229357798167,0.39285714285714285,0.30833333333333335,1.1926605504587156,0.6854625550660793,0.3145374449339207,2270,714,0.8064516129032258,0.4807692307692308,52,31,120,37,sec_dev_0008
no_state,19521006,dev,0.0,110,27,0.7407407407407407,0.18181818181818182,0.291970802919708,0.3088235294117647,0.9636363636363636,0.7022569444444444,0.2977430555555556,1152,343,0.2751677852348993,0.803921568627451,51,149,68,21,sec_dev_0009
no_state,19521006,dev,0.7,110,62,0.7096774193548387,0.4,0.5116279069767441,0.29464285714285715,0.9545454545454546,0.7039289055191769,0.2960710944808232,2138,633,0.6086956521739131,0.5490196078431373,51,46,112,33,sec_dev_0009
no_state,19521006,dev,0.0,104,18,0.7222222222222222,0.125,0.21311475409836064,0.2631578947368421,1.0769230769230769,0.7065337763012182,0.29346622369878184,903,265,0.25443786982248523,0.7543859649122807,57,169,57,15,sec_dev_0010
no_state,19521006,dev,0.7,104,48,0.6875,0.3173076923076923,0.43421052631578944,0.2857142857142857,1.0480769230769231,0.6946138211382114,0.3053861788617886,1968,601,0.543859649122807,0.543859649122807,57,57,112,32,sec_dev_0010
no_state,19521006,dev,0.0,105,28,0.75,0.2,0.31578947368421056,0.1527777777777778,0.9333333333333333,0.7652671755725191,0.23473282442748092,1048,246,0.24025974025974026,0.6607142857142857,56,154,72,11,sec_dev_0011
no_state,19521006,dev,0.7,105,61,0.6721311475409836,0.3904761904761905,0.49397590361445776,0.272,1.0476190476190477,0.7239179954441913,0.27608200455580867,2195,606,0.7352941176470589,0.44642857142857145,56,34,125,34,sec_dev_0011
no_state,19521006,test,0.0,110,20,0.8,0.14545454545454545,0.24615384615384614,0.15384615384615385,0.9727272727272728,0.7693121693121693,0.2306878306878307,945,218,0.21176470588235294,0.7058823529411765,51,170,65,10,sec_test_0000
no_state,19521006,test,0.7,110,61,0.6721311475409836,0.37272727272727274,0.47953216374269003,0.2682926829268293,1.009090909090909,0.7294441892512632,0.2705558107487368,2177,589,0.6585365853658537,0.5294117647058824,51,41,123,33,sec_test_0000
no_state,19521006,test,0.0,106,18,0.7222222222222222,0.12264150943396226,0.20967741935483872,0.16666666666666666,0.9811320754716981,0.7506925207756232,0.24930747922437674,722,180,0.23684210526315788,0.8181818181818182,55,190,48,8,sec_test_0001
no_state,19521006,test,0.7,106,54,0.6111111111111112,0.3113207547169811,0.4125,0.23076923076923078,1.0566037735849056,0.708936595107339,0.291063404892661,2003,583,0.5272727272727272,0.5272727272727272,55,55,117,27,sec_test_0001
no_state,19521006,test,0.0,114,22,0.7727272727272727,0.14912280701754385,0.24999999999999997,0.2549019607843137,0.956140350877193,0.6731875719217492,0.32681242807825084,869,284,0.21311475409836064,0.8297872340425532,47,183,51,13,sec_test_0002
no_state,19521006,test,0.7,114,53,0.660377358490566,0.30701754385964913,0.4191616766467066,0.30701754385964913,1.0701754385964912,0.6999027237354085,0.30009727626459143,2056,617,0.4827586206896552,0.5957446808510638,47,58,114,35,sec_test_0002
no_state,19521006,test,0.0,111,20,0.55,0.0990990990990991,0.16793893129770993,0.22641509433962265,1.063063063063063,0.7058823529411764,0.29411764705882354,867,255,0.21666666666666667,0.78,50,180,53,12,sec_test_0003
no_state,19521006,test,0.7,111,52,0.5961538461538461,0.27927927927927926,0.3803680981595092,0.2542372881355932,1.0990990990990992,0.7246450304259635,0.2753549695740365,1972,543,0.4603174603174603,0.58,50,63,118,30,sec_test_0003
no_state,19521006,test,0.0,109,22,0.6818181818181818,0.13761467889908258,0.22900763358778628,0.20754716981132076,0.981651376146789,0.7090301003344481,0.2909698996655518,897,261,0.2342857142857143,0.7884615384615384,52,175,53,11,sec_test_0004
no_state,19521006,test,0.7,109,54,0.6296296296296297,0.3119266055045872,0.4171779141104295,0.24528301886792453,0.963302752293578,0.7127771911298839,0.28722280887011614,1894,544,0.42857142857142855,0.5769230769230769,52,70,106,26,sec_test_0004
no_state,19521006,test,0.0,107,23,0.5652173913043478,0.12149532710280374,0.2,0.2857142857142857,1.02803738317757,0.6907756813417191,0.30922431865828093,954,295,0.281437125748503,0.8703703703703703,54,167,56,16,sec_test_0005
no_state,19521006,test,0.7,107,63,0.5714285714285714,0.3364485981308411,0.4235294117647058,0.3391304347826087,1.0654205607476634,0.6923433874709977,0.30765661252900234,2155,663,0.7073170731707317,0.5370370370370371,54,41,115,39,sec_test_0005
no_state,19521006,test,0.0,108,12,0.5833333333333334,0.06481481481481481,0.11666666666666667,0.3125,1.0185185185185186,0.6617100371747212,0.3382899628252788,538,182,0.2169811320754717,0.8679245283018868,53,212,32,10,sec_test_0006
no_state,19521006,test,0.7,108,39,0.6666666666666666,0.24074074074074073,0.35374149659863946,0.27358490566037735,1.0555555555555556,0.7205215419501134,0.27947845804988664,1764,493,0.35365853658536583,0.5471698113207547,53,82,106,29,sec_test_0006
no_state,19521006,test,0.0,112,26,0.6153846153846154,0.14285714285714285,0.23188405797101452,0.19672131147540983,1.0,0.7099080694586313,0.2900919305413687,979,284,0.22485207100591717,0.7755102040816326,49,169,61,12,sec_test_0007
no_state,19521006,test,0.7,112,64,0.578125,0.33035714285714285,0.42045454545454547,0.3135593220338983,1.1160714285714286,0.6938868613138687,0.3061131386861314,2192,671,0.5952380952380952,0.5102040816326531,49,42,118,37,sec_test_0007
no_state,19521006,test,0.0,106,27,0.5555555555555556,0.14150943396226415,0.22556390977443608,0.20833333333333334,1.0377358490566038,0.7402597402597403,0.2597402597402597,1078,280,0.2631578947368421,0.7272727272727273,55,152,72,15,sec_test_0008
no_state,19521006,test,0.7,106,64,0.515625,0.3113207547169811,0.388235294117647,0.312,1.1886792452830188,0.7070294784580499,0.29297052154195014,2205,646,0.7647058823529411,0.4727272727272727,55,34,125,39,sec_test_0008
no_state,19521006,test,0.0,108,20,0.75,0.1388888888888889,0.23437500000000003,0.18055555555555555,1.0648148148148149,0.7650273224043715,0.23497267759562843,1098,258,0.2565789473684211,0.7358490566037735,53,152,72,13,sec_test_0009
no_state,19521006,test,0.7,108,46,0.5434782608695652,0.23148148148148148,0.3246753246753247,0.3162393162393162,1.2685185185185186,0.6870685687988956,0.31293143120110445,2173,680,0.7,0.5283018867924528,53,40,117,37,sec_test_0009
no_state,19521006,test,0.0,110,15,0.6666666666666666,0.09090909090909091,0.16,0.23809523809523808,0.990909090909091,0.7175925925925926,0.2824074074074074,648,183,0.21287128712871287,0.8431372549019608,51,202,42,10,sec_test_0010
no_state,19521006,test,0.7,110,48,0.6666666666666666,0.2909090909090909,0.40506329113924044,0.2288135593220339,1.018181818181818,0.7339544513457557,0.2660455486542443,1932,514,0.4090909090909091,0.5294117647058824,51,66,118,27,sec_test_0010
no_state,19521006,test,0.0,98,27,0.6296296296296297,0.17346938775510204,0.272,0.18666666666666668,0.9897959183673469,0.7181434599156118,0.2818565400843882,1185,334,0.2932330827067669,0.6190476190476191,63,133,75,14,sec_test_0011
no_state,19521006,test,0.7,98,55,0.6909090909090909,0.3877551020408163,0.49673202614379086,0.2627118644067797,1.0,0.7035647279549719,0.2964352720450281,2132,632,0.7941176470588235,0.42857142857142855,63,34,118,31,sec_test_0011
no_state,19521006,test,0.0,116,28,0.6428571428571429,0.15517241379310345,0.25000000000000006,0.2222222222222222,1.0086206896551724,0.7161687170474517,0.28383128295254834,1138,323,0.22435897435897437,0.7777777777777778,45,156,72,16,sec_test_0012
no_state,19521006,test,0.7,116,70,0.6285714285714286,0.3793103448275862,0.4731182795698924,0.3140495867768595,1.0258620689655173,0.726634488810882,0.27336551118911806,2279,623,0.7027027027027027,0.5777777777777777,45,37,121,38,sec_test_0012
no_state,19521007,dev,0.0,113,25,0.64,0.1415929203539823,0.2318840579710145,0.3064516129032258,1.0353982300884956,0.7175572519083969,0.2824427480916031,1048,296,0.24539877300613497,0.8333333333333334,48,163,62,19,sec_dev_0000
no_state,19521007,dev,0.7,113,57,0.6491228070175439,0.3274336283185841,0.43529411764705883,0.3305084745762712,1.0884955752212389,0.7173112338858195,0.2826887661141805,2172,614,0.6222222222222222,0.5833333333333334,48,45,118,39,sec_dev_0000
no_state,19521007,dev,0.0,111,19,0.631578947368421,0.10810810810810811,0.18461538461538465,0.32,1.045045045045045,0.6933333333333334,0.30666666666666664,900,276,0.22033898305084745,0.78,50,177,50,16,sec_dev_0001
no_state,19521007,dev,0.7,111,43,0.6744186046511628,0.26126126126126126,0.37662337662337664,0.2542372881355932,1.0990990990990992,0.7018255578093306,0.29817444219066935,1972,588,0.4444444444444444,0.56,50,63,118,30,sec_dev_0001
no_state,19521007,dev,0.0,112,23,0.7391304347826086,0.15178571428571427,0.2518518518518518,0.18461538461538463,0.9732142857142857,0.7219512195121951,0.2780487804878049,1025,285,0.23780487804878048,0.7959183673469388,49,164,65,12,sec_dev_0002
no_state,19521007,dev,0.7,112,63,0.6507936507936508,0.36607142857142855,0.4685714285714286,0.2892561983471074,1.0357142857142858,0.6849932401982874,0.3150067598017125,2219,699,0.6923076923076923,0.5510204081632653,49,39,121,35,sec_dev_0002
no_state,19521007,dev,0.0,104,17,0.7647058823529411,0.125,0.21487603305785125,0.15555555555555556,0.9134615384615384,0.7185185185185186,0.2814814814814815,675,190,0.25906735751295334,0.8771929824561403,57,193,45,7,sec_dev_0003
no_state,19521007,dev,0.7,104,50,0.68,0.3269230769230769,0.44155844155844154,0.18181818181818182,1.0769230769230769,0.7270395074397127,0.2729604925602873,1949,532,0.5172413793103449,0.5263157894736842,57,58,121,22,sec_dev_0003
no_state,19521007,dev,0.0,117,20,0.75,0.1282051282051282,0.218978102189781,0.2459016393442623,0.9829059829059829,0.7347347347347347,0.2652652652652653,999,265,0.20348837209302326,0.7954545454545454,44,172,61,15,sec_dev_0004
no_state,19521007,dev,0.7,117,51,0.6862745098039216,0.29914529914529914,0.41666666666666663,0.3,1.1282051282051282,0.6976958525345622,0.30230414746543777,2170,656,0.5306122448979592,0.5909090909090909,44,49,120,36,sec_dev_0004
no_state,19521007,dev,0.0,121,26,0.7307692307692307,0.15702479338842976,0.2585034013605442,0.208955223880597,0.9586776859504132,0.7291857273559013,0.2708142726440988,1093,296,0.20481927710843373,0.85,40,166,67,14,sec_dev_0005
no_state,19521007,dev,0.7,121,62,0.7258064516129032,0.371900826446281,0.4918032786885245,0.32231404958677684,1.0,0.709691826708352,0.29030817329164804,2239,650,0.5652173913043478,0.65,40,46,121,39,sec_dev_0005
no_state,19521007,dev,0.0,106,15,0.6666666666666666,0.09433962264150944,0.1652892561983471,0.17391304347826086,1.0,0.7215909090909092,0.2784090909090909,704,196,0.22916666666666666,0.8,55,192,46,8,sec_dev_0006
no_state,19521007,dev,0.7,106,49,0.6122448979591837,0.2830188679245283,0.3870967741935484,0.2636363636363636,1.0849056603773586,0.7083769633507853,0.2916230366492147,1910,557,0.4307692307692308,0.509090909090909,55,65,110,29,sec_dev_0006
no_state,19521007,dev,0.0,107,21,0.6666666666666666,0.1308411214953271,0.21874999999999997,0.2222222222222222,0.9626168224299065,0.7020785219399538,0.2979214780600462,866,258,0.26136363636363635,0.8518518518518519,54,176,54,12,sec_dev_0007
no_state,19521007,dev,0.7,107,48,0.6458333333333334,0.2897196261682243,0.39999999999999997,0.2767857142857143,1.0934579439252337,0.6981891348088531,0.30181086519114686,1988,600,0.5172413793103449,0.5555555555555556,54,58,112,31,sec_dev_0007
no_state,19521007,dev,0.0,109,28,0.4642857142857143,0.11926605504587157,0.1897810218978102,0.2631578947368421,1.036697247706422,0.6998992950654582,0.3001007049345418,993,298,0.23636363636363636,0.75,52,165,57,15,sec_dev_0008
no_state,19521007,dev,0.7,109,57,0.5263157894736842,0.27522935779816515,0.3614457831325301,0.25,1.1376146788990826,0.6966731898238747,0.30332681017612523,2044,620,0.5370370370370371,0.5576923076923077,52,54,116,29,sec_dev_0008
no_state,19521007,dev,0.0,110,27,0.8148148148148148,0.2,0.32116788321167883,0.14492753623188406,0.9454545454545454,0.7378551787351054,0.2621448212648946,1091,286,0.25806451612903225,0.7843137254901961,51,155,69,10,sec_dev_0009
no_state,19521007,dev,0.7,110,60,0.6333333333333333,0.34545454545454546,0.4470588235294118,0.25396825396825395,1.0909090909090908,0.7222735674676525,0.2777264325323475,2164,601,0.6428571428571429,0.5294117647058824,51,42,126,32,sec_dev_0009
no_state,19521007,dev,0.0,104,24,0.7083333333333334,0.16346153846153846,0.265625,0.2033898305084746,0.9423076923076923,0.7396386822529224,0.2603613177470776,941,245,0.26666666666666666,0.7719298245614035,57,165,59,12,sec_dev_0010
no_state,19521007,dev,0.7,104,52,0.6538461538461539,0.3269230769230769,0.4358974358974359,0.32432432432432434,1.0673076923076923,0.6795443288756811,0.320455671124319,2019,647,0.5769230769230769,0.5263157894736842,57,52,111,36,sec_dev_0010
no_state,19521007,dev,0.0,105,26,0.6153846153846154,0.1523809523809524,0.24427480916030536,0.2711864406779661,0.9333333333333333,0.7768331562167906,0.22316684378320936,941,210,0.26506024096385544,0.7857142857142857,56,166,59,16,sec_dev_0011
no_state,19521007,dev,0.7,105,54,0.6111111111111112,0.3142857142857143,0.41509433962264153,0.2845528455284553,1.0761904761904761,0.7164248947122134,0.2835751052877866,2137,606,0.625,0.44642857142857145,56,40,123,35,sec_dev_0011
no_state,19521007,test,0.0,110,16,0.875,0.12727272727272726,0.22222222222222224,0.17777777777777778,0.9636363636363636,0.7098039215686274,0.2901960784313726,765,222,0.23157894736842105,0.8627450980392157,51,190,45,8,sec_test_0000
no_state,19521007,test,0.7,110,44,0.7272727272727273,0.2909090909090909,0.4155844155844156,0.2288135593220339,1.0636363636363637,0.7184661957618568,0.2815338042381433,1982,558,0.47540983606557374,0.5686274509803921,51,61,118,27,sec_test_0000
no_state,19521007,test,0.0,106,25,0.44,0.10377358490566038,0.1679389312977099,0.25862068965517243,1.028301886792453,0.703862660944206,0.296137339055794,932,276,0.25,0.7636363636363637,55,168,58,15,sec_test_0001
no_state,19521007,test,0.7,106,58,0.5344827586206896,0.29245283018867924,0.3780487804878049,0.2727272727272727,1.1226415094339623,0.6780464675201517,0.32195353247984826,2109,679,0.6363636363636364,0.509090909090909,55,44,121,33,sec_test_0001
no_state,19521007,test,0.0,114,28,0.75,0.18421052631578946,0.2957746478873239,0.2857142857142857,0.9122807017543859,0.6842629482071714,0.3157370517928287,1004,317,0.22485207100591717,0.8085106382978723,47,169,56,16,sec_test_0002
no_state,19521007,test,0.7,114,52,0.5769230769230769,0.2631578947368421,0.3614457831325302,0.3185840707964602,1.1228070175438596,0.7188612099644128,0.28113879003558717,1967,553,0.40298507462686567,0.574468085106383,47,67,113,36,sec_test_0002
no_state,19521007,test,0.0,111,23,0.6956521739130435,0.14414414414414414,0.23880597014925373,0.1746031746031746,0.963963963963964,0.7430910951893552,0.2569089048106448,977,251,0.23214285714285715,0.78,50,168,63,11,sec_test_0003
no_state,19521007,test,0.7,111,62,0.5806451612903226,0.32432432432432434,0.4161849710982659,0.33043478260869563,1.054054054054054,0.6804494382022472,0.3195505617977528,2225,711,0.6842105263157895,0.52,50,38,115,38,sec_test_0003
no_state,19521007,test,0.0,109,20,0.8,0.14678899082568808,0.24806201550387597,0.12903225806451613,0.9541284403669725,0.7533783783783784,0.24662162162162163,888,219,0.21142857142857144,0.7115384615384616,52,175,62,8,sec_test_0004
no_state,19521007,test,0.7,109,54,0.6851851851851852,0.3394495412844037,0.4539877300613497,0.23076923076923078,1.036697247706422,0.7023637240713941,0.29763627592860586,2073,617,0.5098039215686274,0.5,52,51,117,27,sec_test_0004
no_state,19521007,test,0.0,107,13,0.6153846153846154,0.07476635514018691,0.13333333333333333,0.045454545454545456,0.9626168224299065,0.7623762376237624,0.2376237623762376,606,144,0.21674876847290642,0.8148148148148148,54,203,44,2,sec_test_0005
no_state,19521007,test,0.7,107,51,0.7254901960784313,0.34579439252336447,0.46835443037974683,0.24778761061946902,1.0373831775700935,0.7219730941704036,0.27802690582959644,2007,558,0.5178571428571429,0.5370370370370371,54,56,113,28,sec_test_0005
no_state,19521007,test,0.0,108,5,1.0,0.046296296296296294,0.08849557522123894,0.13513513513513514,1.0,0.7991169977924945,0.20088300220750552,453,91,0.20909090909090908,0.8679245283018868,53,220,37,5,sec_test_0006
no_state,19521007,test,0.7,108,42,0.6428571428571429,0.25,0.36,0.2767857142857143,1.1481481481481481,0.7337733773377337,0.2662266226622662,1818,484,0.39473684210526316,0.5660377358490566,53,76,112,31,sec_test_0006
no_state,19521007,test,0.0,112,30,0.6333333333333333,0.16964285714285715,0.26760563380281693,0.32786885245901637,1.0,0.6708023159636063,0.3291976840363937,1209,398,0.2534246575342466,0.7551020408163265,49,146,61,20,sec_test_0007
no_state,19521007,test,0.7,112,52,0.6346153846153846,0.29464285714285715,0.40243902439024387,0.24786324786324787,1.0982142857142858,0.689119170984456,0.31088082901554404,2123,660,0.5714285714285714,0.5714285714285714,49,49,117,29,sec_test_0007
no_state,19521007,test,0.0,106,26,0.6538461538461539,0.16037735849056603,0.25757575757575757,0.171875,0.9811320754716981,0.7761044176706827,0.22389558232931728,996,223,0.2422360248447205,0.7090909090909091,55,161,64,11,sec_test_0008
no_state,19521007,test,0.7,106,57,0.5789473684210527,0.3113207547169811,0.4049079754601227,0.25862068965517243,1.0660377358490567,0.7160678642714571,0.2839321357285429,2004,569,0.5454545454545454,0.5454545454545454,55,55,116,30,sec_test_0008
no_state,19521007,test,0.0,108,12,0.6666666666666666,0.07407407407407407,0.13333333333333333,0.2,0.9814814814814815,0.7633333333333333,0.23666666666666666,600,142,0.21951219512195122,0.8490566037735849,53,205,40,8,sec_test_0009
no_state,19521007,test,0.7,108,51,0.5294117647058824,0.25,0.33962264150943394,0.3148148148148148,1.1481481481481481,0.7160243407707911,0.2839756592292089,1972,560,0.47540983606557374,0.5471698113207547,53,61,108,34,sec_test_0009
no_state,19521007,test,0.0,110,16,0.6875,0.1,0.17460317460317462,0.24324324324324326,0.9818181818181818,0.7415730337078652,0.25842696629213485,623,161,0.2097560975609756,0.8431372549019608,51,205,37,9,sec_test_0010
no_state,19521007,test,0.7,110,48,0.6041666666666666,0.2636363636363636,0.36708860759493667,0.2972972972972973,1.0818181818181818,0.7377567140600316,0.26224328593996843,1899,498,0.4142857142857143,0.5686274509803921,51,70,111,33,sec_test_0010
no_state,19521007,test,0.0,98,21,0.47619047619047616,0.10204081632653061,0.1680672268907563,0.22058823529411764,1.0408163265306123,0.7161172161172161,0.2838827838827839,1092,310,0.3006993006993007,0.6825396825396826,63,143,68,15,sec_test_0011
no_state,19521007,test,0.7,98,50,0.46,0.23469387755102042,0.3108108108108108,0.29464285714285715,1.153061224489796,0.6953125,0.3046875,2048,624,0.627906976744186,0.42857142857142855,63,43,112,33,sec_test_0011
no_state,19521007,test,0.0,116,22,0.9090909090909091,0.1724137931034483,0.2898550724637681,0.11764705882352941,0.9137931034482759,0.7484407484407485,0.2515592515592516,962,242,0.1839080459770115,0.7111111111111111,45,174,68,8,sec_test_0012
no_state,19521007,test,0.7,116,58,0.7586206896551724,0.3793103448275862,0.5057471264367817,0.3008130081300813,1.0086206896551724,0.7110702802021129,0.288929719797887,2177,629,0.5319148936170213,0.5555555555555556,45,47,123,37,sec_test_0012
no_state,19521008,dev,0.0,113,28,0.6428571428571429,0.1592920353982301,0.2553191489361702,0.18604651162790697,1.0530973451327434,0.7797427652733119,0.2202572347266881,1244,274,0.2695035460992908,0.7916666666666666,48,141,86,16,sec_dev_0000
no_state,19521008,dev,0.7,113,63,0.6031746031746031,0.336283185840708,0.4318181818181818,0.25,1.1327433628318584,0.740036231884058,0.259963768115942,2208,574,0.675,0.5625,48,40,132,33,sec_dev_0000
no_state,19521008,dev,0.0,111,10,0.8,0.07207207207207207,0.13223140495867766,0.06451612903225806,1.0360360360360361,0.835243553008596,0.16475644699140402,698,115,0.22448979591836735,0.88,50,196,62,4,sec_dev_0001
no_state,19521008,dev,0.7,111,52,0.5769230769230769,0.2702702702702703,0.3680981595092025,0.2318840579710145,1.2432432432432432,0.7337251356238699,0.2662748643761302,2212,589,0.6486486486486487,0.48,50,37,138,32,sec_dev_0001
no_state,19521008,dev,0.0,112,11,0.6363636363636364,0.0625,0.11382113821138211,0.16071428571428573,1.0267857142857142,0.7953216374269005,0.2046783625730994,684,140,0.21105527638190955,0.8571428571428571,49,199,56,9,sec_dev_0002
no_state,19521008,dev,0.7,112,53,0.5660377358490566,0.26785714285714285,0.3636363636363636,0.3445378151260504,1.125,0.6735170481083605,0.3264829518916394,2141,699,0.6170212765957447,0.5918367346938775,49,47,119,41,sec_dev_0002
no_state,19521008,dev,0.0,104,19,0.6842105263157895,0.125,0.21138211382113822,0.08571428571428572,0.9903846153846154,0.8292134831460674,0.1707865168539326,890,152,0.2603550295857988,0.7719298245614035,57,169,70,6,sec_dev_0003
no_state,19521008,dev,0.7,104,52,0.6730769230769231,0.33653846153846156,0.4487179487179488,0.20930232558139536,1.1442307692307692,0.7388809182209469,0.2611190817790531,2091,546,0.6744186046511628,0.5087719298245614,57,43,129,27,sec_dev_0003
no_state,19521008,dev,0.0,117,23,0.6521739130434783,0.1282051282051282,0.21428571428571427,0.12941176470588237,1.0,0.7906976744186046,0.20930232558139536,1075,225,0.20987654320987653,0.7727272727272727,44,162,85,11,sec_dev_0004
no_state,19521008,dev,0.7,117,61,0.5737704918032787,0.29914529914529914,0.3932584269662921,0.27586206896551724,1.2307692307692308,0.7101952277657266,0.2898047722342733,2305,668,0.7575757575757576,0.5681818181818182,44,33,145,40,sec_dev_0004
no_state,19521008,dev,0.0,121,27,0.5555555555555556,0.12396694214876033,0.2027027027027027,0.17525773195876287,1.0909090909090908,0.7619047619047619,0.23809523809523808,1323,315,0.22857142857142856,0.8,40,140,97,17,sec_dev_0005
no_state,19521008,dev,0.7,121,68,0.6176470588235294,0.34710743801652894,0.4444444444444445,0.30714285714285716,1.1735537190082646,0.7199152542372882,0.28008474576271186,2360,661,0.8125,0.65,40,32,140,43,sec_dev_0005
no_state,19521008,dev,0.0,106,15,0.8666666666666667,0.12264150943396226,0.21487603305785125,0.1044776119402985,0.9622641509433962,0.8161328588374852,0.18386714116251482,843,155,0.2556818181818182,0.8181818181818182,55,176,67,7,sec_dev_0006
no_state,19521008,dev,0.7,106,61,0.7213114754098361,0.41509433962264153,0.5269461077844312,0.21641791044776118,1.0377358490566038,0.7301006404391583,0.2698993595608417,2186,590,0.7428571428571429,0.4727272727272727,55,35,134,29,sec_dev_0006
no_state,19521008,dev,0.0,107,27,0.7407407407407407,0.18691588785046728,0.29850746268656714,0.2,1.02803738317757,0.7198443579766537,0.2801556420233463,1285,360,0.2900763358778626,0.7037037037037037,54,131,85,17,sec_dev_0007
no_state,19521008,dev,0.7,107,57,0.7192982456140351,0.38317757009345793,0.5,0.2698412698412698,1.0841121495327102,0.6969424460431655,0.30305755395683454,2224,674,0.8181818181818182,0.5,54,33,126,34,sec_dev_0007
no_state,19521008,dev,0.0,109,16,0.5625,0.08256880733944955,0.14400000000000002,0.10526315789473684,1.018348623853211,0.7930648769574944,0.20693512304250558,894,185,0.2254335260115607,0.75,52,173,76,8,sec_dev_0008
no_state,19521008,dev,0.7,109,60,0.55,0.30275229357798167,0.3905325443786983,0.2426470588235294,1.238532110091743,0.727068345323741,0.272931654676259,2224,607,0.7352941176470589,0.4807692307692308,52,34,136,33,sec_dev_0008
no_state,19521008,dev,0.0,110,24,0.8333333333333334,0.18181818181818182,0.2985074626865672,0.27058823529411763,1.0818181818181818,0.7654901960784314,0.23450980392156862,1275,299,0.31851851851851853,0.8431372549019608,51,135,85,23,sec_dev_0009
no_state,19521008,dev,0.7,110,54,0.7222222222222222,0.35454545454545455,0.4756097560975609,0.2867647058823529,1.1636363636363636,0.7244897959183674,0.2755102040816326,2254,621,0.78125,0.49019607843137253,51,32,136,39,sec_dev_0009
no_state,19521008,dev,0.0,104,13,0.5384615384615384,0.0673076923076923,0.11965811965811966,0.14084507042253522,1.0576923076923077,0.766029246344207,0.23397075365579303,889,208,0.25443786982248523,0.7543859649122807,57,169,71,10,sec_dev_0010
no_state,19521008,dev,0.7,104,51,0.7058823529411765,0.34615384615384615,0.4645161290322581,0.1897810218978102,1.0865384615384615,0.7316370619299088,0.2683629380700912,2083,559,0.6511627906976745,0.49122807017543857,57,43,137,26,sec_dev_0010
no_state,19521008,dev,0.0,105,14,0.7142857142857143,0.09523809523809523,0.1680672268907563,0.13114754098360656,1.0285714285714285,0.7533577533577533,0.24664224664224665,819,202,0.2303370786516854,0.7321428571428571,56,178,61,8,sec_dev_0011
no_state,19521008,dev,0.7,105,54,0.6666666666666666,0.34285714285714286,0.4528301886792453,0.2158273381294964,1.1523809523809523,0.7296683325761018,0.27033166742389825,2201,595,0.8125,0.4642857142857143,56,32,139,30,sec_dev_0011
no_state,19521008,test,0.0,110,20,0.65,0.11818181818181818,0.19999999999999998,0.1,0.990909090909091,0.8355555555555556,0.16444444444444445,900,148,0.21264367816091953,0.7254901960784313,51,174,70,7,sec_test_0000
no_state,19521008,test,0.7,110,54,0.6296296296296297,0.3090909090909091,0.41463414634146345,0.2463768115942029,1.2,0.77002700270027,0.22997299729972998,2222,511,0.7714285714285715,0.5294117647058824,51,35,138,34,sec_test_0000
no_state,19521008,test,0.0,106,24,0.7083333333333334,0.16037735849056603,0.26153846153846155,0.11267605633802817,0.9716981132075472,0.7876643073811931,0.2123356926188069,989,210,0.2857142857142857,0.8363636363636363,55,161,71,8,sec_test_0001
no_state,19521008,test,0.7,106,62,0.6774193548387096,0.39622641509433965,0.5,0.16911764705882354,1.028301886792453,0.7515952597994531,0.24840474020054695,2194,545,0.7941176470588235,0.4909090909090909,55,34,136,23,sec_test_0001
no_state,19521008,test,0.0,114,16,0.8125,0.11403508771929824,0.19999999999999998,0.10144927536231885,1.0087719298245614,0.8406658739595719,0.15933412604042807,841,134,0.21739130434782608,0.851063829787234,47,184,69,7,sec_test_0002
no_state,19521008,test,0.7,114,60,0.6166666666666667,0.32456140350877194,0.4252873563218391,0.26811594202898553,1.1929824561403508,0.7310739436619718,0.2689260563380282,2272,611,0.7941176470588235,0.574468085106383,47,34,138,37,sec_test_0002
no_state,19521008,test,0.0,111,16,0.75,0.10810810810810811,0.1889763779527559,0.09433962264150944,0.9459459459459459,0.800557880055788,0.199442119944212,717,143,0.18974358974358974,0.74,50,195,53,5,sec_test_0003
no_state,19521008,test,0.7,111,53,0.660377358490566,0.3153153153153153,0.4268292682926829,0.19230769230769232,1.0810810810810811,0.7554455445544555,0.24455445544554455,2020,494,0.49122807017543857,0.56,50,57,130,25,sec_test_0003
no_state,19521008,test,0.0,109,18,0.7222222222222222,0.11926605504587157,0.2047244094488189,0.14814814814814814,0.9724770642201835,0.707852193995381,0.2921478060046189,866,253,0.2247191011235955,0.7692307692307693,52,178,54,8,sec_test_0004
no_state,19521008,test,0.7,109,53,0.6415094339622641,0.3119266055045872,0.4197530864197531,0.2727272727272727,1.110091743119266,0.7158290277125411,0.2841709722874589,2129,605,0.6222222222222222,0.5384615384615384,52,45,121,33,sec_test_0004
no_state,19521008,test,0.0,107,30,0.8333333333333334,0.2336448598130841,0.364963503649635,0.16216216216216217,0.8691588785046729,0.7693661971830986,0.2306338028169014,1136,262,0.2925170068027211,0.7962962962962963,54,147,74,12,sec_test_0005
no_state,19521008,test,0.7,107,60,0.7666666666666667,0.42990654205607476,0.5508982035928144,0.21374045801526717,0.9719626168224299,0.7418490397498884,0.25815096025011164,2239,578,0.8064516129032258,0.46296296296296297,54,31,131,28,sec_test_0005
no_state,19521008,test,0.0,108,19,0.5789473684210527,0.10185185185185185,0.17322834645669288,0.17307692307692307,1.0,0.7578125,0.2421875,768,186,0.24598930481283424,0.8679245283018868,53,187,52,9,sec_test_0006
no_state,19521008,test,0.7,108,59,0.5254237288135594,0.28703703703703703,0.3712574850299401,0.2556390977443609,1.2592592592592593,0.7582673497904052,0.24173265020959478,2147,519,0.6341463414634146,0.49056603773584906,53,41,133,34,sec_test_0006
no_state,19521008,test,0.0,112,20,0.6,0.10714285714285714,0.18181818181818182,0.07894736842105263,0.9642857142857143,0.8147751605995717,0.18522483940042828,934,173,0.21511627906976744,0.7551020408163265,49,172,76,6,sec_test_0007
no_state,19521008,test,0.7,112,68,0.6470588235294118,0.39285714285714285,0.4888888888888888,0.21212121212121213,1.0,0.7261904761904762,0.27380952380952384,2268,621,0.7575757575757576,0.5102040816326531,49,33,132,28,sec_test_0007
no_state,19521008,test,0.0,106,25,0.76,0.1792452830188679,0.2900763358778626,0.17073170731707318,0.9716981132075472,0.7789291882556131,0.22107081174438686,1158,256,0.3006993006993007,0.7818181818181819,55,143,82,14,sec_test_0008
no_state,19521008,test,0.7,106,59,0.6779661016949152,0.37735849056603776,0.4848484848484849,0.1897810218978102,1.0754716981132075,0.7311039853412735,0.26889601465872653,2183,587,0.7428571428571429,0.4727272727272727,55,35,137,26,sec_test_0008
no_state,19521008,test,0.0,108,16,0.375,0.05555555555555555,0.09677419354838708,0.24285714285714285,1.1574074074074074,0.735,0.265,1000,265,0.25308641975308643,0.7735849056603774,53,162,70,17,sec_test_0009
no_state,19521008,test,0.7,108,48,0.5416666666666666,0.24074074074074073,0.33333333333333337,0.31666666666666665,1.287037037037037,0.7150234741784037,0.28497652582159627,2130,607,0.6590909090909091,0.5471698113207547,53,44,120,38,sec_test_0009
no_state,19521008,test,0.0,110,18,0.6666666666666666,0.10909090909090909,0.1875,0.07407407407407407,1.0454545454545454,0.832482124616956,0.1675178753830439,979,164,0.24242424242424243,0.7843137254901961,51,165,81,6,sec_test_0010
no_state,19521008,test,0.7,110,51,0.6862745098039216,0.3181818181818182,0.43478260869565216,0.22916666666666666,1.2272727272727273,0.7538531278331823,0.24614687216681777,2206,543,0.7222222222222222,0.5098039215686274,51,36,144,33,sec_test_0010
no_state,19521008,test,0.0,98,19,0.7894736842105263,0.15306122448979592,0.2564102564102564,0.1,0.9795918367346939,0.790566037735849,0.20943396226415095,1060,222,0.2896551724137931,0.6666666666666666,63,145,80,8,sec_test_0011
no_state,19521008,test,0.7,98,54,0.7037037037037037,0.3877551020408163,0.5,0.23846153846153847,1.0204081632653061,0.7221698113207546,0.2778301886792453,2120,589,0.7647058823529411,0.4126984126984127,63,34,130,31,sec_test_0011
no_state,19521008,test,0.0,116,28,0.5714285714285714,0.13793103448275862,0.2222222222222222,0.2,1.1120689655172413,0.7828793774319066,0.2171206225680934,1285,279,0.2357142857142857,0.7333333333333333,45,140,85,17,sec_test_0012
no_state,19521008,test,0.7,116,61,0.639344262295082,0.33620689655172414,0.4406779661016949,0.2462686567164179,1.1206896551724137,0.7258347978910369,0.2741652021089631,2276,624,0.6944444444444444,0.5555555555555556,45,36,134,33,sec_test_0012
no_state,19521009,dev,0.0,113,24,0.75,0.1592920353982301,0.2627737226277372,0.18571428571428572,0.9823008849557522,0.7609523809523809,0.23904761904761904,1050,251,0.25308641975308643,0.8541666666666666,48,162,70,13,sec_dev_0000
no_state,19521009,dev,0.7,113,61,0.5737704918032787,0.30973451327433627,0.4022988505747126,0.2714285714285714,1.2300884955752212,0.7302631578947368,0.26973684210526316,2280,615,0.78125,0.5208333333333334,48,32,140,38,sec_dev_0000
no_state,19521009,dev,0.0,111,38,0.6842105263157895,0.23423423423423423,0.348993288590604,0.225,0.9099099099099099,0.7423076923076923,0.25769230769230766,1300,335,0.2537313432835821,0.68,50,134,80,18,sec_dev_0001
no_state,19521009,dev,0.7,111,67,0.6268656716417911,0.3783783783783784,0.47191011235955055,0.25190839694656486,1.09009009009009,0.7078007933010136,0.29219920669898636,2269,663,0.8125,0.52,50,32,131,33,sec_dev_0001
no_state,19521009,dev,0.0,112,26,0.7692307692307693,0.17857142857142858,0.2898550724637681,0.12987012987012986,0.9464285714285714,0.7808090310442145,0.21919096895578552,1063,233,0.2138364779874214,0.6938775510204082,49,159,77,10,sec_dev_0002
no_state,19521009,dev,0.7,112,67,0.7164179104477612,0.42857142857142855,0.5363128491620112,0.2462686567164179,0.9910714285714286,0.7203918076580588,0.27960819234194123,2246,628,0.7142857142857143,0.5102040816326531,49,35,134,33,sec_dev_0002
no_state,19521009,dev,0.0,104,25,0.68,0.16346153846153846,0.26356589147286824,0.13414634146341464,1.0,0.7457191780821918,0.2542808219178082,1168,297,0.24285714285714285,0.5964912280701754,57,140,82,11,sec_dev_0003
no_state,19521009,dev,0.7,104,58,0.6896551724137931,0.38461538461538464,0.4938271604938272,0.1956521739130435,1.1057692307692308,0.7313231323132313,0.2686768676867687,2222,597,0.896551724137931,0.45614035087719296,57,29,138,27,sec_dev_0003
no_state,19521009,dev,0.0,117,32,0.71875,0.19658119658119658,0.3087248322147651,0.15463917525773196,0.9914529914529915,0.7391304347826086,0.2608695652173913,1403,366,0.234375,0.6818181818181818,44,128,97,15,sec_dev_0004
no_state,19521009,dev,0.7,117,70,0.7142857142857143,0.42735042735042733,0.5347593582887701,0.2323943661971831,1.017094017094017,0.734375,0.265625,2368,629,0.9259259259259259,0.5681818181818182,44,27,142,33,sec_dev_0004
no_state,19521009,dev,0.0,121,34,0.8823529411764706,0.24793388429752067,0.3870967741935484,0.1414141414141414,0.9669421487603306,0.76802284082798,0.23197715917202,1401,325,0.2196969696969697,0.725,40,132,99,14,sec_dev_0005
no_state,19521009,dev,0.7,121,70,0.7714285714285715,0.4462809917355372,0.5654450261780105,0.24324324324324326,1.0165289256198347,0.7512647554806071,0.2487352445193929,2372,590,0.8333333333333334,0.625,40,30,148,36,sec_dev_0005
no_state,19521009,dev,0.0,106,32,0.78125,0.2358490566037736,0.36231884057971014,0.13253012048192772,0.9433962264150944,0.7836257309941521,0.21637426900584794,1197,259,0.2805755395683453,0.7090909090909091,55,139,83,11,sec_dev_0006
no_state,19521009,dev,0.7,106,59,0.7457627118644068,0.41509433962264153,0.5333333333333333,0.16891891891891891,1.0566037735849056,0.7650765076507651,0.23492349234923493,2222,522,0.8333333333333334,0.45454545454545453,55,30,148,25,sec_dev_0006
no_state,19521009,dev,0.0,107,29,0.7586206896551724,0.205607476635514,0.3235294117647059,0.11956521739130435,0.9532710280373832,0.7394366197183099,0.2605633802816901,1278,333,0.2748091603053435,0.6666666666666666,54,131,92,11,sec_dev_0007
no_state,19521009,dev,0.7,107,66,0.5909090909090909,0.3644859813084112,0.4508670520231214,0.2595419847328244,1.102803738317757,0.7042750110180696,0.2957249889819304,2269,671,0.8928571428571429,0.46296296296296297,54,28,131,34,sec_dev_0007
no_state,19521009,dev,0.0,109,34,0.7647058823529411,0.23853211009174313,0.3636363636363637,0.15555555555555556,0.908256880733945,0.7622222222222222,0.23777777777777778,1350,321,0.25396825396825395,0.6153846153846154,52,126,90,14,sec_dev_0008
no_state,19521009,dev,0.7,109,68,0.7205882352941176,0.44954128440366975,0.5536723163841808,0.2,0.963302752293578,0.7457330415754924,0.25426695842450764,2285,581,0.9285714285714286,0.5,52,28,135,27,sec_dev_0008
no_state,19521009,dev,0.0,110,30,0.7,0.19090909090909092,0.3,0.2222222222222222,0.990909090909091,0.7709923664122138,0.22900763358778625,1179,270,0.2689655172413793,0.7647058823529411,51,145,81,18,sec_dev_0009
no_state,19521009,dev,0.7,110,64,0.734375,0.42727272727272725,0.5402298850574713,0.24060150375939848,1.018181818181818,0.7325428194993413,0.26745718050065875,2277,609,0.8,0.47058823529411764,51,30,133,32,sec_dev_0009
no_state,19521009,dev,0.0,104,34,0.7352941176470589,0.2403846153846154,0.36231884057971014,0.11956521739130435,0.8942307692307693,0.7614678899082569,0.23853211009174313,1308,312,0.288,0.631578947368421,57,125,92,11,sec_dev_0010
no_state,19521009,dev,0.7,104,70,0.7714285714285715,0.5192307692307693,0.6206896551724139,0.17692307692307693,0.8461538461538461,0.734703196347032,0.26529680365296804,2190,581,0.8181818181818182,0.47368421052631576,57,33,130,23,sec_dev_0010
no_state,19521009,dev,0.0,105,37,0.7027027027027027,0.24761904761904763,0.36619718309859156,0.15625,0.9142857142857143,0.7771664374140302,0.22283356258596973,1454,324,0.26126126126126126,0.5178571428571429,56,111,96,15,sec_dev_0011
no_state,19521009,dev,0.7,105,58,0.7068965517241379,0.3904761904761905,0.5030674846625768,0.22962962962962963,1.0571428571428572,0.743680709534368,0.25631929046563195,2255,578,0.9259259259259259,0.44642857142857145,56,27,135,31,sec_dev_0011
no_state,19521009,test,0.0,110,22,0.8636363636363636,0.17272727272727273,0.28787878787878785,0.0759493670886076,0.9454545454545454,0.7972575905974535,0.20274240940254654,1021,207,0.2422360248447205,0.7647058823529411,51,161,79,6,sec_test_0000
no_state,19521009,test,0.7,110,58,0.7068965517241379,0.37272727272727274,0.488095238095238,0.24444444444444444,1.1181818181818182,0.7352808988764046,0.2647191011235955,2225,589,0.8,0.5490196078431373,51,35,135,33,sec_test_0000
no_state,19521009,test,0.0,106,32,0.875,0.2641509433962264,0.4057971014492754,0.11494252873563218,0.8584905660377359,0.7680454176804542,0.23195458231954583,1233,286,0.2814814814814815,0.6909090909090909,55,135,87,10,sec_test_0001
no_state,19521009,test,0.7,106,73,0.7534246575342466,0.5188679245283019,0.6145251396648044,0.17518248175182483,0.8584905660377359,0.7527496700395953,0.24725032996040475,2273,562,0.9615384615384616,0.45454545454545453,55,26,137,24,sec_test_0001
no_state,19521009,test,0.0,114,28,0.8214285714285714,0.20175438596491227,0.323943661971831,0.1375,0.9736842105263158,0.7965517241379311,0.20344827586206896,1160,236,0.23841059602649006,0.7659574468085106,47,151,80,11,sec_test_0002
no_state,19521009,test,0.7,114,60,0.75,0.39473684210526316,0.5172413793103448,0.2463768115942029,1.087719298245614,0.7388507718696398,0.2611492281303602,2332,609,0.8928571428571429,0.5319148936170213,47,28,138,34,sec_test_0002
no_state,19521009,test,0.0,111,28,0.7857142857142857,0.1981981981981982,0.3165467625899281,0.11627906976744186,0.972972972972973,0.7853492333901193,0.21465076660988075,1174,252,0.2328767123287671,0.68,50,146,86,10,sec_test_0003
no_state,19521009,test,0.7,111,62,0.6612903225806451,0.36936936936936937,0.4739884393063583,0.19718309859154928,1.135135135135135,0.7347209920283437,0.2652790079716563,2258,599,0.84375,0.54,50,32,142,28,sec_test_0003
no_state,19521009,test,0.0,109,17,0.7058823529411765,0.11009174311926606,0.1904761904761905,0.14925373134328357,0.9908256880733946,0.7984665936473165,0.20153340635268346,913,184,0.19767441860465115,0.6538461538461539,52,172,67,10,sec_test_0004
no_state,19521009,test,0.7,109,55,0.6909090909090909,0.3486238532110092,0.46341463414634143,0.24060150375939848,1.1009174311926606,0.7449483610237988,0.25505163897620114,2227,568,0.7647058823529411,0.5,52,34,133,32,sec_test_0004
no_state,19521009,test,0.0,107,35,0.8571428571428571,0.2803738317757009,0.4225352112676056,0.13580246913580246,0.8504672897196262,0.782608695652174,0.21739130434782608,1219,265,0.2898550724637681,0.7407407407407407,54,138,81,11,sec_test_0005
no_state,19521009,test,0.7,107,63,0.7777777777777778,0.45794392523364486,0.5764705882352941,0.20155038759689922,0.9252336448598131,0.7552666965486329,0.2447333034513671,2231,546,0.84375,0.5,54,32,129,26,sec_test_0005
no_state,19521009,test,0.0,108,14,0.7857142857142857,0.10185185185185185,0.180327868852459,0.08955223880597014,1.0277777777777777,0.7690504103165299,0.2309495896834701,853,197,0.23163841807909605,0.7735849056603774,53,177,67,6,sec_test_0006
no_state,19521009,test,0.7,108,54,0.7037037037037037,0.35185185185185186,0.46913580246913583,0.2462686567164179,1.1481481481481481,0.7455277280858676,0.25447227191413235,2236,569,0.78125,0.4716981132075472,53,32,134,33,sec_test_0006
no_state,19521009,test,0.0,112,29,0.7586206896551724,0.19642857142857142,0.3120567375886525,0.12359550561797752,0.9642857142857143,0.7813267813267813,0.21867321867321868,1221,267,0.2535211267605634,0.7346938775510204,49,142,89,11,sec_test_0007
no_state,19521009,test,0.7,112,69,0.7246376811594203,0.44642857142857145,0.5524861878453039,0.2578125,0.9464285714285714,0.7347294938917975,0.26527050610820246,2292,608,0.8064516129032258,0.5102040816326531,49,31,128,33,sec_test_0007
no_state,19521009,test,0.0,106,41,0.6829268292682927,0.2641509433962264,0.38095238095238093,0.17204301075268819,0.9245283018867925,0.7300613496932515,0.26993865030674846,1467,396,0.32432432432432434,0.6545454545454545,55,111,93,16,sec_test_0008
no_state,19521009,test,0.7,106,60,0.6666666666666666,0.37735849056603776,0.4819277108433735,0.23880597014925373,1.0849056603773586,0.7241689128481581,0.27583108715184185,2226,614,0.8387096774193549,0.4727272727272727,55,31,134,32,sec_test_0008
no_state,19521009,test,0.0,108,28,0.5714285714285714,0.14814814814814814,0.23529411764705882,0.2714285714285714,1.0462962962962963,0.7836363636363637,0.21636363636363637,1100,238,0.2631578947368421,0.7547169811320755,53,152,70,19,sec_test_0009
no_state,19521009,test,0.7,108,55,0.5636363636363636,0.28703703703703703,0.38036809815950917,0.30952380952380953,1.212962962962963,0.749310027598896,0.25068997240110397,2174,545,0.7435897435897436,0.5471698113207547,53,39,126,39,sec_test_0009
no_state,19521009,test,0.0,110,14,0.9285714285714286,0.11818181818181818,0.2096774193548387,0.034482758620689655,0.9545454545454546,0.8184523809523809,0.18154761904761904,672,122,0.20707070707070707,0.803921568627451,51,198,58,2,sec_test_0010
no_state,19521009,test,0.7,110,67,0.7164179104477612,0.43636363636363634,0.5423728813559321,0.16428571428571428,0.9727272727272728,0.7668141592920354,0.2331858407079646,2260,527,0.8064516129032258,0.49019607843137253,51,31,140,23,sec_test_0010
no_state,19521009,test,0.0,98,25,0.88,0.22448979591836735,0.3577235772357724,0.10869565217391304,0.9387755102040817,0.7725779967159278,0.22742200328407225,1218,277,0.3203125,0.6507936507936508,63,128,92,10,sec_test_0011
no_state,19521009,test,0.7,98,59,0.7627118644067796,0.45918367346938777,0.5732484076433121,0.16546762589928057,0.9693877551020408,0.7655458314140948,0.23445416858590512,2171,509,0.8928571428571429,0.3968253968253968,63,28,139,23,sec_test_0011
no_state,19521009,test,0.0,116,29,0.6896551724137931,0.1724137931034483,0.27586206896551724,0.15492957746478872,0.9482758620689655,0.7714825306893296,0.22851746931067043,1059,242,0.21951219512195122,0.8,45,164,71,11,sec_test_0012
no_state,19521009,test,0.7,116,62,0.7258064516129032,0.3879310344827586,0.5056179775280899,0.2462686567164179,1.0086206896551724,0.7300085984522786,0.2699914015477214,2326,628,0.7741935483870968,0.5333333333333333,45,31,134,33,sec_test_0012
no_state,19521010,dev,0.0,113,12,0.8333333333333334,0.08849557522123894,0.15999999999999998,0.17647058823529413,0.9469026548672567,0.7924901185770751,0.2075098814229249,506,105,0.2,0.9166666666666666,48,220,34,6,sec_dev_0000
no_state,19521010,dev,0.7,113,54,0.7407407407407407,0.35398230088495575,0.47904191616766467,0.2764227642276423,1.0353982300884956,0.7417345471969334,0.2582654528030666,2087,539,0.5094339622641509,0.5625,48,53,123,34,sec_dev_0000
no_state,19521010,dev,0.0,111,7,0.8571428571428571,0.05405405405405406,0.1016949152542373,0.19148936170212766,1.027027027027027,0.831973898858075,0.16802610114192496,613,103,0.19902912621359223,0.82,50,206,47,9,sec_dev_0001
no_state,19521010,dev,0.7,111,47,0.6170212765957447,0.26126126126126126,0.3670886075949367,0.25688073394495414,1.054054054054054,0.7139079851930196,0.28609201480698043,1891,541,0.4027777777777778,0.58,50,72,109,28,sec_dev_0001
no_state,19521010,dev,0.0,112,8,0.75,0.05357142857142857,0.09999999999999999,0.11764705882352941,0.9464285714285714,0.7604562737642586,0.23954372623574144,263,63,0.1836734693877551,0.9183673469387755,49,245,17,2,sec_dev_0002
no_state,19521010,dev,0.7,112,43,0.5581395348837209,0.21428571428571427,0.30967741935483867,0.22935779816513763,1.1160714285714286,0.7159555815312683,0.28404441846873174,1711,486,0.34065934065934067,0.6326530612244898,49,91,109,25,sec_dev_0002
no_state,19521010,dev,0.0,104,10,0.6,0.057692307692307696,0.10526315789473685,0.1891891891891892,1.0480769230769231,0.7151051625239006,0.28489483747609945,523,149,0.2535885167464115,0.9298245614035088,57,209,37,7,sec_dev_0003
no_state,19521010,dev,0.7,104,52,0.5576923076923077,0.27884615384615385,0.37179487179487175,0.24369747899159663,1.1730769230769231,0.7159612442631311,0.28403875573686893,1961,557,0.5964912280701754,0.5964912280701754,57,57,119,29,sec_dev_0003
no_state,19521010,dev,0.0,117,16,0.6875,0.09401709401709402,0.16541353383458646,0.18,0.9829059829059829,0.7528571428571429,0.24714285714285714,700,173,0.18719211822660098,0.8636363636363636,44,203,50,9,sec_dev_0004
no_state,19521010,dev,0.7,117,60,0.6,0.3076923076923077,0.4067796610169492,0.2926829268292683,1.1196581196581197,0.7079276773296245,0.29207232267037553,2157,630,0.52,0.5909090909090909,44,50,123,36,sec_dev_0004
no_state,19521010,dev,0.0,121,29,0.5517241379310345,0.1322314049586777,0.21333333333333335,0.37037037037037035,0.9917355371900827,0.7098214285714286,0.29017857142857145,896,260,0.19786096256684493,0.925,40,187,54,20,sec_dev_0005
no_state,19521010,dev,0.7,121,70,0.6,0.34710743801652894,0.4397905759162304,0.3548387096774194,1.0578512396694215,0.7139107611548556,0.28608923884514437,2286,654,0.6585365853658537,0.675,40,41,124,44,sec_dev_0005
no_state,19521010,dev,0.0,106,4,0.75,0.02830188679245283,0.05454545454545455,0.23809523809523808,1.009433962264151,0.7849462365591398,0.21505376344086022,279,60,0.22362869198312235,0.9636363636363636,55,237,21,5,sec_dev_0006
no_state,19521010,dev,0.7,106,36,0.5833333333333334,0.19811320754716982,0.295774647887324,0.22018348623853212,1.1132075471698113,0.7429259482239614,0.25707405177603854,1661,427,0.34444444444444444,0.5636363636363636,55,90,109,24,sec_dev_0006
no_state,19521010,dev,0.0,107,17,0.6470588235294118,0.102803738317757,0.17741935483870966,0.1590909090909091,0.9439252336448598,0.7483766233766234,0.25162337662337664,616,155,0.21782178217821782,0.8148148148148148,54,202,44,7,sec_dev_0007
no_state,19521010,dev,0.7,107,56,0.6071428571428571,0.3177570093457944,0.4171779141104295,0.28448275862068967,1.074766355140187,0.6943105110896818,0.3056894889103182,2074,634,0.5918367346938775,0.5370370370370371,54,49,116,33,sec_dev_0007
no_state,19521010,dev,0.0,109,13,0.6923076923076923,0.08256880733944955,0.1475409836065574,0.3,0.9908256880733946,0.6738461538461539,0.3261538461538461,650,212,0.21393034825870647,0.8269230769230769,52,201,40,12,sec_dev_0008
no_state,19521010,dev,0.7,109,58,0.6379310344827587,0.3394495412844037,0.44311377245508987,0.2894736842105263,0.9724770642201835,0.7199413489736071,0.28005865102639294,2046,573,0.5185185185185185,0.5384615384615384,52,54,114,33,sec_dev_0008
no_state,19521010,dev,0.0,110,11,0.7272727272727273,0.07272727272727272,0.13223140495867766,0.25,0.990909090909091,0.6914893617021276,0.30851063829787234,564,174,0.22274881516587677,0.9215686274509803,51,211,36,9,sec_dev_0009
no_state,19521010,dev,0.7,110,56,0.5892857142857143,0.3,0.3975903614457832,0.272,1.1818181818181819,0.7123543123543123,0.28764568764568765,2145,617,0.6136363636363636,0.5294117647058824,51,44,125,34,sec_dev_0009
no_state,19521010,dev,0.0,104,6,0.8333333333333334,0.04807692307692308,0.09090909090909091,0.18181818181818182,1.0192307692307692,0.7606263982102908,0.23937360178970918,447,107,0.2304147465437788,0.8771929824561403,57,217,33,6,sec_dev_0010
no_state,19521010,dev,0.7,104,51,0.5686274509803921,0.27884615384615385,0.3741935483870968,0.2796610169491525,1.1923076923076923,0.7172827172827173,0.2827172827172827,2002,566,0.6415094339622641,0.5964912280701754,57,53,118,33,sec_dev_0010
no_state,19521010,dev,0.0,105,19,0.8421052631578947,0.1523809523809524,0.25806451612903225,0.13636363636363635,0.8761904761904762,0.71900826446281,0.2809917355371901,726,204,0.2222222222222222,0.75,56,189,44,6,sec_dev_0011
no_state,19521010,dev,0.7,105,56,0.7321428571428571,0.3904761904761905,0.5093167701863354,0.232,0.9809523809523809,0.7203747072599531,0.2796252927400468,2135,597,0.6,0.42857142857142855,56,40,125,29,sec_dev_0011
no_state,19521010,test,0.0,110,8,0.75,0.05454545454545454,0.10169491525423728,0.08333333333333333,1.0272727272727273,0.7829181494661922,0.21708185053380782,562,122,0.20476190476190476,0.8431372549019608,51,210,48,4,sec_test_0000
no_state,19521010,test,0.7,110,54,0.7037037037037037,0.34545454545454546,0.4634146341463415,0.312,1.1272727272727272,0.7195402298850575,0.28045977011494255,2175,610,0.6341463414634146,0.5098039215686274,51,41,125,39,sec_test_0000
no_state,19521010,test,0.0,106,17,0.7058823529411765,0.11320754716981132,0.1951219512195122,0.20512820512820512,0.9433962264150944,0.7391304347826086,0.2608695652173913,621,162,0.24378109452736318,0.8909090909090909,55,201,39,8,sec_test_0001
no_state,19521010,test,0.7,106,59,0.6101694915254238,0.33962264150943394,0.43636363636363634,0.25,1.0377358490566038,0.718562874251497,0.281437125748503,2004,564,0.5818181818181818,0.5818181818181818,55,55,116,29,sec_test_0001
no_state,19521010,test,0.0,114,14,0.5714285714285714,0.07017543859649122,0.125,0.24444444444444444,1.0087719298245614,0.737007874015748,0.262992125984252,635,167,0.20772946859903382,0.9148936170212766,47,207,45,11,sec_test_0002
no_state,19521010,test,0.7,114,48,0.6666666666666666,0.2807017543859649,0.3950617283950617,0.3,1.0964912280701755,0.7055,0.2945,2000,589,0.46875,0.6382978723404256,47,64,110,33,sec_test_0002
no_state,19521010,test,0.0,111,12,0.5,0.05405405405405406,0.0975609756097561,0.15384615384615385,1.0360360360360361,0.7739520958083832,0.22604790419161677,668,151,0.215,0.86,50,200,52,8,sec_test_0003
no_state,19521010,test,0.7,111,57,0.5964912280701754,0.3063063063063063,0.4047619047619047,0.304,1.1711711711711712,0.7163218390804598,0.28367816091954023,2175,617,0.6190476190476191,0.52,50,42,125,38,sec_test_0003
no_state,19521010,test,0.0,109,6,0.6666666666666666,0.03669724770642202,0.06956521739130435,0.20833333333333334,1.0,0.75,0.25,336,84,0.20512820512820512,0.9230769230769231,52,234,24,5,sec_test_0004
no_state,19521010,test,0.7,109,42,0.5714285714285714,0.22018348623853212,0.3178807947019867,0.29464285714285715,1.146788990825688,0.7296996662958843,0.27030033370411566,1798,486,0.43037974683544306,0.6538461538461539,52,79,112,33,sec_test_0004
no_state,19521010,test,0.0,107,19,0.5789473684210527,0.102803738317757,0.1746031746031746,0.21818181818181817,1.02803738317757,0.6971751412429379,0.30282485875706217,885,268,0.2413793103448276,0.7777777777777778,54,174,55,12,sec_test_0005
no_state,19521010,test,0.7,107,48,0.7083333333333334,0.3177570093457944,0.43870967741935485,0.24369747899159663,1.0560747663551402,0.7356671740233385,0.2643328259766616,1971,521,0.4745762711864407,0.5185185185185185,54,59,119,29,sec_test_0005
no_state,19521010,test,0.0,108,7,0.8571428571428571,0.05555555555555555,0.10434782608695652,0.1,0.9907407407407407,0.8191489361702128,0.18085106382978725,470,85,0.22018348623853212,0.9056603773584906,53,218,40,4,sec_test_0006
no_state,19521010,test,0.7,108,56,0.6785714285714286,0.35185185185185186,0.4634146341463415,0.2601626016260163,1.0462962962962963,0.7496423462088698,0.2503576537911302,2097,525,0.5319148936170213,0.4716981132075472,53,47,123,32,sec_test_0006
no_state,19521010,test,0.0,112,25,0.64,0.14285714285714285,0.23357664233576642,0.22641509433962265,0.9553571428571429,0.7651083238312428,0.2348916761687571,877,206,0.22777777777777777,0.8367346938775511,49,180,53,12,sec_test_0007
no_state,19521010,test,0.7,112,57,0.6842105263157895,0.3482142857142857,0.4615384615384615,0.21551724137931033,0.9375,0.7335329341317365,0.26646706586826346,2004,534,0.4262295081967213,0.5306122448979592,49,61,116,25,sec_test_0007
no_state,19521010,test,0.0,106,15,0.6666666666666666,0.09433962264150944,0.1652892561983471,0.2916666666666667,1.0188679245283019,0.7635327635327636,0.23646723646723647,702,166,0.2604166666666667,0.9090909090909091,55,192,48,14,sec_test_0008
no_state,19521010,test,0.7,106,49,0.5918367346938775,0.27358490566037735,0.37419354838709673,0.2677165354330709,1.2169811320754718,0.7178865729520116,0.28211342704798836,2063,582,0.6666666666666666,0.5818181818181818,55,48,127,34,sec_test_0008
no_state,19521010,test,0.0,108,11,0.5454545454545454,0.05555555555555555,0.10084033613445377,0.2564102564102564,1.0277777777777777,0.7263339070567987,0.2736660929432014,581,159,0.23671497584541062,0.9245283018867925,53,207,39,10,sec_test_0009
no_state,19521010,test,0.7,108,48,0.4583333333333333,0.2037037037037037,0.28205128205128205,0.3275862068965517,1.2777777777777777,0.7232401157184185,0.2767598842815815,2074,574,0.52,0.49056603773584906,53,50,116,38,sec_test_0009
no_state,19521010,test,0.0,110,2,0.5,0.00909090909090909,0.01785714285714286,0.15384615384615385,1.018181818181818,0.8571428571428572,0.14285714285714285,147,21,0.2,1.0,51,255,13,2,sec_test_0010
no_state,19521010,test,0.7,110,25,0.56,0.12727272727272726,0.2074074074074074,0.22772277227722773,1.2,0.7628512679917752,0.2371487320082248,1459,346,0.26956521739130435,0.6078431372549019,51,115,101,23,sec_test_0010
no_state,19521010,test,0.0,98,19,0.7368421052631579,0.14285714285714285,0.2393162393162393,0.16981132075471697,0.9387755102040817,0.7239648682559598,0.27603513174404015,797,220,0.28160919540229884,0.7777777777777778,63,174,53,9,sec_test_0011
no_state,19521010,test,0.7,98,48,0.625,0.30612244897959184,0.4109589041095891,0.256198347107438,1.1224489795918366,0.7042667974497303,0.29573320255026975,2039,603,0.6976744186046512,0.47619047619047616,63,43,121,31,sec_test_0011
no_state,19521010,test,0.0,116,8,0.625,0.04310344827586207,0.08064516129032258,0.11627906976744186,1.0086206896551724,0.7722960151802657,0.22770398481973433,527,120,0.17727272727272728,0.8666666666666667,45,220,43,5,sec_test_0012
no_state,19521010,test,0.7,116,62,0.6612903225806451,0.35344827586206895,0.4606741573033708,0.3,1.0603448275862069,0.7310502283105023,0.26894977168949774,2190,589,0.5652173913043478,0.5777777777777777,45,46,120,36,sec_test_0012
no_rel,19521006,dev,0.0,113,25,0.52,0.11504424778761062,0.1884057971014493,0.2564102564102564,1.1061946902654867,0.7302737520128825,0.26972624798711753,1242,335,0.28169014084507044,0.8333333333333334,48,142,78,20,sec_dev_0000
no_rel,19521006,dev,0.7,113,55,0.4727272727272727,0.23008849557522124,0.30952380952380953,0.34108527131782945,1.345132743362832,0.7041132242370632,0.29588677576293676,2261,669,0.7714285714285715,0.5625,48,35,129,44,sec_dev_0000
no_rel,19521006,dev,0.0,111,31,0.7419354838709677,0.2072072072072072,0.323943661971831,0.2602739726027397,0.9279279279279279,0.695940347970174,0.304059652029826,1207,367,0.2569444444444444,0.74,50,144,73,19,sec_dev_0001
no_rel,19521006,dev,0.7,111,63,0.5873015873015873,0.3333333333333333,0.425287356321839,0.35772357723577236,1.1711711711711712,0.6686983021332172,0.33130169786678276,2297,761,0.8333333333333334,0.5,50,30,123,44,sec_dev_0001
no_rel,19521006,dev,0.0,112,33,0.7575757575757576,0.22321428571428573,0.3448275862068966,0.26666666666666666,0.9464285714285714,0.6803088803088804,0.3196911196911197,1295,414,0.25735294117647056,0.7142857142857143,49,136,75,20,sec_dev_0002
no_rel,19521006,dev,0.7,112,62,0.7096774193548387,0.39285714285714285,0.5057471264367817,0.2845528455284553,0.9910714285714286,0.6793118659020732,0.3206881340979268,2267,727,0.7647058823529411,0.5306122448979592,49,34,123,35,sec_dev_0002
no_rel,19521006,dev,0.0,104,26,0.5384615384615384,0.1346153846153846,0.2153846153846154,0.1891891891891892,1.0865384615384615,0.7051509769094139,0.29484902309058614,1126,332,0.2827586206896552,0.7192982456140351,57,145,74,14,sec_dev_0003
no_rel,19521006,dev,0.7,104,54,0.46296296296296297,0.2403846153846154,0.31645569620253167,0.26515151515151514,1.3173076923076923,0.716789667896679,0.283210332103321,2168,614,0.7142857142857143,0.43859649122807015,57,35,132,35,sec_dev_0003
no_rel,19521006,dev,0.0,117,27,0.7407407407407407,0.17094017094017094,0.2777777777777778,0.2054794520547945,1.0256410256410255,0.7349192863211556,0.2650807136788445,1177,312,0.22875816993464052,0.7954545454545454,44,153,73,15,sec_dev_0004
no_rel,19521006,dev,0.7,117,67,0.5522388059701493,0.3162393162393162,0.40217391304347827,0.36065573770491804,1.1538461538461537,0.6881950384944397,0.3118049615055603,2338,729,0.78125,0.5681818181818182,44,32,122,44,sec_dev_0004
no_rel,19521006,dev,0.0,121,25,0.76,0.15702479338842976,0.2602739726027397,0.25925925925925924,1.0495867768595042,0.6791104050833996,0.32088959491660046,1259,404,0.21621621621621623,0.8,40,148,81,21,sec_dev_0005
no_rel,19521006,dev,0.7,121,63,0.7301587301587301,0.38016528925619836,0.5,0.3111111111111111,1.1487603305785123,0.6716981132075472,0.3283018867924528,2385,783,0.8666666666666667,0.65,40,30,135,42,sec_dev_0005
no_rel,19521006,dev,0.0,106,24,0.8333333333333334,0.18867924528301888,0.3076923076923077,0.2033898305084746,0.9339622641509434,0.729758149316509,0.27024185068349105,951,257,0.26506024096385544,0.8,55,166,59,12,sec_dev_0006
no_rel,19521006,dev,0.7,106,58,0.6551724137931034,0.3584905660377358,0.46341463414634143,0.296875,1.1603773584905661,0.7138964577656676,0.28610354223433243,2202,630,0.7352941176470589,0.45454545454545453,55,34,128,38,sec_dev_0006
no_rel,19521006,dev,0.0,107,37,0.7027027027027027,0.24299065420560748,0.36111111111111116,0.17647058823529413,0.9813084112149533,0.6885608856088561,0.3114391143911439,1355,422,0.3467741935483871,0.7962962962962963,54,124,85,15,sec_dev_0007
no_rel,19521006,dev,0.7,107,64,0.609375,0.3644859813084112,0.456140350877193,0.24193548387096775,1.0654205607476634,0.6693262411347518,0.33067375886524825,2256,746,0.8,0.4444444444444444,54,30,124,30,sec_dev_0007
no_rel,19521006,dev,0.0,109,31,0.5483870967741935,0.1559633027522936,0.24285714285714285,0.20253164556962025,1.036697247706422,0.6906474820143884,0.30935251798561153,1251,387,0.27007299270072993,0.7115384615384616,52,137,79,16,sec_dev_0008
no_rel,19521006,dev,0.7,109,64,0.5625,0.3302752293577982,0.41618497109826585,0.2992125984251969,1.1376146788990826,0.6960140166447657,0.30398598335523436,2283,694,0.8620689655172413,0.4807692307692308,52,29,127,38,sec_dev_0008
no_rel,19521006,dev,0.0,110,32,0.65625,0.19090909090909092,0.295774647887324,0.2564102564102564,1.0272727272727273,0.6935483870967742,0.3064516129032258,1302,399,0.3007518796992481,0.7843137254901961,51,133,78,20,sec_dev_0009
no_rel,19521006,dev,0.7,110,60,0.6166666666666667,0.33636363636363636,0.4352941176470588,0.25190839694656486,1.1454545454545455,0.722488038277512,0.27751196172248804,2299,638,0.8928571428571429,0.49019607843137253,51,28,131,33,sec_dev_0009
no_rel,19521006,dev,0.0,104,36,0.6388888888888888,0.22115384615384615,0.3285714285714285,0.30985915492957744,0.9903846153846154,0.6997617156473391,0.30023828435266087,1259,378,0.3181818181818182,0.7368421052631579,57,132,71,22,sec_dev_0010
no_rel,19521006,dev,0.7,104,61,0.639344262295082,0.375,0.4727272727272727,0.29508196721311475,1.0673076923076923,0.6728007181328546,0.3271992818671454,2228,729,0.8333333333333334,0.43859649122807015,57,30,122,36,sec_dev_0010
no_rel,19521006,dev,0.0,105,33,0.7272727272727273,0.22857142857142856,0.34782608695652173,0.18309859154929578,0.9047619047619048,0.7422497785651019,0.2577502214348981,1129,291,0.2671232876712329,0.6964285714285714,56,146,71,13,sec_dev_0011
no_rel,19521006,dev,0.7,105,68,0.6764705882352942,0.4380952380952381,0.5317919075144508,0.2845528455284553,0.9619047619047619,0.7187360925678683,0.28126390743213175,2247,632,0.8620689655172413,0.44642857142857145,56,29,123,35,sec_dev_0011
no_rel,19521006,test,0.0,110,32,0.84375,0.24545454545454545,0.38028169014084506,0.06944444444444445,0.8363636363636363,0.7824909747292419,0.21750902527075813,1108,241,0.22875816993464052,0.6862745098039216,51,153,72,5,sec_test_0000
no_rel,19521006,test,0.7,110,63,0.6984126984126984,0.4,0.5086705202312138,0.28125,1.0636363636363637,0.7334205933682374,0.26657940663176266,2292,611,0.8620689655172413,0.49019607843137253,51,29,128,36,sec_test_0000
no_rel,19521006,test,0.0,106,37,0.8108108108108109,0.2830188679245283,0.4195804195804196,0.14666666666666667,0.8490566037735849,0.7269709543568466,0.2730290456431535,1205,329,0.2949640287769784,0.7454545454545455,55,139,75,11,sec_test_0001
no_rel,19521006,test,0.7,106,71,0.6619718309859155,0.44339622641509435,0.5310734463276836,0.25,0.9339622641509434,0.709009009009009,0.290990990990991,2220,646,0.8181818181818182,0.4909090909090909,55,33,120,30,sec_test_0001
no_rel,19521006,test,0.0,114,29,0.7931034482758621,0.20175438596491227,0.32167832167832167,0.21052631578947367,0.9473684210526315,0.7339228295819935,0.26607717041800644,1244,331,0.22377622377622378,0.6808510638297872,47,143,76,16,sec_test_0002
no_rel,19521006,test,0.7,114,66,0.7121212121212122,0.41228070175438597,0.5222222222222223,0.30952380952380953,1.0350877192982457,0.7052722558340536,0.29472774416594644,2314,682,0.8709677419354839,0.574468085106383,47,31,126,39,sec_test_0002
no_rel,19521006,test,0.0,111,24,0.625,0.13513513513513514,0.22222222222222224,0.2786885245901639,1.054054054054054,0.6756496631376323,0.32435033686236764,1039,337,0.22839506172839505,0.74,50,162,61,17,sec_test_0003
no_rel,19521006,test,0.7,111,58,0.5862068965517241,0.3063063063063063,0.4023668639053254,0.30708661417322836,1.1801801801801801,0.6945074897866546,0.30549251021334545,2203,673,0.6410256410256411,0.5,50,39,127,39,sec_test_0003
no_rel,19521006,test,0.0,109,27,0.7037037037037037,0.1743119266055046,0.27941176470588236,0.19298245614035087,0.9541284403669725,0.7147087857847976,0.28529121421520237,1013,289,0.2392638036809816,0.75,52,163,57,11,sec_test_0004
no_rel,19521006,test,0.7,109,55,0.6,0.30275229357798167,0.4024390243902439,0.2773109243697479,1.1009174311926606,0.7091861018562589,0.2908138981437411,2101,611,0.5416666666666666,0.5,52,48,119,33,sec_test_0004
no_rel,19521006,test,0.0,107,33,0.6666666666666666,0.205607476635514,0.3142857142857143,0.24,0.9626168224299065,0.7302904564315353,0.2697095435684647,1205,325,0.29285714285714287,0.7592592592592593,54,140,75,18,sec_test_0005
no_rel,19521006,test,0.7,107,64,0.671875,0.40186915887850466,0.5029239766081872,0.29365079365079366,1.0841121495327102,0.7178819444444444,0.2821180555555556,2304,650,1.0,0.46296296296296297,54,25,126,37,sec_test_0005
no_rel,19521006,test,0.0,108,13,0.8461538461538461,0.10185185185185185,0.1818181818181818,0.13333333333333333,0.9814814814814815,0.741732283464567,0.25826771653543307,635,164,0.22388059701492538,0.8490566037735849,53,201,45,6,sec_test_0006
no_rel,19521006,test,0.7,108,60,0.6666666666666666,0.37037037037037035,0.47619047619047616,0.23809523809523808,1.0648148148148149,0.7370609981515712,0.26293900184842883,2164,569,0.65,0.49056603773584906,53,40,126,30,sec_test_0006
no_rel,19521006,test,0.0,112,33,0.6363636363636364,0.1875,0.2896551724137931,0.2,0.9642857142857143,0.7446808510638299,0.2553191489361702,1175,300,0.24324324324324326,0.7346938775510204,49,148,75,15,sec_test_0007
no_rel,19521006,test,0.7,112,61,0.5081967213114754,0.2767857142857143,0.3583815028901734,0.3076923076923077,1.2410714285714286,0.6935064935064935,0.3064935064935065,2310,708,0.8620689655172413,0.5102040816326531,49,29,130,40,sec_test_0007
no_rel,19521006,test,0.0,106,35,0.6,0.19811320754716982,0.29787234042553196,0.18556701030927836,1.0566037735849056,0.723693143245078,0.27630685675492195,1473,407,0.36363636363636365,0.7272727272727273,55,110,97,18,sec_test_0008
no_rel,19521006,test,0.7,106,63,0.5396825396825397,0.32075471698113206,0.40236686390532544,0.3064516129032258,1.1981132075471699,0.686613475177305,0.313386524822695,2256,707,0.8275862068965517,0.43636363636363634,55,29,124,38,sec_test_0008
no_rel,19521006,test,0.0,108,31,0.7096774193548387,0.2037037037037037,0.31654676258992803,0.25316455696202533,0.9814814814814815,0.7639653815892997,0.23603461841070023,1271,300,0.26119402985074625,0.660377358490566,53,134,79,20,sec_test_0009
no_rel,19521006,test,0.7,108,58,0.5517241379310345,0.2962962962962963,0.38554216867469876,0.4,1.2777777777777777,0.6965217391304348,0.3034782608695652,2300,698,0.9629629629629629,0.49056603773584906,53,27,120,48,sec_test_0009
no_rel,19521006,test,0.0,110,25,0.68,0.15454545454545454,0.2518518518518518,0.19642857142857142,0.9454545454545454,0.7345132743362832,0.26548672566371684,904,240,0.2342857142857143,0.803921568627451,51,175,56,11,sec_test_0010
no_rel,19521006,test,0.7,110,62,0.6774193548387096,0.38181818181818183,0.4883720930232559,0.3,1.0636363636363637,0.6924107142857143,0.30758928571428573,2240,689,0.7428571428571429,0.5098039215686274,51,35,120,36,sec_test_0010
no_rel,19521006,test,0.0,98,32,0.6875,0.22448979591836735,0.3384615384615384,0.23529411764705882,1.0612244897959184,0.6989010989010989,0.3010989010989011,1365,411,0.3684210526315789,0.6666666666666666,63,114,85,20,sec_test_0011
no_rel,19521006,test,0.7,98,60,0.6166666666666667,0.37755102040816324,0.46835443037974683,0.265625,1.1224489795918366,0.7061482820976492,0.2938517179023508,2212,650,1.0,0.3968253968253968,63,25,128,34,sec_test_0011
no_rel,19521006,test,0.0,116,32,0.65625,0.1810344827586207,0.2837837837837838,0.23684210526315788,1.0172413793103448,0.7078825347758887,0.2921174652241113,1294,378,0.22857142857142856,0.7111111111111111,45,140,76,18,sec_test_0012
no_rel,19521006,test,0.7,116,63,0.6507936507936508,0.35344827586206895,0.45810055865921795,0.2755905511811024,1.103448275862069,0.7232331781633516,0.2767668218366483,2363,654,0.9285714285714286,0.5777777777777777,45,28,127,35,sec_test_0012
no_rel,19521007,dev,0.0,113,29,0.6896551724137931,0.17699115044247787,0.28169014084507044,0.2786885245901639,0.9469026548672567,0.7244995233555767,0.2755004766444233,1049,289,0.2331288343558282,0.7916666666666666,48,163,61,17,sec_dev_0000
no_rel,19521007,dev,0.7,113,59,0.6779661016949152,0.35398230088495575,0.4651162790697674,0.2540983606557377,1.008849557522124,0.7111005692599621,0.28889943074003793,2108,609,0.5490196078431373,0.5833333333333334,48,51,122,31,sec_dev_0000
no_rel,19521007,dev,0.0,111,10,0.6,0.05405405405405406,0.09917355371900827,0.2962962962962963,0.990990990990991,0.7020316027088036,0.2979683972911964,443,132,0.2,0.9,50,225,27,8,sec_dev_0001
no_rel,19521007,dev,0.7,111,42,0.6904761904761905,0.26126126126126126,0.3790849673202615,0.2967032967032967,0.9819819819819819,0.6825200741198271,0.31747992588017293,1619,514,0.31683168316831684,0.64,50,101,91,27,sec_dev_0001
no_rel,19521007,dev,0.0,112,5,0.6,0.026785714285714284,0.05128205128205128,0.14285714285714285,0.9732142857142857,0.7806122448979592,0.2193877551020408,196,43,0.18253968253968253,0.9387755102040817,49,252,14,2,sec_dev_0002
no_rel,19521007,dev,0.7,112,35,0.6285714285714286,0.19642857142857142,0.29931972789115646,0.2875,1.0267857142857142,0.6977941176470588,0.30220588235294116,1360,411,0.27906976744186046,0.7346938775510204,49,129,80,23,sec_dev_0002
no_rel,19521007,dev,0.0,104,9,0.5555555555555556,0.04807692307692308,0.08849557522123894,0.07692307692307693,0.9807692307692307,0.7655367231638418,0.2344632768361582,354,83,0.22026431718061673,0.8771929824561403,57,227,26,2,sec_dev_0003
no_rel,19521007,dev,0.7,104,43,0.6976744186046512,0.28846153846153844,0.4081632653061224,0.1485148514851485,0.9519230769230769,0.7422419252691577,0.2577580747308423,1579,407,0.32989690721649484,0.5614035087719298,57,97,101,15,sec_dev_0003
no_rel,19521007,dev,0.0,117,3,1.0,0.02564102564102564,0.05,0.07692307692307693,0.9743589743589743,0.8502994011976048,0.1497005988023952,167,25,0.16153846153846155,0.9545454545454546,44,260,13,1,sec_dev_0004
no_rel,19521007,dev,0.7,117,40,0.65,0.2222222222222222,0.33121019108280253,0.3076923076923077,1.0085470085470085,0.7399605003291639,0.26003949967083606,1519,395,0.26495726495726496,0.7045454545454546,44,117,91,28,sec_dev_0004
no_rel,19521007,dev,0.0,121,20,0.5,0.08264462809917356,0.14184397163120568,0.2553191489361702,0.9917355371900827,0.7260812581913499,0.27391874180865006,763,209,0.17412935323383086,0.875,40,201,47,12,sec_dev_0005
no_rel,19521007,dev,0.7,121,54,0.6481481481481481,0.2892561983471074,0.4,0.35714285714285715,1.0743801652892562,0.7075564278704612,0.29244357212953875,2038,596,0.43283582089552236,0.725,40,67,112,40,sec_dev_0005
no_rel,19521007,dev,0.0,106,14,0.5714285714285714,0.07547169811320754,0.13333333333333333,0.17142857142857143,0.9905660377358491,0.8019417475728156,0.19805825242718447,515,102,0.22641509433962265,0.8727272727272727,55,212,35,6,sec_dev_0006
no_rel,19521007,dev,0.7,106,43,0.6976744186046512,0.2830188679245283,0.40268456375838924,0.18691588785046728,0.9716981132075472,0.7536485697606539,0.24635143023934616,1713,422,0.36470588235294116,0.5636363636363636,55,85,107,20,sec_dev_0006
no_rel,19521007,dev,0.0,107,7,0.7142857142857143,0.04672897196261682,0.08771929824561403,0.14285714285714285,0.9813084112149533,0.7244318181818181,0.2755681818181818,352,97,0.22608695652173913,0.9629629629629629,54,230,28,4,sec_dev_0007
no_rel,19521007,dev,0.7,107,40,0.7,0.2616822429906542,0.38095238095238093,0.27,1.0467289719626167,0.6975903614457831,0.3024096385542169,1660,502,0.391304347826087,0.6666666666666666,54,92,100,27,sec_dev_0007
no_rel,19521007,dev,0.0,109,3,1.0,0.027522935779816515,0.05357142857142857,0.0,0.9724770642201835,0.858974358974359,0.14102564102564102,156,22,0.1976284584980237,0.9615384615384616,52,253,14,0,sec_dev_0008
no_rel,19521007,dev,0.7,109,32,0.5625,0.1651376146788991,0.2553191489361702,0.2247191011235955,1.0642201834862386,0.7291817523533671,0.27081824764663287,1381,374,0.2601626016260163,0.6153846153846154,52,123,89,20,sec_dev_0008
no_rel,19521007,dev,0.0,110,11,0.6363636363636364,0.06363636363636363,0.11570247933884298,0.2,1.0,0.7378640776699029,0.2621359223300971,515,135,0.2037037037037037,0.8627450980392157,51,216,35,7,sec_dev_0009
no_rel,19521007,dev,0.7,110,42,0.5476190476190477,0.20909090909090908,0.3026315789473684,0.24545454545454545,1.1454545454545455,0.7235632183908046,0.2764367816091954,1740,481,0.3372093023255814,0.5686274509803921,51,86,110,27,sec_dev_0009
no_rel,19521007,dev,0.0,104,13,0.6923076923076923,0.08653846153846154,0.15384615384615383,0.12121212121212122,0.9326923076923077,0.8028169014084507,0.19718309859154928,497,98,0.23113207547169812,0.8596491228070176,57,212,33,4,sec_dev_0010
no_rel,19521007,dev,0.7,104,48,0.6666666666666666,0.3076923076923077,0.42105263157894735,0.2079207920792079,0.9519230769230769,0.7361029842012873,0.2638970157987127,1709,451,0.38095238095238093,0.5614035087719298,57,84,101,21,sec_dev_0010
no_rel,19521007,dev,0.0,105,11,0.7272727272727273,0.0761904761904762,0.13793103448275865,0.2692307692307692,0.9523809523809523,0.7608695652173914,0.2391304347826087,414,99,0.23423423423423423,0.9285714285714286,56,222,26,7,sec_dev_0011
no_rel,19521007,dev,0.7,105,43,0.7674418604651163,0.3142857142857143,0.44594594594594594,0.20388349514563106,0.9333333333333333,0.7483403741701871,0.25165962582981294,1657,417,0.34444444444444444,0.5535714285714286,56,90,103,21,sec_dev_0011
no_rel,19521007,test,0.0,110,11,0.8181818181818182,0.08181818181818182,0.1487603305785124,0.13793103448275862,0.9454545454545454,0.7790973871733967,0.2209026128266033,421,93,0.21238938053097345,0.9411764705882353,51,226,29,4,sec_test_0000
no_rel,19521007,test,0.7,110,48,0.7083333333333334,0.3090909090909091,0.43037974683544294,0.25,0.9818181818181818,0.7386609071274298,0.2613390928725702,1852,484,0.44,0.6470588235294118,51,75,108,27,sec_test_0000
no_rel,19521007,test,0.0,106,10,1.0,0.09433962264150944,0.1724137931034483,0.07142857142857142,0.9622641509433962,0.8068181818181819,0.19318181818181818,528,102,0.23333333333333334,0.8909090909090909,55,210,42,3,sec_test_0001
no_rel,19521007,test,0.7,106,48,0.75,0.33962264150943394,0.4675324675324676,0.21818181818181817,0.9622641509433962,0.72,0.28,1800,504,0.4342105263157895,0.6,55,76,110,24,sec_test_0001
no_rel,19521007,test,0.0,114,11,0.6363636363636364,0.06140350877192982,0.112,0.25925925925925924,0.9473684210526315,0.7218543046357616,0.2781456953642384,453,126,0.18502202643171806,0.8936170212765957,47,227,27,7,sec_test_0002
no_rel,19521007,test,0.7,114,40,0.675,0.23684210526315788,0.35064935064935066,0.24210526315789474,0.9912280701754386,0.7239875389408099,0.27601246105919003,1605,443,0.3142857142857143,0.7021276595744681,47,105,95,23,sec_test_0002
no_rel,19521007,test,0.0,111,11,0.6363636363636364,0.06306306306306306,0.11475409836065573,0.14814814814814814,0.963963963963964,0.7841191066997518,0.21588089330024815,403,87,0.1965065502183406,0.9,50,229,27,4,sec_test_0003
no_rel,19521007,test,0.7,111,40,0.6,0.21621621621621623,0.31788079470198677,0.23684210526315788,1.09009009009009,0.7308558558558558,0.26914414414414417,1776,478,0.37349397590361444,0.62,50,83,114,27,sec_test_0003
no_rel,19521007,test,0.0,109,14,0.7857142857142857,0.10091743119266056,0.17886178861788618,0.14285714285714285,0.9357798165137615,0.7352380952380952,0.26476190476190475,525,139,0.2102803738317757,0.8653846153846154,52,214,35,5,sec_test_0004
no_rel,19521007,test,0.7,109,51,0.7058823529411765,0.3302752293577982,0.45000000000000007,0.18811881188118812,0.8990825688073395,0.7293233082706767,0.2706766917293233,1729,468,0.3333333333333333,0.5576923076923077,52,87,101,19,sec_test_0004
no_rel,19521007,test,0.0,107,8,0.75,0.056074766355140186,0.10434782608695652,0.1111111111111111,0.9532710280373832,0.7375886524822695,0.2624113475177305,282,74,0.21008403361344538,0.9259259259259259,54,238,18,2,sec_test_0005
no_rel,19521007,test,0.7,107,37,0.5945945945945946,0.205607476635514,0.3055555555555555,0.2222222222222222,0.9813084112149533,0.7513513513513513,0.24864864864864866,1480,368,0.2882882882882883,0.5925925925925926,54,111,90,20,sec_test_0005
no_rel,19521007,test,0.0,108,5,1.0,0.046296296296296294,0.08849557522123894,0.15,0.9722222222222222,0.7689655172413793,0.23103448275862068,290,67,0.20588235294117646,0.9245283018867925,53,238,20,3,sec_test_0006
no_rel,19521007,test,0.7,108,37,0.8648648648648649,0.2962962962962963,0.4413793103448276,0.14736842105263157,0.8888888888888888,0.7784511784511785,0.22154882154882155,1485,329,0.3063063063063063,0.6415094339622641,53,111,95,14,sec_test_0006
no_rel,19521007,test,0.0,112,19,0.631578947368421,0.10714285714285714,0.183206106870229,0.21739130434782608,0.9821428571428571,0.755524861878453,0.24447513812154695,724,177,0.20918367346938777,0.8367346938775511,49,196,46,10,sec_test_0007
no_rel,19521007,test,0.7,112,47,0.723404255319149,0.30357142857142855,0.4276729559748428,0.22115384615384615,0.9553571428571429,0.7260579064587973,0.2739420935412027,1796,492,0.37349397590361444,0.6326530612244898,49,83,104,23,sec_test_0007
no_rel,19521007,test,0.0,106,9,0.7777777777777778,0.0660377358490566,0.12173913043478261,0.16,0.9622641509433962,0.7972602739726027,0.20273972602739726,365,74,0.21929824561403508,0.9090909090909091,55,228,25,4,sec_test_0008
no_rel,19521007,test,0.7,106,41,0.6829268292682927,0.2641509433962264,0.38095238095238093,0.27,1.0566037735849056,0.7388888888888889,0.2611111111111111,1620,423,0.35789473684210527,0.6181818181818182,55,95,100,27,sec_test_0008
no_rel,19521007,test,0.0,108,8,0.75,0.05555555555555555,0.10344827586206895,0.08695652173913043,0.9629629629629629,0.7850162866449512,0.21498371335504887,307,66,0.2076271186440678,0.9245283018867925,53,236,23,2,sec_test_0009
no_rel,19521007,test,0.7,108,33,0.7878787878787878,0.24074074074074073,0.36879432624113473,0.1797752808988764,0.9907407407407407,0.7730192719486082,0.22698072805139186,1401,318,0.325,0.7358490566037735,53,120,89,16,sec_test_0009
no_rel,19521007,test,0.0,110,2,1.0,0.01818181818181818,0.03571428571428572,0.0,0.9818181818181818,0.9416058394160584,0.058394160583941604,137,8,0.1875,0.9411764705882353,51,256,13,0,sec_test_0010
no_rel,19521007,test,0.7,110,33,0.5757575757575758,0.17272727272727273,0.26573426573426573,0.25,1.0454545454545454,0.7386685552407932,0.2613314447592068,1412,369,0.2809917355371901,0.6666666666666666,51,121,88,22,sec_test_0010
no_rel,19521007,test,0.0,98,15,0.8666666666666667,0.1326530612244898,0.23008849557522126,0.08695652173913043,0.9285714285714286,0.8127035830618893,0.18729641693811075,614,115,0.2538860103626943,0.7777777777777778,63,193,46,4,sec_test_0011
no_rel,19521007,test,0.7,98,41,0.7073170731707317,0.29591836734693877,0.4172661870503597,0.18691588785046728,1.010204081632653,0.7349970291146761,0.2650029708853238,1683,446,0.4125,0.5238095238095238,63,80,107,20,sec_test_0011
no_rel,19521007,test,0.0,116,19,0.7368421052631579,0.1206896551724138,0.2074074074074074,0.14035087719298245,0.9568965517241379,0.8033635187580854,0.19663648124191463,773,152,0.18041237113402062,0.7777777777777778,45,194,57,8,sec_test_0012
no_rel,19521007,test,0.7,116,54,0.7407407407407407,0.3448275862068966,0.4705882352941177,0.2644628099173554,1.0344827586206897,0.7317544707588206,0.26824552924117934,2069,555,0.46551724137931033,0.6,45,58,121,32,sec_test_0012
no_rel,19521008,dev,0.0,113,6,1.0,0.05309734513274336,0.10084033613445377,0.09523809523809523,0.9646017699115044,0.7419354838709677,0.25806451612903225,279,72,0.19262295081967212,0.9791666666666666,48,244,21,2,sec_dev_0000
no_rel,19521008,dev,0.7,113,34,0.7058823529411765,0.21238938053097345,0.32653061224489793,0.22115384615384615,1.0973451327433628,0.7354060913705585,0.2645939086294416,1576,417,0.3113207547169811,0.6875,48,106,104,23,sec_dev_0000
no_rel,19521008,dev,0.0,111,16,0.8125,0.11711711711711711,0.2047244094488189,0.23076923076923078,0.9369369369369369,0.6804915514592934,0.3195084485407066,651,208,0.22167487684729065,0.9,50,203,39,9,sec_dev_0001
no_rel,19521008,dev,0.7,111,46,0.717391304347826,0.2972972972972973,0.4203821656050956,0.27884615384615385,0.9459459459459459,0.6656118143459915,0.33438818565400846,1896,634,0.4444444444444444,0.64,50,72,104,29,sec_dev_0001
no_rel,19521008,dev,0.0,112,1,1.0,0.008928571428571428,0.017699115044247787,0.0,0.9910714285714286,0.9178082191780822,0.0821917808219178,73,6,0.1811320754716981,0.9795918367346939,49,265,7,0,sec_dev_0002
no_rel,19521008,dev,0.7,112,28,0.5357142857142857,0.13392857142857142,0.21428571428571427,0.14666666666666667,1.0,0.7327354260089687,0.2672645739910314,1115,298,0.2077922077922078,0.6530612244897959,49,154,75,11,sec_dev_0002
no_rel,19521008,dev,0.0,104,1,1.0,0.009615384615384616,0.01904761904761905,0.0,0.9903846153846154,0.8904109589041096,0.1095890410958904,73,8,0.2178988326848249,0.9824561403508771,57,257,7,0,sec_dev_0003
no_rel,19521008,dev,0.7,104,21,0.7619047619047619,0.15384615384615385,0.256,0.17391304347826086,1.0,0.7608476286579213,0.2391523713420787,991,237,0.29559748427672955,0.8245614035087719,57,159,69,12,sec_dev_0003
no_rel,19521008,dev,0.0,117,11,0.6363636363636364,0.05982905982905983,0.109375,0.23076923076923078,0.9829059829059829,0.786096256684492,0.21390374331550802,374,80,0.18067226890756302,0.9772727272727273,44,238,26,6,sec_dev_0004
no_rel,19521008,dev,0.7,117,37,0.5945945945945946,0.18803418803418803,0.2857142857142857,0.2653061224489796,1.0512820512820513,0.7169211195928753,0.2830788804071247,1572,445,0.2972972972972973,0.75,44,111,98,26,sec_dev_0004
no_rel,19521008,dev,0.0,121,10,0.8,0.06611570247933884,0.12213740458015268,0.11428571428571428,0.9504132231404959,0.778494623655914,0.221505376344086,465,103,0.16810344827586207,0.975,40,232,35,4,sec_dev_0005
no_rel,19521008,dev,0.7,121,49,0.673469387755102,0.2727272727272727,0.38823529411764707,0.2818181818181818,1.024793388429752,0.708743169398907,0.2912568306010929,1830,533,0.3409090909090909,0.75,40,88,110,31,sec_dev_0005
no_rel,19521008,dev,0.0,106,3,0.6666666666666666,0.018867924528301886,0.03669724770642202,0.14285714285714285,0.9905660377358491,0.8734939759036144,0.12650602409638553,166,21,0.21285140562248997,0.9636363636363636,55,249,14,2,sec_dev_0006
no_rel,19521008,dev,0.7,106,25,0.68,0.16037735849056603,0.2595419847328244,0.14102564102564102,1.0566037735849056,0.7571942446043165,0.24280575539568344,1112,270,0.2702702702702703,0.7272727272727273,55,148,78,11,sec_dev_0006
no_rel,19521008,dev,0.0,107,6,0.8333333333333334,0.04672897196261682,0.08849557522123892,0.1875,0.9626168224299065,0.7328767123287672,0.2671232876712329,438,117,0.2171945701357466,0.8888888888888888,54,221,32,6,sec_dev_0007
no_rel,19521008,dev,0.7,107,44,0.6136363636363636,0.2523364485981308,0.35761589403973504,0.27884615384615385,1.02803738317757,0.6942242355605889,0.3057757644394111,1766,540,0.4074074074074074,0.6111111111111112,54,81,104,29,sec_dev_0007
no_rel,19521008,dev,0.0,109,14,0.7857142857142857,0.10091743119266056,0.17886178861788618,0.1794871794871795,0.926605504587156,0.7021996615905246,0.29780033840947545,591,176,0.2222222222222222,0.8846153846153846,52,207,39,7,sec_dev_0008
no_rel,19521008,dev,0.7,109,52,0.6538461538461539,0.3119266055045872,0.422360248447205,0.2636363636363636,1.0275229357798166,0.7037037037037037,0.2962962962962963,1890,560,0.42857142857142855,0.5769230769230769,52,70,110,29,sec_dev_0008
no_rel,19521008,dev,0.0,110,4,0.75,0.02727272727272727,0.052631578947368425,0.1111111111111111,1.0,0.8338658146964857,0.16613418530351437,313,52,0.19831223628691982,0.9215686274509803,51,237,27,3,sec_dev_0009
no_rel,19521008,dev,0.7,110,43,0.7674418604651163,0.3,0.4313725490196078,0.17894736842105263,0.8454545454545455,0.7295681063122923,0.27043189368770765,1505,407,0.3333333333333333,0.7254901960784313,51,111,95,17,sec_dev_0009
no_rel,19521008,dev,0.0,104,10,0.6,0.057692307692307696,0.10526315789473685,0.12121212121212122,1.0096153846153846,0.8337236533957846,0.16627634660421545,427,71,0.2374429223744292,0.9122807017543859,57,219,33,4,sec_dev_0010
no_rel,19521008,dev,0.7,104,38,0.5789473684210527,0.21153846153846154,0.30985915492957744,0.21428571428571427,1.1634615384615385,0.7420494699646643,0.2579505300353357,1698,438,0.40476190476190477,0.5964912280701754,57,84,112,24,sec_dev_0010
no_rel,19521008,dev,0.0,105,4,1.0,0.0380952380952381,0.07339449541284404,0.10526315789473684,0.9809523809523809,0.8095238095238095,0.19047619047619047,231,44,0.22821576763485477,0.9821428571428571,56,241,19,2,sec_dev_0011
no_rel,19521008,dev,0.7,105,24,0.75,0.17142857142857143,0.2790697674418604,0.15053763440860216,1.0476190476190477,0.7600607441154138,0.23993925588458617,1317,316,0.296,0.6607142857142857,56,125,93,14,sec_dev_0011
no_rel,19521008,test,0.0,110,6,0.8333333333333334,0.045454545454545456,0.08620689655172414,0.06451612903225806,1.018181818181818,0.8483290488431876,0.15167095115681234,389,59,0.2052401746724891,0.9215686274509803,51,229,31,2,sec_test_0000
no_rel,19521008,test,0.7,110,42,0.7142857142857143,0.2727272727272727,0.3947368421052631,0.19469026548672566,1.0545454545454545,0.7573827446438911,0.24261725535610887,1727,419,0.367816091954023,0.6274509803921569,51,87,113,22,sec_test_0000
no_rel,19521008,test,0.0,106,7,0.8571428571428571,0.05660377358490566,0.10619469026548672,0.03571428571428571,0.9716981132075472,0.8283132530120482,0.1716867469879518,332,57,0.22077922077922077,0.9272727272727272,55,231,28,1,sec_test_0001
no_rel,19521008,test,0.7,106,43,0.5813953488372093,0.2358490566037736,0.33557046979865773,0.20952380952380953,1.1037735849056605,0.7647058823529411,0.23529411764705882,1615,380,0.3684210526315789,0.6363636363636364,55,95,105,22,sec_test_0001
no_rel,19521008,test,0.0,114,5,0.8,0.03508771929824561,0.06722689075630252,0.13043478260869565,1.0,0.7735191637630662,0.2264808362369338,287,65,0.18032786885245902,0.9361702127659575,47,244,23,3,sec_test_0002
no_rel,19521008,test,0.7,114,35,0.7142857142857143,0.21929824561403508,0.3355704697986577,0.2413793103448276,0.9912280701754386,0.7191732002851033,0.28082679971489666,1403,394,0.2857142857142857,0.7659574468085106,47,126,87,21,sec_test_0002
no_rel,19521008,test,0.0,111,6,0.6666666666666666,0.036036036036036036,0.06837606837606838,0.09523809523809523,0.972972972972973,0.8146718146718147,0.18532818532818532,259,48,0.1885245901639344,0.92,50,244,21,2,sec_test_0003
no_rel,19521008,test,0.7,111,37,0.5945945945945946,0.1981981981981982,0.2972972972972973,0.2441860465116279,1.0,0.7115384615384616,0.28846153846153844,1404,405,0.2601626016260163,0.64,50,123,86,21,sec_test_0003
no_rel,19521008,test,0.0,109,3,1.0,0.027522935779816515,0.05357142857142857,0.1111111111111111,0.9724770642201835,0.7933884297520661,0.2066115702479339,121,25,0.19066147859922178,0.9423076923076923,52,257,9,1,sec_test_0004
no_rel,19521008,test,0.7,109,17,0.8823529411764706,0.13761467889908258,0.2380952380952381,0.11940298507462686,0.9908256880733946,0.7465535524920466,0.25344644750795337,943,239,0.22485207100591717,0.7307692307692307,52,169,67,8,sec_test_0004
no_rel,19521008,test,0.0,107,8,0.75,0.056074766355140186,0.10434782608695652,0.1,0.9626168224299065,0.7794871794871795,0.2205128205128205,390,86,0.22566371681415928,0.9444444444444444,54,226,30,3,sec_test_0005
no_rel,19521008,test,0.7,107,41,0.6829268292682927,0.2616822429906542,0.3783783783783784,0.22807017543859648,1.074766355140187,0.7289870689655172,0.27101293103448276,1856,503,0.43661971830985913,0.5740740740740741,54,71,114,26,sec_test_0005
no_rel,19521008,test,0.0,108,2,1.0,0.018518518518518517,0.03636363636363636,0.0,0.9814814814814815,0.8674698795180723,0.13253012048192772,83,11,0.20384615384615384,1.0,53,260,7,0,sec_test_0006
no_rel,19521008,test,0.7,108,22,0.5454545454545454,0.1111111111111111,0.1846153846153846,0.13636363636363635,1.0555555555555556,0.7549234135667396,0.24507658643326038,914,224,0.23391812865497075,0.7547169811320755,53,171,66,9,sec_test_0006
no_rel,19521008,test,0.0,112,13,0.6923076923076923,0.08035714285714286,0.14400000000000002,0.14705882352941177,0.9464285714285714,0.7549407114624506,0.2450592885375494,506,124,0.1780821917808219,0.7959183673469388,49,219,34,5,sec_test_0007
no_rel,19521008,test,0.7,112,38,0.6842105263157895,0.23214285714285715,0.3466666666666667,0.15384615384615385,1.0178571428571428,0.7147277227722773,0.28527227722772275,1616,461,0.32673267326732675,0.673469387755102,49,101,104,16,sec_test_0007
no_rel,19521008,test,0.0,106,15,0.6666666666666666,0.09433962264150944,0.1652892561983471,0.11764705882352941,0.9716981132075472,0.7772795216741405,0.2227204783258595,669,149,0.22564102564102564,0.8,55,195,51,6,sec_test_0008
no_rel,19521008,test,0.7,106,44,0.6136363636363636,0.25471698113207547,0.36,0.24369747899159663,1.179245283018868,0.721004810261892,0.27899518973810794,1871,522,0.4264705882352941,0.5272727272727272,55,68,119,29,sec_test_0008
no_rel,19521008,test,0.0,108,5,1.0,0.046296296296296294,0.08849557522123894,0.0,0.9722222222222222,0.7902621722846441,0.20973782771535582,267,56,0.20833333333333334,0.9433962264150944,53,240,23,0,sec_test_0009
no_rel,19521008,test,0.7,108,36,0.5277777777777778,0.17592592592592593,0.2638888888888889,0.22,1.1203703703703705,0.7487341772151899,0.25126582278481013,1580,397,0.3069306930693069,0.5849056603773585,53,101,100,22,sec_test_0009
no_rel,19521008,test,0.0,110,1,1.0,0.00909090909090909,0.018018018018018018,0.0,1.009090909090909,0.935483870967742,0.06451612903225806,155,10,0.1968503937007874,0.9803921568627451,51,254,15,0,sec_test_0010
no_rel,19521008,test,0.7,110,30,0.5333333333333333,0.14545454545454545,0.2285714285714286,0.20253164556962025,1.0818181818181818,0.7464905037159373,0.2535094962840628,1211,307,0.2605633802816901,0.7254901960784313,51,142,79,16,sec_test_0010
no_rel,19521008,test,0.0,98,14,0.7142857142857143,0.10204081632653061,0.17857142857142858,0.24390243902439024,0.9693877551020408,0.6935724962630792,0.3064275037369208,669,205,0.26063829787234044,0.7777777777777778,63,188,41,10,sec_test_0011
no_rel,19521008,test,0.7,98,44,0.7045454545454546,0.3163265306122449,0.43661971830985913,0.24752475247524752,0.9285714285714286,0.7082630691399663,0.2917369308600337,1779,519,0.4647887323943662,0.5238095238095238,63,71,101,25,sec_test_0011
no_rel,19521008,test,0.0,116,6,0.8333333333333334,0.04310344827586207,0.0819672131147541,0.0,0.9568965517241379,0.8473895582329317,0.15261044176706828,249,38,0.168,0.9333333333333333,45,250,21,0,sec_test_0012
no_rel,19521008,test,0.7,116,40,0.8,0.27586206896551724,0.4102564102564103,0.18556701030927836,0.9224137931034483,0.7595593000648089,0.24044069993519118,1543,371,0.2831858407079646,0.7111111111111111,45,113,97,18,sec_test_0012
no_rel,19521009,dev,0.0,113,18,0.6666666666666666,0.10619469026548672,0.183206106870229,0.18518518518518517,1.0,0.8109919571045576,0.18900804289544235,746,141,0.22164948453608246,0.8958333333333334,48,194,54,10,sec_dev_0000
no_rel,19521009,dev,0.7,113,63,0.7142857142857143,0.39823008849557523,0.5113636363636364,0.24444444444444444,1.0707964601769913,0.7483296213808464,0.2516703786191537,2245,565,0.75,0.5625,48,36,135,33,sec_dev_0000
no_rel,19521009,dev,0.0,111,16,0.75,0.10810810810810811,0.1889763779527559,0.10204081632653061,0.972972972972973,0.8166915052160953,0.18330849478390462,671,123,0.205,0.82,50,200,49,5,sec_dev_0001
no_rel,19521009,dev,0.7,111,53,0.5471698113207547,0.26126126126126126,0.35365853658536583,0.23134328358208955,1.1891891891891893,0.7317415730337078,0.26825842696629215,2136,573,0.6,0.54,50,45,134,31,sec_dev_0001
no_rel,19521009,dev,0.0,112,17,0.7647058823529411,0.11607142857142858,0.20155038759689925,0.14814814814814814,0.9375,0.7658402203856749,0.23415977961432508,726,170,0.2,0.7959183673469388,49,195,54,8,sec_dev_0002
no_rel,19521009,dev,0.7,112,52,0.6923076923076923,0.32142857142857145,0.4390243902439025,0.2835820895522388,1.1428571428571428,0.711449676823638,0.288550323176362,2166,625,0.6511627906976745,0.5714285714285714,49,43,134,38,sec_dev_0002
no_rel,19521009,dev,0.0,104,23,0.782608695652174,0.17307692307692307,0.28346456692913385,0.12903225806451613,0.9134615384615384,0.762114537444934,0.23788546255506607,908,216,0.25595238095238093,0.7543859649122807,57,168,62,8,sec_dev_0003
no_rel,19521009,dev,0.7,104,62,0.7096774193548387,0.4230769230769231,0.5301204819277108,0.17777777777777778,1.0096153846153846,0.7462068965517241,0.2537931034482759,2175,552,0.7941176470588235,0.47368421052631576,57,34,135,24,sec_dev_0003
no_rel,19521009,dev,0.0,117,16,0.75,0.10256410256410256,0.1804511278195489,0.09523809523809523,0.9829059829059829,0.8282694848084544,0.17173051519154559,757,130,0.17857142857142858,0.7954545454545454,44,196,63,6,sec_dev_0004
no_rel,19521009,dev,0.7,117,61,0.6721311475409836,0.3504273504273504,0.4606741573033708,0.2571428571428571,1.1367521367521367,0.7413333333333334,0.25866666666666666,2250,582,0.6666666666666666,0.5909090909090909,44,39,140,36,sec_dev_0004
no_rel,19521009,dev,0.0,121,28,0.7142857142857143,0.1652892561983471,0.2684563758389262,0.21666666666666667,0.9338842975206612,0.7817204301075269,0.21827956989247313,930,203,0.18032786885245902,0.825,40,183,60,13,sec_dev_0005
no_rel,19521009,dev,0.7,121,73,0.6575342465753424,0.39669421487603307,0.4948453608247423,0.3115942028985507,1.0826446280991735,0.7392947103274559,0.2607052896725441,2382,621,0.8666666666666667,0.65,40,30,138,43,sec_dev_0005
no_rel,19521009,dev,0.0,106,21,0.9047619047619048,0.1792452830188679,0.2992125984251969,0.12903225806451613,0.9339622641509434,0.8063063063063063,0.19369369369369369,888,172,0.2558139534883721,0.8,55,172,62,8,sec_dev_0006
no_rel,19521009,dev,0.7,106,52,0.7307692307692307,0.3584905660377358,0.4810126582278481,0.18309859154929578,1.0943396226415094,0.7458487084870848,0.25415129151291516,2168,551,0.7222222222222222,0.4727272727272727,55,36,142,26,sec_dev_0006
no_rel,19521009,dev,0.0,107,18,0.7222222222222222,0.12149532710280374,0.20800000000000002,0.12,0.9532710280373832,0.7671641791044777,0.23283582089552238,670,156,0.25,0.9074074074074074,54,196,50,6,sec_dev_0007
no_rel,19521009,dev,0.7,107,58,0.6551724137931034,0.35514018691588783,0.4606060606060606,0.21705426356589147,1.0934579439252337,0.694040356640075,0.3059596433599249,2131,652,0.7142857142857143,0.5555555555555556,54,42,129,28,sec_dev_0007
no_rel,19521009,dev,0.0,109,20,0.8,0.14678899082568808,0.24806201550387597,0.14814814814814814,0.9541284403669725,0.7873711340206185,0.21262886597938144,776,165,0.2192513368983957,0.7884615384615384,52,187,54,8,sec_dev_0008
no_rel,19521009,dev,0.7,109,54,0.6851851851851852,0.3394495412844037,0.4539877300613497,0.20437956204379562,1.110091743119266,0.7386840877274848,0.26131591227251516,2143,560,0.6190476190476191,0.5,52,42,137,28,sec_dev_0008
no_rel,19521009,dev,0.0,110,25,0.72,0.16363636363636364,0.26666666666666666,0.14864864864864866,0.9727272727272728,0.7463503649635037,0.25364963503649635,1096,278,0.24675324675324675,0.7450980392156863,51,154,74,11,sec_dev_0009
no_rel,19521009,dev,0.7,110,62,0.7096774193548387,0.4,0.5116279069767441,0.2,1.0454545454545454,0.7323008849557522,0.2676991150442478,2260,605,0.7741935483870968,0.47058823529411764,51,31,140,28,sec_dev_0009
no_rel,19521009,dev,0.0,104,17,0.5294117647058824,0.08653846153846154,0.14876033057851237,0.1111111111111111,1.0096153846153846,0.7892561983471075,0.21074380165289255,726,153,0.23529411764705882,0.7719298245614035,57,187,54,6,sec_dev_0010
no_rel,19521009,dev,0.7,104,63,0.5873015873015873,0.3557692307692308,0.44311377245508987,0.2109375,1.0480769230769231,0.7203632887189293,0.27963671128107076,2092,585,0.6046511627906976,0.45614035087719296,57,43,128,27,sec_dev_0010
no_rel,19521009,dev,0.0,105,23,0.5217391304347826,0.11428571428571428,0.1875,0.11475409836065574,0.9904761904761905,0.7918088737201365,0.20819112627986347,879,183,0.2441860465116279,0.75,56,172,61,7,sec_dev_0011
no_rel,19521009,dev,0.7,105,48,0.5833333333333334,0.26666666666666666,0.3660130718954248,0.1791044776119403,1.1904761904761905,0.7490272373540856,0.2509727626459144,2056,516,0.5319148936170213,0.44642857142857145,56,47,134,24,sec_dev_0011
no_rel,19521009,test,0.0,110,22,0.7272727272727273,0.14545454545454545,0.2424242424242424,0.043478260869565216,0.9545454545454546,0.8002270147559591,0.19977298524404086,881,176,0.22727272727272727,0.7843137254901961,51,176,69,3,sec_test_0000
no_rel,19521009,test,0.7,110,68,0.6764705882352942,0.41818181818181815,0.5168539325842696,0.19402985074626866,0.9636363636363636,0.738646482635797,0.26135351736420304,2246,587,0.8181818181818182,0.5294117647058824,51,33,134,26,sec_test_0000
no_rel,19521009,test,0.0,106,20,0.95,0.1792452830188679,0.30158730158730157,0.1267605633802817,0.9622641509433962,0.7471620227038184,0.2528379772961816,969,245,0.2822085889570552,0.8363636363636363,55,163,71,9,sec_test_0001
no_rel,19521009,test,0.7,106,61,0.7540983606557377,0.4339622641509434,0.5508982035928143,0.16417910447761194,0.9528301886792453,0.7389705882352942,0.2610294117647059,2176,568,0.7222222222222222,0.4727272727272727,55,36,134,22,sec_test_0001
no_rel,19521009,test,0.0,114,17,0.7647058823529411,0.11403508771929824,0.19847328244274806,0.09615384615384616,0.9298245614035088,0.8008595988538683,0.1991404011461318,698,139,0.205,0.8723404255319149,47,200,52,5,sec_test_0002
no_rel,19521009,test,0.7,114,70,0.6714285714285714,0.41228070175438597,0.5108695652173914,0.22137404580152673,0.9473684210526315,0.7424967377120487,0.2575032622879513,2299,592,0.8125,0.5531914893617021,47,32,131,29,sec_test_0002
no_rel,19521009,test,0.0,111,14,0.6428571428571429,0.08108108108108109,0.14400000000000002,0.1320754716981132,1.0,0.7776183644189383,0.2223816355810617,697,155,0.19796954314720813,0.78,50,197,53,7,sec_test_0003
no_rel,19521009,test,0.7,111,54,0.6111111111111112,0.2972972972972973,0.39999999999999997,0.22794117647058823,1.1981981981981982,0.7203237410071943,0.27967625899280574,2224,622,0.7222222222222222,0.52,50,36,136,31,sec_test_0003
no_rel,19521009,test,0.0,109,21,0.6190476190476191,0.11926605504587157,0.2,0.13725490196078433,0.926605504587156,0.7591888466413181,0.24081115335868186,789,190,0.20967741935483872,0.75,52,186,51,7,sec_test_0004
no_rel,19521009,test,0.7,109,59,0.711864406779661,0.3853211009174312,0.5,0.22900763358778625,1.018348623853211,0.7201442091031997,0.27985579089680035,2219,621,0.7714285714285715,0.5192307692307693,52,35,131,30,sec_test_0004
no_rel,19521009,test,0.0,107,24,0.8333333333333334,0.18691588785046728,0.3053435114503817,0.1724137931034483,0.8878504672897196,0.7455156950672646,0.25448430493273544,892,227,0.26011560693641617,0.8333333333333334,54,173,58,10,sec_test_0005
no_rel,19521009,test,0.7,107,60,0.7833333333333333,0.4392523364485981,0.562874251497006,0.19047619047619047,0.8878504672897196,0.754277566539924,0.24572243346007605,2104,517,0.6444444444444445,0.5370370370370371,54,45,126,24,sec_test_0005
no_rel,19521009,test,0.0,108,24,0.7916666666666666,0.17592592592592593,0.2878787878787879,0.18867924528301888,0.8981481481481481,0.7407407407407407,0.25925925925925924,837,217,0.24444444444444444,0.8301886792452831,53,180,53,10,sec_test_0006
no_rel,19521009,test,0.7,108,60,0.75,0.4166666666666667,0.5357142857142857,0.1968503937007874,0.9444444444444444,0.7521960240406842,0.24780397595931578,2163,536,0.625,0.4716981132075472,53,40,127,25,sec_test_0006
no_rel,19521009,test,0.0,112,17,0.7647058823529411,0.11607142857142858,0.20155038759689925,0.1896551724137931,0.9821428571428571,0.7535211267605634,0.24647887323943662,852,210,0.21428571428571427,0.7959183673469388,49,182,58,11,sec_test_0007
no_rel,19521009,test,0.7,112,60,0.7,0.375,0.48837209302325574,0.23308270676691728,1.0357142857142858,0.7284005316792201,0.2715994683207798,2257,613,0.7352941176470589,0.5102040816326531,49,34,133,31,sec_test_0007
no_rel,19521009,test,0.0,106,22,0.7727272727272727,0.16037735849056603,0.265625,0.15517241379310345,0.9245283018867925,0.7560096153846154,0.2439903846153846,832,203,0.2640449438202247,0.8545454545454545,55,178,58,9,sec_test_0008
no_rel,19521009,test,0.7,106,73,0.589041095890411,0.4056603773584906,0.4804469273743017,0.265625,1.0660377358490567,0.7310126582278481,0.2689873417721519,2212,595,0.7878787878787878,0.4727272727272727,55,33,128,34,sec_test_0008
no_rel,19521009,test,0.0,108,19,0.5263157894736842,0.09259259259259259,0.15748031496062992,0.25,0.9722222222222222,0.7650918635170604,0.23490813648293962,762,179,0.2127659574468085,0.7547169811320755,53,188,48,12,sec_test_0009
no_rel,19521009,test,0.7,108,56,0.5357142857142857,0.2777777777777778,0.36585365853658536,0.3416666666666667,1.1851851851851851,0.7382488479262672,0.26175115207373273,2170,568,0.675,0.5094339622641509,53,40,120,41,sec_test_0009
no_rel,19521009,test,0.0,110,16,0.8125,0.11818181818181818,0.20634920634920637,0.09259259259259259,0.9545454545454546,0.8106508875739645,0.1893491124260355,676,128,0.20202020202020202,0.7843137254901961,51,198,54,5,sec_test_0010
no_rel,19521009,test,0.7,110,63,0.6825396825396826,0.39090909090909093,0.4971098265895954,0.2116788321167883,1.0636363636363637,0.7666815942678011,0.23331840573219884,2233,521,0.7352941176470589,0.49019607843137253,51,34,137,29,sec_test_0010
no_rel,19521009,test,0.0,98,14,0.7142857142857143,0.10204081632653061,0.17857142857142858,0.0851063829787234,0.9795918367346939,0.7678275290215588,0.23217247097844113,603,140,0.27319587628865977,0.8412698412698413,63,194,47,4,sec_test_0011
no_rel,19521009,test,0.7,98,54,0.6481481481481481,0.35714285714285715,0.4605263157894737,0.2,1.0714285714285714,0.7370731707317073,0.2629268292682927,2050,539,0.6585365853658537,0.42857142857142855,63,41,130,26,sec_test_0011
no_rel,19521009,test,0.0,116,17,0.6470588235294118,0.09482758620689655,0.16541353383458646,0.15873015873015872,1.0086206896551724,0.7576099210822999,0.24239007891770012,887,215,0.18681318681318682,0.7555555555555555,45,182,63,10,sec_test_0012
no_rel,19521009,test,0.7,116,65,0.6461538461538462,0.3620689655172414,0.46408839779005523,0.31007751937984496,1.0948275862068966,0.7014096539940197,0.29859034600598033,2341,699,0.8333333333333334,0.5555555555555556,45,30,129,40,sec_test_0012
no_rel,19521010,dev,0.0,113,12,0.75,0.07964601769911504,0.144,0.16216216216216217,0.9911504424778761,0.6924493554327809,0.30755064456721914,543,167,0.18981481481481483,0.8541666666666666,48,216,37,6,sec_dev_0000
no_rel,19521010,dev,0.7,113,44,0.7272727272727273,0.2831858407079646,0.40764331210191085,0.23931623931623933,1.0265486725663717,0.7298451681793914,0.2701548318206087,1873,506,0.3466666666666667,0.5416666666666666,48,75,117,28,sec_dev_0000
no_rel,19521010,dev,0.0,111,11,0.45454545454545453,0.04504504504504504,0.0819672131147541,0.2857142857142857,1.0360360360360361,0.6578947368421053,0.34210526315789475,532,182,0.19907407407407407,0.86,50,216,28,8,sec_dev_0001
no_rel,19521010,dev,0.7,111,36,0.5833333333333334,0.1891891891891892,0.28571428571428575,0.29069767441860467,1.054054054054054,0.6824146981627297,0.31758530183727035,1524,484,0.3063063063063063,0.68,50,111,86,25,sec_dev_0001
no_rel,19521010,dev,0.0,112,9,0.7777777777777778,0.0625,0.11570247933884298,0.28,0.9910714285714286,0.6962962962962963,0.3037037037037037,405,123,0.1956521739130435,0.9183673469387755,49,230,25,7,sec_dev_0002
no_rel,19521010,dev,0.7,112,41,0.7073170731707317,0.25892857142857145,0.3790849673202615,0.26262626262626265,1.0089285714285714,0.7014547754585705,0.29854522454142945,1581,472,0.3333333333333333,0.7142857142857143,49,105,99,26,sec_dev_0002
no_rel,19521010,dev,0.0,104,10,0.7,0.0673076923076923,0.12280701754385964,0.2,1.0288461538461537,0.6824742268041237,0.31752577319587627,485,154,0.2347417840375587,0.8771929824561403,57,213,35,7,sec_dev_0003
no_rel,19521010,dev,0.7,104,40,0.7,0.2692307692307692,0.3888888888888889,0.20754716981132076,1.0673076923076923,0.7073760580411125,0.2926239419588875,1654,484,0.4157303370786517,0.6491228070175439,57,89,106,22,sec_dev_0003
no_rel,19521010,dev,0.0,117,12,0.5,0.05128205128205128,0.09302325581395347,0.21875,0.9914529914529915,0.6967871485943775,0.3032128514056225,498,151,0.17333333333333334,0.8863636363636364,44,225,32,7,sec_dev_0004
no_rel,19521010,dev,0.7,117,39,0.5128205128205128,0.17094017094017094,0.2564102564102564,0.30612244897959184,1.1196581196581197,0.6901323706377858,0.3098676293622142,1662,515,0.29411764705882354,0.6818181818181818,44,102,98,30,sec_dev_0004
no_rel,19521010,dev,0.0,121,15,0.8666666666666667,0.10743801652892562,0.1911764705882353,0.15789473684210525,0.9586776859504132,0.7587412587412588,0.24125874125874125,572,138,0.16289592760180996,0.9,40,221,38,6,sec_dev_0005
no_rel,19521010,dev,0.7,121,42,0.6904761904761905,0.2396694214876033,0.35582822085889576,0.24489795918367346,1.0165289256198347,0.7261029411764706,0.27389705882352944,1632,447,0.27522935779816515,0.75,40,109,98,24,sec_dev_0005
no_rel,19521010,dev,0.0,106,11,0.8181818181818182,0.08490566037735849,0.15384615384615385,0.10344827586206896,0.9528301886792453,0.7378190255220418,0.26218097447795824,431,113,0.2171945701357466,0.8727272727272727,55,221,29,3,sec_dev_0006
no_rel,19521010,dev,0.7,106,37,0.5945945945945946,0.20754716981132076,0.30769230769230765,0.2289156626506024,1.009433962264151,0.7100213219616205,0.2899786780383795,1407,408,0.2711864406779661,0.5818181818181818,55,118,83,19,sec_dev_0006
no_rel,19521010,dev,0.0,107,9,0.5555555555555556,0.04672897196261682,0.08620689655172413,0.2413793103448276,1.0093457943925233,0.6983758700696056,0.30162412993039445,431,130,0.22972972972972974,0.9444444444444444,54,222,29,7,sec_dev_0007
no_rel,19521010,dev,0.7,107,32,0.59375,0.17757009345794392,0.2733812949640288,0.22448979591836735,1.1214953271028036,0.6944444444444444,0.3055555555555556,1512,462,0.3177570093457944,0.6296296296296297,54,107,98,22,sec_dev_0007
no_rel,19521010,dev,0.0,109,12,0.5833333333333334,0.06422018348623854,0.11570247933884299,0.21212121212121213,1.018348623853211,0.6928702010968921,0.3071297989031079,547,168,0.21226415094339623,0.8653846153846154,52,212,33,7,sec_dev_0008
no_rel,19521010,dev,0.7,109,35,0.5428571428571428,0.1743119266055046,0.2638888888888889,0.23595505617977527,1.1192660550458715,0.7028647568287808,0.2971352431712192,1501,446,0.3333333333333333,0.7115384615384616,52,111,89,21,sec_dev_0008
no_rel,19521010,dev,0.0,110,11,0.8181818181818182,0.08181818181818182,0.1487603305785124,0.10869565217391304,0.9818181818181818,0.760586319218241,0.23941368078175895,614,147,0.18536585365853658,0.7450980392156863,51,205,46,5,sec_dev_0009
no_rel,19521010,dev,0.7,110,41,0.5609756097560976,0.20909090909090908,0.3046357615894039,0.24603174603174602,1.1727272727272726,0.7261146496815287,0.27388535031847133,1884,516,0.4,0.5490196078431373,51,70,126,31,sec_dev_0009
no_rel,19521010,dev,0.0,104,11,0.5454545454545454,0.057692307692307696,0.10434782608695652,0.3333333333333333,0.9807692307692307,0.6791666666666667,0.32083333333333336,480,154,0.24299065420560748,0.9122807017543859,57,214,30,10,sec_dev_0010
no_rel,19521010,dev,0.7,104,36,0.5277777777777778,0.18269230769230768,0.2714285714285714,0.24742268041237114,1.0673076923076923,0.7265469061876247,0.27345309381237526,1503,411,0.3238095238095238,0.5964912280701754,57,105,97,24,sec_dev_0010
no_rel,19521010,dev,0.0,105,17,0.4117647058823529,0.06666666666666667,0.11475409836065574,0.2564102564102564,1.0380952380952382,0.718494271685761,0.281505728314239,611,172,0.24378109452736318,0.875,56,201,39,10,sec_dev_0011
no_rel,19521010,dev,0.7,105,40,0.625,0.23809523809523808,0.3448275862068965,0.22549019607843138,1.0380952380952382,0.7355712603062426,0.26442873969375735,1698,449,0.313953488372093,0.48214285714285715,56,86,102,23,sec_dev_0011
no_rel,19521010,test,0.0,110,20,0.8,0.14545454545454545,0.24615384615384614,0.2,0.9,0.7230769230769231,0.27692307692307694,585,162,0.22966507177033493,0.9411764705882353,51,209,35,7,sec_test_0000
no_rel,19521010,test,0.7,110,42,0.6666666666666666,0.2545454545454545,0.3684210526315789,0.25287356321839083,0.990909090909091,0.7065003282994091,0.29349967170059094,1523,447,0.35454545454545455,0.7647058823529411,51,110,87,22,sec_test_0000
no_rel,19521010,test,0.0,106,15,0.6,0.08490566037735849,0.1487603305785124,0.2222222222222222,0.9905660377358491,0.6887417218543046,0.31125827814569534,604,188,0.2413793103448276,0.8909090909090909,55,203,36,8,sec_test_0001
no_rel,19521010,test,0.7,106,35,0.6285714285714286,0.20754716981132076,0.31205673758865254,0.23255813953488372,1.009433962264151,0.6967654986522911,0.3032345013477089,1484,450,0.35454545454545455,0.7090909090909091,55,110,86,20,sec_test_0001
no_rel,19521010,test,0.0,114,11,0.5454545454545454,0.05263157894736842,0.096,0.2857142857142857,1.0175438596491229,0.6803738317757009,0.31962616822429907,535,171,0.20642201834862386,0.9574468085106383,47,218,35,10,sec_test_0002
no_rel,19521010,test,0.7,114,39,0.48717948717948717,0.16666666666666666,0.24836601307189538,0.36082474226804123,1.2105263157894737,0.6860254083484574,0.3139745916515426,1653,519,0.34,0.723404255319149,47,100,97,35,sec_test_0002
no_rel,19521010,test,0.0,111,14,0.9285714285714286,0.11711711711711711,0.208,0.12195121951219512,0.954954954954955,0.7385398981324278,0.2614601018675722,589,154,0.215311004784689,0.9,50,209,41,5,sec_test_0003
no_rel,19521010,test,0.7,111,46,0.7608695652173914,0.3153153153153153,0.4458598726114649,0.20535714285714285,0.954954954954955,0.7148481439820022,0.28515185601799775,1778,507,0.37349397590361444,0.62,50,83,112,23,sec_test_0003
no_rel,19521010,test,0.0,109,10,0.9,0.08256880733944955,0.15126050420168066,0.23076923076923078,0.9541284403669725,0.6955445544554455,0.30445544554455445,404,123,0.20704845814977973,0.9038461538461539,52,227,26,6,sec_test_0004
no_rel,19521010,test,0.7,109,35,0.6571428571428571,0.21100917431192662,0.3194444444444445,0.19148936170212766,1.036697247706422,0.7223738062755798,0.2776261937244202,1466,407,0.30701754385964913,0.6730769230769231,52,114,94,18,sec_test_0004
no_rel,19521010,test,0.0,107,8,0.5,0.037383177570093455,0.06956521739130435,0.15384615384615385,1.0,0.7457627118644068,0.2542372881355932,354,90,0.20434782608695654,0.8703703703703703,54,230,26,4,sec_test_0005
no_rel,19521010,test,0.7,107,25,0.64,0.14953271028037382,0.2424242424242424,0.2692307692307692,1.0654205607476634,0.6891074130105901,0.31089258698940997,1322,411,0.2734375,0.6481481481481481,54,128,78,21,sec_test_0005
no_rel,19521010,test,0.0,108,11,0.6363636363636364,0.06481481481481481,0.11764705882352942,0.2,1.0092592592592593,0.727433628318584,0.27256637168141595,565,154,0.23444976076555024,0.9245283018867925,53,209,35,7,sec_test_0006
no_rel,19521010,test,0.7,108,32,0.5,0.14814814814814814,0.22857142857142856,0.18867924528301888,1.1574074074074074,0.7337821297429621,0.26621787025703797,1634,435,0.29473684210526313,0.5283018867924528,53,95,106,20,sec_test_0006
no_rel,19521010,test,0.0,112,18,0.6666666666666666,0.10714285714285714,0.18461538461538463,0.25,0.9642857142857143,0.755223880597015,0.24477611940298508,670,164,0.21287128712871287,0.8775510204081632,49,202,40,10,sec_test_0007
no_rel,19521010,test,0.7,112,42,0.47619047619047616,0.17857142857142858,0.2597402597402597,0.2736842105263158,1.0267857142857142,0.7341538461538462,0.26584615384615384,1625,432,0.3069306930693069,0.6326530612244898,49,101,95,26,sec_test_0007
no_rel,19521010,test,0.0,106,19,0.47368421052631576,0.08490566037735849,0.14399999999999996,0.2619047619047619,1.0377358490566038,0.6483516483516483,0.3516483516483517,728,256,0.24736842105263157,0.8545454545454545,55,190,42,11,sec_test_0008
no_rel,19521010,test,0.7,106,37,0.5675675675675675,0.19811320754716982,0.2937062937062937,0.25,1.1037735849056605,0.7034883720930232,0.29651162790697677,1548,459,0.36893203883495146,0.6909090909090909,55,103,92,23,sec_test_0008
no_rel,19521010,test,0.0,108,8,0.75,0.05555555555555555,0.10344827586206895,0.10344827586206896,1.0185185185185186,0.7811634349030471,0.2188365650969529,361,79,0.21739130434782608,0.9433962264150944,53,230,29,3,sec_test_0009
no_rel,19521010,test,0.7,108,35,0.45714285714285713,0.14814814814814814,0.22377622377622378,0.24271844660194175,1.1851851851851851,0.7296786389413988,0.27032136105860116,1587,429,0.31,0.5849056603773585,53,100,103,25,sec_test_0009
no_rel,19521010,test,0.0,110,16,0.5,0.07272727272727272,0.12698412698412698,0.1794871794871795,0.9818181818181818,0.7168576104746318,0.28314238952536824,611,173,0.20388349514563106,0.8235294117647058,51,206,39,7,sec_test_0010
no_rel,19521010,test,0.7,110,46,0.5652173913043478,0.23636363636363636,0.3333333333333333,0.2616822429906542,1.0636363636363637,0.7296690970274817,0.2703309029725182,1783,482,0.34146341463414637,0.5490196078431373,51,82,107,28,sec_test_0010
no_rel,19521010,test,0.0,98,19,0.7368421052631579,0.14285714285714285,0.2393162393162393,0.23809523809523808,0.9285714285714286,0.71580547112462,0.28419452887537994,658,187,0.2962962962962963,0.8888888888888888,63,189,42,10,sec_test_0011
no_rel,19521010,test,0.7,98,45,0.6444444444444445,0.29591836734693877,0.40559440559440557,0.2765957446808511,0.9489795918367347,0.6932773109243697,0.3067226890756303,1666,511,0.42168674698795183,0.5555555555555556,63,83,94,26,sec_test_0011
no_rel,19521010,test,0.0,116,7,0.8571428571428571,0.05172413793103448,0.09756097560975609,0.058823529411764705,0.9482758620689655,0.7233201581027668,0.2766798418972332,253,70,0.168,0.9333333333333333,45,250,17,1,sec_test_0012
no_rel,19521010,test,0.7,116,36,0.6388888888888888,0.19827586206896552,0.3026315789473684,0.21978021978021978,1.0258620689655173,0.7428780131482835,0.25712198685171656,1369,352,0.25190839694656486,0.7333333333333333,45,131,91,20,sec_test_0012
no_src,19521006,dev,0.0,113,33,0.696969696969697,0.20353982300884957,0.31506849315068497,0.2923076923076923,1.0265486725663717,0.7242553191489361,0.27574468085106385,1175,324,0.26,0.8125,48,150,65,19,sec_dev_0000
no_src,19521006,dev,0.7,113,63,0.6666666666666666,0.37168141592920356,0.4772727272727273,0.2682926829268293,1.0884955752212389,0.7290439510647939,0.27095604893520614,2207,598,0.7073170731707317,0.6041666666666666,48,41,123,33,sec_dev_0000
no_src,19521006,dev,0.0,111,26,0.5384615384615384,0.12612612612612611,0.2043795620437956,0.27710843373493976,1.1261261261261262,0.7180254300673149,0.2819745699326851,1337,377,0.26153846153846155,0.68,50,130,83,23,sec_dev_0001
no_src,19521006,dev,0.7,111,53,0.5849056603773585,0.27927927927927926,0.3780487804878049,0.3770491803278688,1.1981981981981982,0.6788511749347259,0.32114882506527415,2298,738,0.8666666666666667,0.52,50,30,122,46,sec_dev_0001
no_src,19521006,dev,0.0,112,27,0.8148148148148148,0.19642857142857142,0.316546762589928,0.22077922077922077,0.9821428571428571,0.722812755519215,0.27718724448078497,1223,339,0.23076923076923078,0.673469387755102,49,143,77,17,sec_dev_0002
no_src,19521006,dev,0.7,112,60,0.7333333333333333,0.39285714285714285,0.5116279069767441,0.3053435114503817,1.0982142857142858,0.6893840104849279,0.3106159895150721,2289,711,0.8387096774193549,0.5306122448979592,49,31,131,40,sec_dev_0002
no_src,19521006,dev,0.0,104,26,0.8076923076923077,0.20192307692307693,0.3230769230769231,0.09859154929577464,0.9519230769230769,0.7938553022794846,0.20614469772051536,1009,208,0.2611464968152866,0.7192982456140351,57,157,71,7,sec_dev_0003
no_src,19521006,dev,0.7,104,62,0.6774193548387096,0.40384615384615385,0.5060240963855421,0.2047244094488189,1.0384615384615385,0.7294598275079437,0.2705401724920563,2203,596,0.84375,0.47368421052631576,57,32,127,26,sec_dev_0003
no_src,19521006,dev,0.0,117,32,0.78125,0.21367521367521367,0.3355704697986577,0.2361111111111111,0.9401709401709402,0.7353923205342237,0.2646076794657763,1198,317,0.25165562913907286,0.8636363636363636,44,151,72,17,sec_dev_0004
no_src,19521006,dev,0.7,117,64,0.734375,0.4017094017094017,0.5193370165745856,0.2558139534883721,0.9743589743589743,0.7130547177940543,0.28694528220594573,2321,666,0.7575757575757576,0.5681818181818182,44,33,129,33,sec_dev_0004
no_src,19521006,dev,0.0,121,35,0.8857142857142857,0.256198347107438,0.39743589743589736,0.16666666666666666,0.8760330578512396,0.7462562396006656,0.25374376039933444,1202,305,0.22727272727272727,0.875,40,154,78,13,sec_dev_0005
no_src,19521006,dev,0.7,121,68,0.75,0.4214876033057851,0.5396825396825398,0.3230769230769231,1.0413223140495869,0.7016666666666667,0.29833333333333334,2400,716,0.896551724137931,0.65,40,29,130,42,sec_dev_0005
no_src,19521006,dev,0.0,106,26,0.6153846153846154,0.1509433962264151,0.24242424242424243,0.1891891891891892,1.0377358490566038,0.7624309392265194,0.23756906077348067,1086,258,0.271523178807947,0.7454545454545455,55,151,74,14,sec_dev_0006
no_src,19521006,dev,0.7,106,63,0.6349206349206349,0.37735849056603776,0.47337278106508884,0.25806451612903225,1.0660377358490567,0.7175883952855848,0.28241160471441523,2206,623,0.7352941176470589,0.45454545454545453,55,34,124,32,sec_dev_0006
no_src,19521006,dev,0.0,107,29,0.6551724137931034,0.17757009345794392,0.27941176470588236,0.2,1.0186915887850467,0.6981481481481482,0.30185185185185187,1080,326,0.28104575163398693,0.7962962962962963,54,153,70,14,sec_dev_0007
no_src,19521006,dev,0.7,107,62,0.6290322580645161,0.3644859813084112,0.4615384615384615,0.2661290322580645,1.0467289719626167,0.6644503546099291,0.3355496453900709,2256,757,0.8666666666666667,0.48148148148148145,54,30,124,33,sec_dev_0007
no_src,19521006,dev,0.0,109,20,0.75,0.13761467889908258,0.23255813953488372,0.23076923076923078,1.0275229357798166,0.7097435897435898,0.29025641025641025,975,283,0.2289156626506024,0.7307692307692307,52,166,65,15,sec_dev_0008
no_src,19521006,dev,0.7,109,49,0.6530612244897959,0.29357798165137616,0.4050632911392405,0.2748091603053435,1.165137614678899,0.7007695789950203,0.29923042100497965,2209,661,0.7222222222222222,0.5,52,36,131,36,sec_dev_0008
no_src,19521006,dev,0.0,110,37,0.6216216216216216,0.20909090909090908,0.31292517006802717,0.27710843373493976,1.0545454545454545,0.7307973664959766,0.2692026335040234,1367,368,0.31746031746031744,0.7843137254901961,51,126,83,23,sec_dev_0009
no_src,19521006,dev,0.7,110,63,0.6349206349206349,0.36363636363636365,0.4624277456647399,0.25757575757575757,1.0909090909090908,0.7389770723104057,0.26102292768959434,2268,592,0.8387096774193549,0.5098039215686274,51,31,132,34,sec_dev_0009
no_src,19521006,dev,0.0,104,36,0.7777777777777778,0.2692307692307692,0.39999999999999997,0.16216216216216217,0.8846153846153846,0.7709030100334449,0.22909698996655517,1196,274,0.3115942028985507,0.7543859649122807,57,138,74,12,sec_dev_0010
no_src,19521006,dev,0.7,104,66,0.7272727272727273,0.46153846153846156,0.5647058823529413,0.25196850393700787,0.9519230769230769,0.7281683833407971,0.27183161665920286,2233,607,0.896551724137931,0.45614035087719296,57,29,127,32,sec_dev_0010
no_src,19521006,dev,0.0,105,34,0.7058823529411765,0.22857142857142856,0.34532374100719426,0.21052631578947367,0.9238095238095239,0.7491830065359477,0.2508169934640523,1224,307,0.29411764705882354,0.7142857142857143,56,136,76,16,sec_dev_0011
no_src,19521006,dev,0.7,105,67,0.6716417910447762,0.42857142857142855,0.5232558139534883,0.2713178294573643,0.9904761904761905,0.7189829022358615,0.2810170977641385,2281,641,0.96,0.42857142857142855,56,25,129,35,sec_dev_0011
no_src,19521006,test,0.0,110,21,0.6190476190476191,0.11818181818181818,0.1984732824427481,0.21666666666666667,1.0363636363636364,0.7755555555555556,0.22444444444444445,900,202,0.21142857142857144,0.7254901960784313,51,175,60,13,sec_test_0000
no_src,19521006,test,0.7,110,62,0.6612903225806451,0.37272727272727274,0.4767441860465117,0.28346456692913385,1.0636363636363637,0.7388160867600542,0.2611839132399458,2213,578,0.6756756756756757,0.49019607843137253,51,37,127,36,sec_test_0000
no_src,19521006,test,0.0,106,33,0.696969696969697,0.2169811320754717,0.33093525179856115,0.12,0.9056603773584906,0.7668122270742358,0.2331877729257642,1145,267,0.27586206896551724,0.7272727272727273,55,145,75,9,sec_test_0001
no_src,19521006,test,0.7,106,69,0.7391304347826086,0.4811320754716981,0.5828571428571429,0.1968503937007874,0.8490566037735849,0.7344379758172861,0.26556202418271385,2233,593,0.8709677419354839,0.4909090909090909,55,31,127,25,sec_test_0001
no_src,19521006,test,0.0,114,33,0.7878787878787878,0.22807017543859648,0.3537414965986394,0.25,0.9035087719298246,0.7407108239095315,0.2592891760904685,1238,321,0.22916666666666666,0.7021276595744681,47,144,72,18,sec_test_0002
no_src,19521006,test,0.7,114,68,0.7794117647058824,0.4649122807017544,0.5824175824175823,0.25384615384615383,0.8947368421052632,0.7380530973451327,0.26194690265486725,2260,592,0.7222222222222222,0.5531914893617021,47,36,130,33,sec_test_0002
no_src,19521006,test,0.0,111,29,0.5517241379310345,0.14414414414414414,0.22857142857142856,0.2413793103448276,1.018018018018018,0.7243346007604563,0.27566539923954375,1052,290,0.2236024844720497,0.72,50,161,58,14,sec_test_0003
no_src,19521006,test,0.7,111,62,0.5806451612903226,0.32432432432432434,0.4161849710982659,0.2903225806451613,1.072072072072072,0.6923419412288513,0.3076580587711487,2246,691,0.7142857142857143,0.5,50,35,124,36,sec_test_0003
no_src,19521006,test,0.0,109,29,0.7931034482758621,0.21100917431192662,0.33333333333333337,0.234375,0.9174311926605505,0.7274401473296501,0.27255985267034993,1086,296,0.23870967741935484,0.7115384615384616,52,155,64,15,sec_test_0004
no_src,19521006,test,0.7,109,65,0.7538461538461538,0.44954128440366975,0.5632183908045978,0.24793388429752067,0.8899082568807339,0.7259190321079572,0.27408096789204284,2149,589,0.627906976744186,0.5192307692307693,52,43,121,30,sec_test_0004
no_src,19521006,test,0.0,107,23,0.6956521739130435,0.14953271028037382,0.2461538461538461,0.11940298507462686,0.9906542056074766,0.7544596012591815,0.24554039874081846,953,234,0.2710843373493976,0.8333333333333334,54,166,67,8,sec_test_0005
no_src,19521006,test,0.7,107,65,0.6615384615384615,0.40186915887850466,0.5,0.2222222222222222,1.0093457943925233,0.7321589882565492,0.26784101174345076,2214,593,0.7647058823529411,0.48148148148148145,54,34,126,28,sec_test_0005
no_src,19521006,test,0.0,108,16,0.6875,0.10185185185185185,0.17741935483870966,0.22413793103448276,1.0648148148148149,0.7197309417040358,0.2802690582959641,892,250,0.22988505747126436,0.7547169811320755,53,174,58,13,sec_test_0006
no_src,19521006,test,0.7,108,59,0.7966101694915254,0.4351851851851852,0.562874251497006,0.2619047619047619,0.9629629629629629,0.7251566696508505,0.2748433303491495,2234,614,0.7878787878787878,0.49056603773584906,53,33,126,33,sec_test_0006
no_src,19521006,test,0.0,112,36,0.7777777777777778,0.25,0.3783783783783784,0.1625,0.9107142857142857,0.7642857142857142,0.2357142857142857,1260,297,0.2589928057553957,0.7346938775510204,49,139,80,13,sec_test_0007
no_src,19521006,test,0.7,112,69,0.6811594202898551,0.41964285714285715,0.5193370165745856,0.29838709677419356,1.0,0.7215958369470945,0.27840416305290544,2306,642,0.8333333333333334,0.5102040816326531,49,30,124,37,sec_test_0007
no_src,19521006,test,0.0,106,32,0.75,0.22641509433962265,0.3478260869565218,0.13978494623655913,0.9622641509433962,0.7407407407407407,0.25925925925925924,1377,357,0.2916666666666667,0.6363636363636364,55,120,93,13,sec_test_0008
no_src,19521006,test,0.7,106,59,0.7288135593220338,0.4056603773584906,0.5212121212121211,0.232,1.0188679245283019,0.711358574610245,0.288641425389755,2245,648,0.9,0.4909090909090909,55,30,125,29,sec_test_0008
no_src,19521006,test,0.0,108,28,0.6785714285714286,0.17592592592592593,0.27941176470588236,0.2,0.9907407407407407,0.7477064220183487,0.25229357798165136,1090,275,0.26143790849673204,0.7547169811320755,53,153,70,14,sec_test_0009
no_src,19521006,test,0.7,108,53,0.6037735849056604,0.2962962962962963,0.39751552795031053,0.2777777777777778,1.1481481481481481,0.7218693284936479,0.27813067150635207,2204,613,0.75,0.5094339622641509,53,36,126,35,sec_test_0009
no_src,19521006,test,0.0,110,18,0.7222222222222222,0.11818181818181818,0.203125,0.18032786885245902,1.0545454545454545,0.7448869752421959,0.25511302475780406,929,237,0.20930232558139536,0.7058823529411765,51,172,61,11,sec_test_0010
no_src,19521006,test,0.7,110,56,0.6964285714285714,0.35454545454545455,0.4698795180722892,0.2558139534883721,1.0909090909090908,0.7329986307622091,0.26700136923779094,2191,585,0.6666666666666666,0.5098039215686274,51,39,129,33,sec_test_0010
no_src,19521006,test,0.0,98,27,0.6666666666666666,0.1836734693877551,0.28800000000000003,0.21951219512195122,1.030612244897959,0.7424483306836248,0.2575516693163752,1258,324,0.304,0.6031746031746031,63,125,82,18,sec_test_0011
no_src,19521006,test,0.7,98,54,0.6666666666666666,0.3673469387755102,0.47368421052631576,0.27350427350427353,1.0714285714285714,0.6976744186046512,0.3023255813953488,2193,663,0.9285714285714286,0.4126984126984127,63,28,117,32,sec_test_0011
no_src,19521006,test,0.0,116,30,0.7666666666666667,0.19827586206896552,0.31506849315068497,0.2,0.9913793103448276,0.7429824561403509,0.25701754385964914,1140,293,0.23076923076923078,0.8,45,156,70,14,sec_test_0012
no_src,19521006,test,0.7,116,60,0.7833333333333333,0.4051724137931034,0.534090909090909,0.28,0.9827586206896551,0.7206971677559912,0.2793028322440087,2295,641,0.7142857142857143,0.5555555555555556,45,35,125,35,sec_test_0012
no_src,19521007,dev,0.0,113,10,0.7,0.061946902654867256,0.11382113821138212,0.2962962962962963,0.9823008849557522,0.7530266343825666,0.2469733656174334,413,102,0.1956521739130435,0.9375,48,230,27,8,sec_dev_0000
no_src,19521007,dev,0.7,113,48,0.625,0.26548672566371684,0.3726708074534162,0.308411214953271,1.0707964601769913,0.7009679062659195,0.29903209373408046,1963,587,0.44776119402985076,0.625,48,67,107,33,sec_dev_0000
no_src,19521007,dev,0.0,111,7,0.5714285714285714,0.036036036036036036,0.06779661016949153,0.25,0.990990990990991,0.6865284974093264,0.3134715025906736,386,121,0.19047619047619047,0.88,50,231,24,6,sec_dev_0001
no_src,19521007,dev,0.7,111,45,0.6666666666666666,0.2702702702702703,0.3846153846153846,0.26804123711340205,0.9819819819819819,0.6631344116006692,0.33686558839933073,1793,604,0.3855421686746988,0.64,50,83,97,26,sec_dev_0001
no_src,19521007,dev,0.0,112,2,0.5,0.008928571428571428,0.017543859649122806,0.06666666666666667,1.0178571428571428,0.8363636363636364,0.16363636363636364,165,27,0.17647058823529413,0.9183673469387755,49,255,15,1,sec_dev_0002
no_src,19521007,dev,0.7,112,37,0.5405405405405406,0.17857142857142858,0.2684563758389262,0.29213483146067415,1.0446428571428572,0.6693494299128102,0.3306505700871898,1491,493,0.2782608695652174,0.6530612244897959,49,115,89,26,sec_dev_0002
no_src,19521007,dev,0.0,104,6,1.0,0.057692307692307696,0.1090909090909091,0.0,0.9615384615384616,0.7972972972972973,0.20270270270270271,222,45,0.23236514522821577,0.9824561403508771,57,241,18,0,sec_dev_0003
no_src,19521007,dev,0.7,104,37,0.6216216216216216,0.22115384615384615,0.3262411347517731,0.15053763440860216,1.0384615384615385,0.7329992841803865,0.26700071581961343,1397,373,0.31896551724137934,0.6491228070175439,57,116,93,14,sec_dev_0003
no_src,19521007,dev,0.0,117,2,1.0,0.017094017094017096,0.033613445378151266,0.16666666666666666,0.9914529914529915,0.8378378378378378,0.16216216216216217,148,24,0.16412213740458015,0.9772727272727273,44,262,12,2,sec_dev_0004
no_src,19521007,dev,0.7,117,41,0.6341463414634146,0.2222222222222222,0.3291139240506329,0.23076923076923078,1.0085470085470085,0.6969872537659327,0.3030127462340672,1726,523,0.3157894736842105,0.6818181818181818,44,95,104,24,sec_dev_0004
no_src,19521007,dev,0.0,121,6,0.3333333333333333,0.01652892561983471,0.031496062992125984,0.20689655172413793,1.0082644628099173,0.7789757412398922,0.2210242587601078,371,82,0.14049586776859505,0.85,40,242,29,6,sec_dev_0005
no_src,19521007,dev,0.7,121,48,0.6875,0.2727272727272727,0.3905325443786982,0.2222222222222222,1.024793388429752,0.686059275521405,0.31394072447859495,1822,572,0.3258426966292135,0.725,40,89,108,24,sec_dev_0005
no_src,19521007,dev,0.0,106,2,1.0,0.018867924528301886,0.037037037037037035,0.07142857142857142,0.9811320754716981,0.7628205128205128,0.23717948717948717,156,37,0.212,0.9636363636363636,55,250,14,1,sec_dev_0006
no_src,19521007,dev,0.7,106,42,0.7857142857142857,0.3113207547169811,0.44594594594594594,0.21,0.9339622641509434,0.7049382716049383,0.29506172839506173,1620,478,0.3368421052631579,0.5818181818181818,55,95,100,21,sec_dev_0006
no_src,19521007,dev,0.0,107,13,0.8461538461538461,0.102803738317757,0.18333333333333332,0.16216216216216217,0.9345794392523364,0.6642984014209592,0.33570159857904086,563,189,0.2403846153846154,0.9259259259259259,54,208,37,6,sec_dev_0007
no_src,19521007,dev,0.7,107,48,0.6875,0.308411214953271,0.42580645161290326,0.25,1.074766355140187,0.6672008547008548,0.3327991452991453,1872,623,0.4714285714285714,0.6111111111111112,54,70,108,27,sec_dev_0007
no_src,19521007,dev,0.0,109,4,0.5,0.01834862385321101,0.035398230088495575,0.1,0.9908256880733946,0.7428571428571429,0.2571428571428571,140,36,0.19607843137254902,0.9615384615384616,52,255,10,1,sec_dev_0008
no_src,19521007,dev,0.7,109,32,0.5,0.14678899082568808,0.2269503546099291,0.29213483146067415,1.1192660550458715,0.6664544875875238,0.33354551241247615,1571,524,0.2980769230769231,0.5961538461538461,52,104,89,26,sec_dev_0008
no_src,19521007,dev,0.0,110,12,0.75,0.08181818181818182,0.14754098360655737,0.12244897959183673,0.9727272727272728,0.7269890795631826,0.27301092043681746,641,175,0.22772277227722773,0.9019607843137255,51,202,49,6,sec_dev_0009
no_src,19521007,dev,0.7,110,53,0.6226415094339622,0.3,0.4049079754601227,0.26495726495726496,1.0363636363636364,0.7112641416625676,0.28873585833743237,2033,587,0.4642857142857143,0.5098039215686274,51,56,117,31,sec_dev_0009
no_src,19521007,dev,0.0,104,9,0.6666666666666666,0.057692307692307696,0.10619469026548674,0.12903225806451613,0.9615384615384616,0.7139364303178484,0.2860635696821516,409,117,0.23529411764705882,0.9122807017543859,57,221,31,4,sec_dev_0010
no_src,19521007,dev,0.7,104,47,0.6382978723404256,0.28846153846153844,0.3973509933774835,0.24074074074074073,1.0480769230769231,0.6826923076923077,0.3173076923076923,1872,594,0.44776119402985076,0.5263157894736842,57,67,108,26,sec_dev_0010
no_src,19521007,dev,0.0,105,11,0.8181818181818182,0.08571428571428572,0.15517241379310345,0.16666666666666666,0.9428571428571428,0.8314606741573034,0.16853932584269662,356,60,0.2412280701754386,0.9821428571428571,56,228,24,4,sec_dev_0011
no_src,19521007,dev,0.7,105,39,0.6666666666666666,0.24761904761904763,0.3611111111111111,0.20192307692307693,1.0,0.7314356435643564,0.2685643564356436,1616,434,0.32978723404255317,0.5535714285714286,56,94,104,21,sec_dev_0011
no_src,19521007,test,0.0,110,4,0.5,0.01818181818181818,0.03508771929824561,0.17647058823529413,1.0,0.8450704225352113,0.15492957746478872,213,33,0.20161290322580644,0.9803921568627451,51,248,17,3,sec_test_0000
no_src,19521007,test,0.7,110,39,0.5897435897435898,0.20909090909090908,0.3087248322147651,0.26,1.0727272727272728,0.7672955974842768,0.23270440251572327,1590,370,0.3235294117647059,0.6470588235294118,51,102,100,26,sec_test_0000
no_src,19521007,test,0.0,106,13,0.8461538461538461,0.10377358490566038,0.18487394957983197,0.09090909090909091,0.9339622641509434,0.6923076923076923,0.3076923076923077,507,156,0.2300469483568075,0.8909090909090909,55,213,33,3,sec_test_0001
no_src,19521007,test,0.7,106,51,0.7843137254901961,0.37735849056603776,0.5095541401273885,0.20909090909090908,0.8867924528301887,0.6963541666666666,0.30364583333333334,1920,583,0.484375,0.5636363636363636,55,64,110,23,sec_test_0001
no_src,19521007,test,0.0,114,6,0.3333333333333333,0.017543859649122806,0.03333333333333333,0.17647058823529413,1.0087719298245614,0.7346491228070176,0.26535087719298245,456,121,0.18141592920353983,0.8723404255319149,47,226,34,6,sec_test_0002
no_src,19521007,test,0.7,114,47,0.6382978723404256,0.2631578947368421,0.3726708074534162,0.2962962962962963,1.087719298245614,0.6809623430962344,0.3190376569037657,1912,610,0.4246575342465753,0.6595744680851063,47,73,108,32,sec_test_0002
no_src,19521007,test,0.0,111,15,0.6666666666666666,0.09009009009009009,0.15873015873015872,0.18421052631578946,0.972972972972973,0.730072463768116,0.26992753623188404,552,149,0.2112676056338028,0.9,50,213,38,7,sec_test_0003
no_src,19521007,test,0.7,111,54,0.6111111111111112,0.2972972972972973,0.39999999999999997,0.3302752293577982,1.063063063063063,0.6893679568838804,0.3106320431161195,2041,634,0.5087719298245614,0.58,50,57,109,36,sec_test_0003
no_src,19521007,test,0.0,109,7,0.7142857142857143,0.045871559633027525,0.08620689655172413,0.14285714285714285,0.9724770642201835,0.7090301003344481,0.2909698996655518,299,87,0.18487394957983194,0.8461538461538461,52,238,21,3,sec_test_0004
no_src,19521007,test,0.7,109,40,0.75,0.27522935779816515,0.40268456375838924,0.22,0.9908256880733946,0.6975308641975309,0.30246913580246915,1620,490,0.29591836734693877,0.5576923076923077,52,98,100,22,sec_test_0004
no_src,19521007,test,0.0,107,9,0.7777777777777778,0.06542056074766354,0.12068965517241378,0.16666666666666666,0.9626168224299065,0.7021276595744681,0.2978723404255319,376,112,0.2149122807017544,0.9074074074074074,54,228,24,4,sec_test_0005
no_src,19521007,test,0.7,107,40,0.6,0.22429906542056074,0.326530612244898,0.26881720430107525,1.0560747663551402,0.6957062850031114,0.3042937149968886,1607,489,0.3469387755102041,0.6296296296296297,54,98,93,25,sec_test_0005
no_src,19521007,test,0.0,108,0,0.0,0.0,0.0,0.0,1.0,0.9777777777777777,0.022222222222222223,45,1,0.20075757575757575,1.0,53,264,5,0,sec_test_0006
no_src,19521007,test,0.7,108,19,0.6842105263157895,0.12037037037037036,0.2047244094488189,0.1891891891891892,1.0277777777777777,0.754302103250478,0.245697896749522,1046,257,0.2356687898089172,0.6981132075471698,53,157,74,14,sec_test_0006
no_src,19521007,test,0.0,112,14,0.7857142857142857,0.09821428571428571,0.1746031746031746,0.17142857142857143,0.9285714285714286,0.7394495412844037,0.26055045871559634,545,142,0.19534883720930232,0.8571428571428571,49,215,35,6,sec_test_0007
no_src,19521007,test,0.7,112,42,0.7142857142857143,0.26785714285714285,0.3896103896103896,0.24528301886792453,1.0625,0.6990445859872612,0.30095541401273884,1884,567,0.3783783783783784,0.5714285714285714,49,74,106,26,sec_test_0007
no_src,19521007,test,0.0,106,16,0.8125,0.12264150943396226,0.21311475409836067,0.10256410256410256,0.9433962264150944,0.6738768718801997,0.3261231281198003,601,196,0.2413793103448276,0.8909090909090909,55,203,39,4,sec_test_0008
no_src,19521007,test,0.7,106,50,0.66,0.3113207547169811,0.4230769230769231,0.21818181818181817,1.0188679245283019,0.6931937172774869,0.3068062827225131,1910,586,0.46153846153846156,0.5454545454545454,55,65,110,24,sec_test_0008
no_src,19521007,test,0.0,108,2,1.0,0.018518518518518517,0.03636363636363636,0.08695652173913043,1.0,0.8097165991902834,0.1902834008097166,247,47,0.2066115702479339,0.9433962264150944,53,242,23,2,sec_test_0009
no_src,19521007,test,0.7,108,43,0.5116279069767442,0.2037037037037037,0.2913907284768212,0.30392156862745096,1.1203703703703705,0.6946308724832215,0.3053691275167785,1788,546,0.375,0.5660377358490566,53,80,102,31,sec_test_0009
no_src,19521007,test,0.0,110,1,1.0,0.00909090909090909,0.018018018018018018,0.0,1.0,0.921875,0.078125,64,5,0.19318181818181818,1.0,51,264,6,0,sec_test_0010
no_src,19521007,test,0.7,110,31,0.6129032258064516,0.17272727272727273,0.2695035460992908,0.19791666666666666,1.0454545454545454,0.711376404494382,0.288623595505618,1424,411,0.24369747899159663,0.5686274509803921,51,119,96,19,sec_test_0010
no_src,19521007,test,0.0,98,10,0.9,0.09183673469387756,0.16666666666666669,0.1724137931034483,0.9489795918367347,0.7396593673965937,0.26034063260340634,411,107,0.26976744186046514,0.9206349206349206,63,215,29,5,sec_test_0011
no_src,19521007,test,0.7,98,41,0.6097560975609756,0.25510204081632654,0.3597122302158273,0.2980769230769231,1.1428571428571428,0.6730123180291153,0.3269876819708847,1786,584,0.4714285714285714,0.5238095238095238,63,70,104,31,sec_test_0011
no_src,19521007,test,0.0,116,13,0.8461538461538461,0.09482758620689655,0.17054263565891473,0.03571428571428571,0.9310344827586207,0.7487562189054726,0.2512437810945274,402,101,0.17094017094017094,0.8888888888888888,45,234,28,1,sec_test_0012
no_src,19521007,test,0.7,116,50,0.76,0.3275862068965517,0.45783132530120474,0.2807017543859649,0.9913793103448276,0.7149298597194389,0.2850701402805611,1996,569,0.4090909090909091,0.6,45,66,114,32,sec_test_0012
no_src,19521008,dev,0.0,113,27,0.5925925925925926,0.1415929203539823,0.2285714285714286,0.28421052631578947,1.1504424778761062,0.720265780730897,0.27973421926910297,1505,421,0.3333333333333333,0.7916666666666666,48,114,95,27,sec_dev_0000
no_src,19521008,dev,0.7,113,51,0.5490196078431373,0.24778761061946902,0.34146341463414637,0.3333333333333333,1.3185840707964602,0.7031650983746792,0.2968349016253208,2338,694,0.9259259259259259,0.5208333333333334,48,27,132,44,sec_dev_0000
no_src,19521008,dev,0.0,111,34,0.6470588235294118,0.1981981981981982,0.303448275862069,0.1717171717171717,1.045045045045045,0.7511581733951026,0.24884182660489743,1511,376,0.3153153153153153,0.7,50,111,99,17,sec_dev_0001
no_src,19521008,dev,0.7,111,60,0.6166666666666667,0.3333333333333333,0.4327485380116959,0.25,1.1441441441441442,0.6940818102697999,0.3059181897302002,2298,703,0.8620689655172413,0.5,50,29,132,33,sec_dev_0001
no_src,19521008,dev,0.0,112,35,0.7428571428571429,0.23214285714285715,0.35374149659863946,0.19230769230769232,0.9107142857142857,0.7228434504792332,0.2771565495207668,1252,347,0.2571428571428571,0.7346938775510204,49,140,78,15,sec_dev_0002
no_src,19521008,dev,0.7,112,71,0.6901408450704225,0.4375,0.5355191256830601,0.2661290322580645,0.9107142857142857,0.6947549441100602,0.30524505588993983,2326,710,0.8928571428571429,0.5102040816326531,49,28,124,33,sec_dev_0002
no_src,19521008,dev,0.0,104,33,0.48484848484848486,0.15384615384615385,0.23357664233576642,0.20270270270270271,1.0384615384615385,0.7108843537414966,0.2891156462585034,1176,340,0.29285714285714287,0.7192982456140351,57,140,74,15,sec_dev_0003
no_src,19521008,dev,0.7,104,60,0.4666666666666667,0.2692307692307692,0.3414634146341463,0.25196850393700787,1.2019230769230769,0.7139629462268413,0.28603705377315863,2213,633,0.8387096774193549,0.45614035087719296,57,31,127,32,sec_dev_0003
no_src,19521008,dev,0.0,117,45,0.5777777777777777,0.2222222222222222,0.32098765432098764,0.27522935779816515,1.1538461538461537,0.7103918228279387,0.28960817717206133,1761,510,0.2967032967032967,0.6136363636363636,44,91,109,30,sec_dev_0004
no_src,19521008,dev,0.7,117,63,0.5873015873015873,0.3162393162393162,0.4111111111111111,0.3435114503816794,1.2393162393162394,0.6827844935389746,0.3172155064610254,2399,761,1.0,0.5681818181818182,44,25,131,45,sec_dev_0004
no_src,19521008,dev,0.0,121,38,0.8421052631578947,0.2644628099173554,0.4025157232704403,0.1588785046728972,0.9586776859504132,0.7200243457090687,0.27997565429093124,1643,460,0.27102803738317754,0.725,40,107,107,17,sec_dev_0005
no_src,19521008,dev,0.7,121,67,0.6716417910447762,0.371900826446281,0.4787234042553192,0.27007299270072993,1.0909090909090908,0.6995441359303771,0.3004558640696229,2413,725,0.9259259259259259,0.625,40,27,137,37,sec_dev_0005
no_src,19521008,dev,0.0,106,27,0.7037037037037037,0.1792452830188679,0.2857142857142857,0.1797752808988764,1.0377358490566038,0.7435090479937058,0.25649095200629424,1271,326,0.31297709923664124,0.7454545454545455,55,131,89,16,sec_dev_0006
no_src,19521008,dev,0.7,106,59,0.4915254237288136,0.27358490566037735,0.35151515151515145,0.3228346456692913,1.2924528301886793,0.6910387873383861,0.3089612126616139,2243,693,0.8,0.43636363636363634,55,30,127,41,sec_dev_0006
no_src,19521008,dev,0.0,107,35,0.6571428571428571,0.21495327102803738,0.323943661971831,0.25,0.9719626168224299,0.7043010752688172,0.2956989247311828,1488,440,0.32727272727272727,0.6666666666666666,54,110,92,23,sec_dev_0007
no_src,19521008,dev,0.7,107,66,0.6666666666666666,0.411214953271028,0.5086705202312138,0.29838709677419356,1.02803738317757,0.6986123156981787,0.30138768430182133,2306,695,1.0,0.46296296296296297,54,25,124,37,sec_dev_0007
no_src,19521008,dev,0.0,109,42,0.5238095238095238,0.2018348623853211,0.2913907284768212,0.23232323232323232,1.0642201834862386,0.740787008119925,0.25921299188007496,1601,415,0.31,0.5961538461538461,52,100,99,23,sec_dev_0008
no_src,19521008,dev,0.7,109,61,0.5737704918032787,0.3211009174311927,0.4117647058823529,0.2890625,1.165137614678899,0.7098175499565595,0.2901824500434405,2302,668,0.8888888888888888,0.46153846153846156,52,27,128,37,sec_dev_0008
no_src,19521008,dev,0.0,110,29,0.6551724137931034,0.17272727272727273,0.2733812949640288,0.24705882352941178,1.1090909090909091,0.7604395604395604,0.23956043956043957,1365,327,0.30158730158730157,0.7450980392156863,51,126,85,21,sec_dev_0009
no_src,19521008,dev,0.7,110,57,0.7017543859649122,0.36363636363636365,0.4790419161676646,0.2677165354330709,1.0818181818181818,0.7130968024529128,0.28690319754708715,2283,655,0.8,0.47058823529411764,51,30,127,34,sec_dev_0009
no_src,19521008,dev,0.0,104,35,0.6,0.20192307692307693,0.302158273381295,0.16494845360824742,1.0192307692307692,0.725385130609511,0.27461486939048896,1493,410,0.36792452830188677,0.6842105263157895,57,106,97,16,sec_dev_0010
no_src,19521008,dev,0.7,104,64,0.578125,0.3557692307692308,0.44047619047619047,0.232,1.0576923076923077,0.6931567328918322,0.3068432671081678,2265,695,1.0,0.45614035087719296,57,26,125,29,sec_dev_0010
no_src,19521008,dev,0.0,105,33,0.45454545454545453,0.14285714285714285,0.21739130434782608,0.20454545454545456,1.1238095238095238,0.785377358490566,0.21462264150943397,1272,273,0.25384615384615383,0.5892857142857143,56,130,88,18,sec_dev_0011
no_src,19521008,dev,0.7,105,62,0.5161290322580645,0.3047619047619048,0.3832335329341317,0.2803030303030303,1.2095238095238094,0.7342908438061042,0.26570915619389585,2228,592,0.8,0.42857142857142855,56,30,132,37,sec_dev_0011
no_src,19521008,test,0.0,110,40,0.5,0.18181818181818182,0.26666666666666666,0.16666666666666666,1.0909090909090908,0.7540871934604905,0.24591280653950953,1468,361,0.2807017543859649,0.6274509803921569,51,114,102,17,sec_test_0000
no_src,19521008,test,0.7,110,67,0.5074626865671642,0.3090909090909091,0.384180790960452,0.25757575757575757,1.2636363636363637,0.7110051993067591,0.2889948006932409,2308,667,0.9259259259259259,0.49019607843137253,51,27,132,34,sec_test_0000
no_src,19521008,test,0.0,106,33,0.696969696969697,0.2169811320754717,0.33093525179856115,0.13131313131313133,1.0377358490566038,0.7491141034727145,0.2508858965272856,1411,354,0.31896551724137934,0.6727272727272727,55,116,99,13,sec_test_0001
no_src,19521008,test,0.7,106,63,0.6349206349206349,0.37735849056603776,0.47337278106508884,0.23846153846153847,1.1132075471698113,0.7154185022026431,0.2845814977973568,2270,646,1.0,0.4909090909090909,55,27,130,31,sec_test_0001
no_src,19521008,test,0.0,114,25,0.76,0.16666666666666666,0.27338129496402874,0.15217391304347827,1.0087719298245614,0.7715179968701096,0.22848200312989045,1278,292,0.2608695652173913,0.7659574468085106,47,138,92,14,sec_test_0002
no_src,19521008,test,0.7,114,61,0.6721311475409836,0.35964912280701755,0.4685714285714285,0.3153846153846154,1.1140350877192982,0.7145299145299145,0.28547008547008546,2340,668,0.9285714285714286,0.5531914893617021,47,28,130,41,sec_test_0002
no_src,19521008,test,0.0,111,27,0.6666666666666666,0.16216216216216217,0.26086956521739135,0.21518987341772153,1.072072072072072,0.7018837018837019,0.29811629811629814,1221,364,0.2605633802816901,0.74,50,142,79,17,sec_test_0003
no_src,19521008,test,0.7,111,55,0.6727272727272727,0.3333333333333333,0.4457831325301205,0.26515151515151514,1.1981981981981982,0.6971153846153846,0.30288461538461536,2288,693,0.8666666666666667,0.52,50,30,132,35,sec_test_0003
no_src,19521008,test,0.0,109,25,0.88,0.2018348623853211,0.3283582089552239,0.208955223880597,0.9357798165137615,0.7359187442289936,0.26408125577100644,1083,286,0.24516129032258063,0.7307692307692307,52,155,67,14,sec_test_0004
no_src,19521008,test,0.7,109,60,0.7666666666666667,0.42201834862385323,0.5443786982248521,0.24031007751937986,1.0091743119266054,0.7219013771657041,0.27809862283429587,2251,626,0.78125,0.4807692307692308,52,32,129,31,sec_test_0004
no_src,19521008,test,0.0,107,39,0.7435897435897436,0.27102803738317754,0.3972602739726027,0.2247191011235955,0.9345794392523364,0.7535449020931803,0.24645509790681971,1481,365,0.32432432432432434,0.6666666666666666,54,111,89,20,sec_test_0005
no_src,19521008,test,0.7,107,59,0.6779661016949152,0.37383177570093457,0.48192771084337344,0.24615384615384617,1.0467289719626167,0.7429864253393665,0.25701357466063346,2210,568,0.7352941176470589,0.46296296296296297,54,34,130,32,sec_test_0005
no_src,19521008,test,0.0,108,31,0.6774193548387096,0.19444444444444445,0.302158273381295,0.19047619047619047,1.0185185185185186,0.7531347962382445,0.2468652037617555,1276,315,0.2932330827067669,0.7358490566037735,53,133,84,16,sec_test_0006
no_src,19521008,test,0.7,108,63,0.5714285714285714,0.3333333333333333,0.4210526315789474,0.26119402985074625,1.2037037037037037,0.7274715660542432,0.27252843394575677,2286,623,0.9259259259259259,0.4716981132075472,53,27,134,35,sec_test_0006
no_src,19521008,test,0.0,112,31,0.6774193548387096,0.1875,0.2937062937062937,0.16470588235294117,1.0,0.7317647058823529,0.26823529411764707,1275,342,0.27007299270072993,0.7551020408163265,49,137,85,14,sec_test_0007
no_src,19521008,test,0.7,112,57,0.6842105263157895,0.3482142857142857,0.4615384615384615,0.296875,1.1160714285714286,0.7042440318302388,0.2957559681697613,2262,669,0.7352941176470589,0.5102040816326531,49,34,128,38,sec_test_0007
no_src,19521008,test,0.0,106,44,0.75,0.3113207547169811,0.43999999999999995,0.16666666666666666,0.9056603773584906,0.7634543178973717,0.23654568210262827,1598,378,0.35051546391752575,0.6181818181818182,55,97,102,17,sec_test_0008
no_src,19521008,test,0.7,106,64,0.578125,0.3490566037735849,0.4352941176470588,0.25396825396825395,1.1226415094339623,0.7157564905998209,0.28424350940017906,2234,635,0.8064516129032258,0.45454545454545453,55,31,126,32,sec_test_0008
no_src,19521008,test,0.0,108,29,0.6206896551724138,0.16666666666666666,0.26277372262773724,0.29333333333333333,1.0648148148148149,0.7649805447470817,0.23501945525291829,1285,302,0.2857142857142857,0.7169811320754716,53,133,75,22,sec_test_0009
no_src,19521008,test,0.7,108,57,0.47368421052631576,0.25,0.32727272727272727,0.4065040650406504,1.2685185185185186,0.7215634606938954,0.2784365393061045,2277,634,0.8620689655172413,0.4716981132075472,53,29,123,50,sec_test_0009
no_src,19521008,test,0.0,110,25,0.68,0.15454545454545454,0.2518518518518518,0.11392405063291139,0.9636363636363636,0.7963496637848223,0.20365033621517772,1041,212,0.2389937106918239,0.7450980392156863,51,159,79,9,sec_test_0010
no_src,19521008,test,0.7,110,64,0.671875,0.39090909090909093,0.4942528735632184,0.2692307692307692,1.0727272727272728,0.728193832599119,0.27180616740088104,2270,617,0.8064516129032258,0.49019607843137253,51,31,130,35,sec_test_0010
no_src,19521008,test,0.0,98,37,0.6216216216216216,0.23469387755102042,0.34074074074074073,0.16842105263157894,0.9795918367346939,0.7626297577854672,0.23737024221453287,1445,343,0.3523809523809524,0.5873015873015873,63,105,95,16,sec_test_0011
no_src,19521008,test,0.7,98,57,0.6842105263157895,0.3979591836734694,0.5032258064516129,0.2711864406779661,1.0204081632653061,0.6871609403254972,0.3128390596745027,2212,692,1.0,0.4126984126984127,63,26,118,32,sec_test_0011
no_src,19521008,test,0.0,116,36,0.75,0.23275862068965517,0.35526315789473684,0.2692307692307692,0.9827586206896551,0.7252186588921283,0.2747813411078717,1372,377,0.25757575757575757,0.7555555555555555,45,132,78,21,sec_test_0012
no_src,19521008,test,0.7,116,62,0.6612903225806451,0.35344827586206895,0.4606741573033708,0.3225806451612903,1.0862068965517242,0.7243031358885017,0.27569686411149824,2296,633,0.7142857142857143,0.5555555555555556,45,35,124,40,sec_test_0012
no_src,19521009,dev,0.0,113,21,0.7142857142857143,0.13274336283185842,0.2238805970149254,0.19672131147540983,1.0442477876106195,0.7667731629392971,0.23322683706070288,939,219,0.22413793103448276,0.8125,48,174,61,12,sec_dev_0000
no_src,19521009,dev,0.7,113,57,0.6666666666666666,0.336283185840708,0.4470588235294118,0.2785714285714286,1.168141592920354,0.7453333333333334,0.25466666666666665,2250,573,0.7142857142857143,0.5208333333333334,48,35,140,39,sec_dev_0000
no_src,19521009,dev,0.0,111,31,0.7419354838709677,0.2072072072072072,0.323943661971831,0.19402985074626866,0.8828828828828829,0.7289448209099709,0.271055179090029,1033,280,0.2345679012345679,0.76,50,162,67,13,sec_dev_0001
no_src,19521009,dev,0.7,111,62,0.7096774193548387,0.3963963963963964,0.5086705202312138,0.2537313432835821,1.0990990990990992,0.7224183583406885,0.27758164165931154,2266,629,0.78125,0.5,50,32,134,34,sec_dev_0001
no_src,19521009,dev,0.0,112,21,0.8095238095238095,0.15178571428571427,0.2556390977443609,0.15492957746478872,0.9553571428571429,0.7739938080495357,0.2260061919504644,969,219,0.22485207100591717,0.7755102040816326,49,169,71,11,sec_dev_0002
no_src,19521009,dev,0.7,112,60,0.75,0.4017857142857143,0.5232558139534883,0.23880597014925373,1.0089285714285714,0.7135325131810193,0.28646748681898065,2276,652,0.78125,0.5102040816326531,49,32,134,32,sec_dev_0002
no_src,19521009,dev,0.0,104,15,0.6666666666666666,0.09615384615384616,0.1680672268907563,0.15789473684210525,0.9903846153846154,0.7848605577689243,0.2151394422310757,753,162,0.25,0.8070175438596491,57,184,57,9,sec_dev_0003
no_src,19521009,dev,0.7,104,56,0.6428571428571429,0.34615384615384615,0.45,0.2462686567164179,1.2115384615384615,0.7395264116575593,0.2604735883424408,2196,572,0.8125,0.45614035087719296,57,32,134,33,sec_dev_0003
no_src,19521009,dev,0.0,117,17,0.7647058823529411,0.1111111111111111,0.19402985074626863,0.06944444444444445,1.017094017094017,0.844988344988345,0.155011655011655,858,133,0.2,0.8409090909090909,44,185,72,5,sec_dev_0004
no_src,19521009,dev,0.7,117,67,0.6119402985074627,0.3504273504273504,0.44565217391304346,0.2198581560283688,1.1111111111111112,0.7285776424532405,0.2714223575467595,2299,624,0.7647058823529411,0.5909090909090909,44,34,141,31,sec_dev_0004
no_src,19521009,dev,0.0,121,33,0.9393939393939394,0.256198347107438,0.40259740259740256,0.14942528735632185,0.8925619834710744,0.7871170463472112,0.2128829536527887,1273,271,0.2191780821917808,0.8,40,146,87,13,sec_dev_0005
no_src,19521009,dev,0.7,121,67,0.8507462686567164,0.47107438016528924,0.6063829787234043,0.2112676056338028,0.9090909090909091,0.7402871621621622,0.25971283783783783,2368,615,0.8064516129032258,0.625,40,31,142,30,sec_dev_0005
no_src,19521009,dev,0.0,106,16,0.6875,0.10377358490566038,0.18032786885245902,0.22807017543859648,1.009433962264151,0.797011207970112,0.20298879202988793,803,163,0.2596685082872928,0.8545454545454545,55,181,57,13,sec_dev_0006
no_src,19521009,dev,0.7,106,55,0.6363636363636364,0.330188679245283,0.4347826086956522,0.23134328358208955,1.1226415094339623,0.7537453183520599,0.24625468164794007,2136,526,0.625,0.45454545454545453,55,40,134,31,sec_dev_0006
no_src,19521009,dev,0.0,107,24,0.7083333333333334,0.1588785046728972,0.2595419847328244,0.12307692307692308,0.9439252336448598,0.7191709844559586,0.28082901554404144,965,271,0.23636363636363636,0.7222222222222222,54,165,65,8,sec_dev_0007
no_src,19521009,dev,0.7,107,58,0.603448275862069,0.32710280373831774,0.42424242424242425,0.2595419847328244,1.1401869158878504,0.7034390352836087,0.29656096471639126,2239,664,0.8387096774193549,0.48148148148148145,54,31,131,34,sec_dev_0007
no_src,19521009,dev,0.0,109,22,0.9545454545454546,0.1926605504587156,0.3206106870229008,0.028169014084507043,0.8623853211009175,0.8368953880764904,0.16310461192350956,889,145,0.23563218390804597,0.7884615384615384,52,174,71,2,sec_dev_0008
no_src,19521009,dev,0.7,109,57,0.7192982456140351,0.3761467889908257,0.4939759036144579,0.17857142857142858,1.0458715596330275,0.7493150684931507,0.25068493150684934,2190,549,0.7297297297297297,0.5192307692307693,52,37,140,25,sec_dev_0008
no_src,19521009,dev,0.0,110,23,0.782608695652174,0.16363636363636364,0.2706766917293233,0.19047619047619047,1.0272727272727273,0.7562189054726368,0.24378109452736318,1206,294,0.2746478873239437,0.7647058823529411,51,142,84,16,sec_dev_0009
no_src,19521009,dev,0.7,110,60,0.75,0.4090909090909091,0.5294117647058824,0.2391304347826087,1.0454545454545454,0.7508726003490401,0.24912739965095987,2292,571,0.8928571428571429,0.49019607843137253,51,28,138,33,sec_dev_0009
no_src,19521009,dev,0.0,104,22,0.8181818181818182,0.17307692307692307,0.28571428571428575,0.0625,0.9134615384615384,0.7990762124711317,0.20092378752886836,866,174,0.25,0.7543859649122807,57,172,64,4,sec_dev_0010
no_src,19521009,dev,0.7,104,59,0.711864406779661,0.40384615384615385,0.5153374233128835,0.18796992481203006,1.0,0.7419354838709677,0.25806451612903225,2077,536,0.6590909090909091,0.5087719298245614,57,44,133,25,sec_dev_0010
no_src,19521009,dev,0.0,105,28,0.7857142857142857,0.20952380952380953,0.3308270676691729,0.10843373493975904,0.9523809523809523,0.7917737789203085,0.20822622107969152,1167,243,0.2553191489361702,0.6428571428571429,56,141,83,9,sec_dev_0011
no_src,19521009,dev,0.7,105,61,0.7049180327868853,0.4095238095238095,0.5180722891566265,0.19424460431654678,1.0666666666666667,0.7584803256445047,0.24151967435549526,2211,534,0.8064516129032258,0.44642857142857145,56,31,139,27,sec_dev_0011
no_src,19521009,test,0.0,110,16,0.8125,0.11818181818181818,0.20634920634920637,0.10126582278481013,1.0454545454545454,0.8553590010405827,0.14464099895941726,961,139,0.25748502994011974,0.8431372549019608,51,167,79,8,sec_test_0000
no_src,19521009,test,0.7,110,61,0.6885245901639344,0.38181818181818183,0.4912280701754386,0.18571428571428572,1.0818181818181818,0.752017937219731,0.24798206278026905,2230,553,0.8529411764705882,0.5686274509803921,51,34,140,26,sec_test_0000
no_src,19521009,test,0.0,106,26,0.7307692307692307,0.1792452830188679,0.2878787878787879,0.12048192771084337,0.9716981132075472,0.7994480220791168,0.20055197792088317,1087,218,0.2733333333333333,0.7454545454545455,55,150,83,10,sec_test_0001
no_src,19521009,test,0.7,106,62,0.5645161290322581,0.330188679245283,0.4166666666666667,0.2391304347826087,1.169811320754717,0.7219710669077758,0.2780289330922242,2212,615,0.875,0.509090909090909,55,32,138,33,sec_test_0001
no_src,19521009,test,0.0,114,27,0.7777777777777778,0.18421052631578946,0.2978723404255319,0.13513513513513514,0.9649122807017544,0.7509124087591241,0.2490875912408759,1096,273,0.2088607594936709,0.7021276595744681,47,158,74,10,sec_test_0002
no_src,19521009,test,0.7,114,56,0.6428571428571429,0.3157894736842105,0.4235294117647059,0.2867647058823529,1.2280701754385965,0.7102473498233215,0.28975265017667845,2264,656,0.7714285714285715,0.574468085106383,47,35,136,39,sec_test_0002
no_src,19521009,test,0.0,111,19,0.8947368421052632,0.15315315315315314,0.26153846153846155,0.1111111111111111,0.9099099099099099,0.7797001153402537,0.22029988465974626,867,191,0.2011173184357542,0.72,50,179,63,7,sec_test_0003
no_src,19521009,test,0.7,111,59,0.7627118644067796,0.40540540540540543,0.5294117647058822,0.24444444444444444,1.045045045045045,0.7352808988764046,0.2647191011235955,2225,589,0.75,0.54,50,36,135,33,sec_test_0003
no_src,19521009,test,0.0,109,20,0.9,0.1651376146788991,0.27906976744186046,0.09523809523809523,0.9357798165137615,0.7569676700111483,0.24303232998885171,897,218,0.22413793103448276,0.75,52,174,63,6,sec_test_0004
no_src,19521009,test,0.7,109,59,0.6779661016949152,0.3669724770642202,0.4761904761904762,0.20863309352517986,1.091743119266055,0.7334533993696533,0.2665466006303467,2221,592,0.7352941176470589,0.4807692307692308,52,34,139,29,sec_test_0004
no_src,19521009,test,0.0,107,22,0.7272727272727273,0.14953271028037382,0.24806201550387594,0.19736842105263158,1.0467289719626167,0.776536312849162,0.22346368715083798,1074,240,0.27450980392156865,0.7777777777777778,54,153,76,15,sec_test_0005
no_src,19521009,test,0.7,107,53,0.6415094339622641,0.3177570093457944,0.425,0.24087591240875914,1.1962616822429906,0.7595163457232423,0.24048365427675772,2233,537,0.8064516129032258,0.46296296296296297,54,31,137,33,sec_test_0005
no_src,19521009,test,0.0,108,19,0.8421052631578947,0.14814814814814814,0.25196850393700787,0.10714285714285714,0.9444444444444444,0.7808564231738035,0.21914357682619648,794,174,0.21739130434782608,0.7547169811320755,53,184,56,6,sec_test_0006
no_src,19521009,test,0.7,108,57,0.7017543859649122,0.37037037037037035,0.4848484848484849,0.20567375886524822,1.1481481481481481,0.7746732762505633,0.22532672374943669,2219,500,0.7878787878787878,0.49056603773584906,53,33,141,29,sec_test_0006
no_src,19521009,test,0.0,112,19,0.8421052631578947,0.14285714285714285,0.24427480916030536,0.125,0.9464285714285714,0.7617521367521367,0.23824786324786323,936,223,0.2023121387283237,0.7142857142857143,49,173,64,8,sec_test_0007
no_src,19521009,test,0.7,112,66,0.7121212121212122,0.41964285714285715,0.5280898876404494,0.23703703703703705,0.9910714285714286,0.7346578366445916,0.2653421633554084,2265,601,0.7575757575757576,0.5102040816326531,49,33,135,32,sec_test_0007
no_src,19521009,test,0.0,106,32,0.71875,0.2169811320754717,0.3333333333333333,0.15384615384615385,0.9056603773584906,0.7512908777969018,0.2487091222030981,1162,289,0.26573426573426573,0.6909090909090909,55,143,78,12,sec_test_0008
no_src,19521009,test,0.7,106,63,0.6825396825396826,0.4056603773584906,0.5088757396449703,0.22388059701492538,1.0188679245283019,0.7319494584837545,0.26805054151624547,2216,594,0.78125,0.45454545454545453,55,32,134,30,sec_test_0008
no_src,19521009,test,0.0,108,22,0.6818181818181818,0.1388888888888889,0.23076923076923075,0.21428571428571427,0.9722222222222222,0.7592997811816192,0.24070021881838075,914,220,0.2558139534883721,0.8301886792452831,53,172,56,12,sec_test_0009
no_src,19521009,test,0.7,108,56,0.5714285714285714,0.2962962962962963,0.3902439024390244,0.3474576271186441,1.1296296296296295,0.7306255835667601,0.26937441643323995,2142,577,0.6511627906976745,0.5283018867924528,53,43,118,41,sec_test_0009
no_src,19521009,test,0.0,110,18,0.8888888888888888,0.14545454545454545,0.25,0.021739130434782608,0.8818181818181818,0.8192182410423453,0.18078175895765472,614,111,0.2048780487804878,0.8235294117647058,51,205,46,1,sec_test_0010
no_src,19521009,test,0.7,110,59,0.7457627118644068,0.4,0.5207100591715976,0.15942028985507245,0.9818181818181818,0.7645099904852521,0.23549000951474786,2102,495,0.5531914893617021,0.5098039215686274,51,47,138,22,sec_test_0010
no_src,19521009,test,0.0,98,19,0.8947368421052632,0.17346938775510204,0.2905982905982906,0.14705882352941177,0.9591836734693877,0.7570498915401301,0.24295010845986983,922,224,0.2875,0.7301587301587301,63,160,68,10,sec_test_0011
no_src,19521009,test,0.7,98,49,0.7959183673469388,0.3979591836734694,0.5306122448979592,0.1984732824427481,1.0204081632653061,0.7300143609382479,0.26998563906175205,2089,564,0.7297297297297297,0.42857142857142855,63,37,131,26,sec_test_0011
no_src,19521009,test,0.0,116,19,0.8421052631578947,0.13793103448275862,0.23703703703703702,0.09333333333333334,1.0086206896551724,0.8010362694300518,0.19896373056994818,965,192,0.19653179190751446,0.7555555555555555,45,173,75,7,sec_test_0012
no_src,19521009,test,0.7,116,67,0.7313432835820896,0.4224137931034483,0.53551912568306,0.23357664233576642,1.0086206896551724,0.7402486069438492,0.25975139305615086,2333,606,0.8,0.5333333333333333,45,30,137,32,sec_test_0012
no_src,19521010,dev,0.0,113,15,0.7333333333333333,0.09734513274336283,0.171875,0.045454545454545456,0.9557522123893806,0.825938566552901,0.17406143344709898,586,102,0.1943127962085308,0.8541666666666666,48,211,44,2,sec_dev_0000
no_src,19521010,dev,0.7,113,62,0.7419354838709677,0.40707964601769914,0.5257142857142857,0.23770491803278687,0.9734513274336283,0.7183803457688809,0.2816196542311192,2198,619,0.6190476190476191,0.5416666666666666,48,42,122,29,sec_dev_0000
no_src,19521010,dev,0.0,111,8,0.375,0.02702702702702703,0.05042016806722689,0.23333333333333334,1.027027027027027,0.7813953488372093,0.2186046511627907,430,94,0.19911504424778761,0.9,50,226,30,7,sec_dev_0001
no_src,19521010,dev,0.7,111,30,0.6333333333333333,0.17117117117117117,0.2695035460992908,0.3132530120481928,1.1261261261261262,0.686847599164927,0.31315240083507306,1437,450,0.3,0.72,50,120,83,26,sec_dev_0001
no_src,19521010,dev,0.0,112,6,0.8333333333333334,0.044642857142857144,0.0847457627118644,0.047619047619047616,0.9642857142857143,0.8108108108108107,0.1891891891891892,259,49,0.17959183673469387,0.8979591836734694,49,245,21,1,sec_dev_0002
no_src,19521010,dev,0.7,112,37,0.5945945945945946,0.19642857142857142,0.2953020134228188,0.21212121212121213,1.0446428571428572,0.7239972807613868,0.2760027192386132,1471,406,0.27586206896551724,0.6530612244897959,49,116,99,21,sec_dev_0002
no_src,19521010,dev,0.0,104,15,0.7333333333333333,0.10576923076923077,0.18487394957983191,0.2,0.9519230769230769,0.7233644859813084,0.2766355140186916,535,148,0.25,0.9122807017543859,57,208,35,7,sec_dev_0003
no_src,19521010,dev,0.7,104,44,0.4772727272727273,0.20192307692307693,0.2837837837837838,0.2571428571428571,1.1923076923076923,0.7208211143695015,0.27917888563049853,1705,476,0.44047619047619047,0.6491228070175439,57,84,105,27,sec_dev_0003
no_src,19521010,dev,0.0,117,17,0.8235294117647058,0.11965811965811966,0.208955223880597,0.15,0.9743589743589743,0.7227272727272727,0.2772727272727273,880,244,0.18478260869565216,0.7727272727272727,44,184,60,9,sec_dev_0004
no_src,19521010,dev,0.7,117,51,0.7450980392156863,0.3247863247863248,0.4523809523809524,0.2222222222222222,1.0769230769230769,0.7186311787072244,0.2813688212927757,2104,592,0.4909090909090909,0.6136363636363636,44,55,126,28,sec_dev_0004
no_src,19521010,dev,0.0,121,24,0.5416666666666666,0.10743801652892562,0.1793103448275862,0.2830188679245283,1.0082644628099173,0.6741826381059752,0.3258173618940248,887,289,0.18085106382978725,0.85,40,188,53,15,sec_dev_0005
no_src,19521010,dev,0.7,121,55,0.6363636363636364,0.2892561983471074,0.39772727272727265,0.28225806451612906,1.0991735537190082,0.7093572778827977,0.29064272211720227,2116,615,0.4482758620689655,0.65,40,58,124,35,sec_dev_0005
no_src,19521010,dev,0.0,106,5,0.6,0.02830188679245283,0.05405405405405406,0.14705882352941177,1.0377358490566038,0.8201970443349753,0.17980295566502463,406,73,0.2242152466367713,0.9090909090909091,55,223,34,5,sec_dev_0006
no_src,19521010,dev,0.7,106,31,0.6451612903225806,0.18867924528301888,0.29197080291970806,0.21212121212121213,1.0849056603773586,0.7221852098600933,0.27781479013990673,1501,417,0.2803738317757009,0.5454545454545454,55,107,99,21,sec_dev_0006
no_src,19521010,dev,0.0,107,14,0.7142857142857143,0.09345794392523364,0.16528925619834708,0.17142857142857143,0.9719626168224299,0.691743119266055,0.30825688073394497,545,168,0.22380952380952382,0.8703703703703703,54,210,35,6,sec_dev_0007
no_src,19521010,dev,0.7,107,53,0.6037735849056604,0.29906542056074764,0.39999999999999997,0.27184466019417475,1.0,0.6766833611574847,0.3233166388425153,1797,581,0.4358974358974359,0.6296296296296297,54,78,103,28,sec_dev_0007
no_src,19521010,dev,0.0,109,14,0.6428571428571429,0.08256880733944955,0.14634146341463414,0.3,0.9908256880733946,0.6757575757575758,0.3242424242424242,660,214,0.215,0.8269230769230769,52,200,40,12,sec_dev_0008
no_src,19521010,dev,0.7,109,52,0.6153846153846154,0.29357798165137616,0.39751552795031053,0.2962962962962963,1.0458715596330275,0.7110633727175081,0.2889366272824919,1862,538,0.4383561643835616,0.6153846153846154,52,73,108,32,sec_dev_0008
no_src,19521010,dev,0.0,110,10,0.8,0.07272727272727272,0.13333333333333333,0.14634146341463414,0.990909090909091,0.7773654916512059,0.22263450834879406,539,120,0.2112676056338028,0.8823529411764706,51,213,41,6,sec_dev_0009
no_src,19521010,dev,0.7,110,48,0.6458333333333334,0.2818181818181818,0.3924050632911392,0.23140495867768596,1.0454545454545454,0.7335375191424196,0.2664624808575804,1959,522,0.4444444444444444,0.5490196078431373,51,63,121,28,sec_dev_0009
no_src,19521010,dev,0.0,104,14,0.7857142857142857,0.10576923076923077,0.1864406779661017,0.13513513513513514,0.9134615384615384,0.7274401473296501,0.27255985267034993,543,148,0.25120772946859904,0.9122807017543859,57,207,37,5,sec_dev_0010
no_src,19521010,dev,0.7,104,53,0.6037735849056604,0.3076923076923077,0.40764331210191085,0.22429906542056074,1.0192307692307692,0.6845459373340415,0.3154540626659586,1883,594,0.5,0.5789473684210527,57,66,107,24,sec_dev_0010
no_src,19521010,dev,0.0,105,15,0.5333333333333333,0.0761904761904762,0.13333333333333333,0.13043478260869565,0.9904761904761905,0.7545180722891567,0.24548192771084337,664,163,0.2205128205128205,0.7678571428571429,56,195,46,6,sec_dev_0011
no_src,19521010,dev,0.7,105,47,0.6170212765957447,0.2761904761904762,0.3815789473684211,0.21774193548387097,1.1142857142857143,0.7326175869120655,0.26738241308793453,1956,523,0.4482758620689655,0.4642857142857143,56,58,124,27,sec_dev_0011
no_src,19521010,test,0.0,110,8,0.625,0.045454545454545456,0.08474576271186442,0.2571428571428571,1.0272727272727273,0.7366336633663366,0.2633663366336634,505,133,0.2119815668202765,0.9019607843137255,51,217,35,9,sec_test_0000
no_src,19521010,test,0.7,110,44,0.6590909090909091,0.2636363636363636,0.3766233766233766,0.24299065420560748,1.018181818181818,0.7448316597755464,0.2551683402244536,1693,432,0.34065934065934067,0.6078431372549019,51,91,107,26,sec_test_0000
no_src,19521010,test,0.0,106,20,0.75,0.14150943396226415,0.2380952380952381,0.2391304347826087,0.9716981132075472,0.728494623655914,0.271505376344086,744,202,0.26595744680851063,0.9090909090909091,55,188,46,11,sec_test_0001
no_src,19521010,test,0.7,106,43,0.6744186046511628,0.27358490566037735,0.38926174496644295,0.24545454545454545,1.0566037735849056,0.7045454545454546,0.29545454545454547,1760,520,0.4375,0.6363636363636364,55,80,110,27,sec_test_0001
no_src,19521010,test,0.0,114,14,0.5,0.06140350877192982,0.109375,0.21153846153846154,1.0614035087719298,0.78954802259887,0.21045197740112995,708,149,0.20603015075376885,0.8723404255319149,47,199,52,11,sec_test_0002
no_src,19521010,test,0.7,114,51,0.5882352941176471,0.2631578947368421,0.3636363636363636,0.37383177570093457,1.1666666666666667,0.7046281851274051,0.2953718148725949,1923,568,0.4444444444444444,0.6808510638297872,47,72,107,40,sec_test_0002
no_src,19521010,test,0.0,111,11,0.7272727272727273,0.07207207207207207,0.13114754098360656,0.13333333333333333,0.9819819819819819,0.764102564102564,0.2358974358974359,585,138,0.21052631578947367,0.88,50,209,45,6,sec_test_0003
no_src,19521010,test,0.7,111,46,0.6739130434782609,0.27927927927927926,0.3949044585987261,0.27049180327868855,1.1801801801801801,0.7075564278704612,0.29244357212953875,2038,596,0.5,0.56,50,56,122,33,sec_test_0003
no_src,19521010,test,0.0,109,4,0.75,0.027522935779816515,0.05309734513274336,0.23529411764705882,1.0,0.6442687747035574,0.3557312252964427,253,90,0.205761316872428,0.9615384615384616,52,243,17,4,sec_test_0004
no_src,19521010,test,0.7,109,43,0.7441860465116279,0.29357798165137616,0.4210526315789474,0.23148148148148148,1.018348623853211,0.7305458768873403,0.2694541231126597,1722,464,0.39080459770114945,0.6538461538461539,52,87,108,25,sec_test_0004
no_src,19521010,test,0.0,107,18,0.7222222222222222,0.12149532710280374,0.20800000000000002,0.2702702702702703,0.9719626168224299,0.6696832579185521,0.33031674208144796,663,219,0.21717171717171718,0.7962962962962963,54,198,37,10,sec_test_0005
no_src,19521010,test,0.7,107,49,0.6530612244897959,0.29906542056074764,0.4102564102564103,0.21153846153846154,0.9439252336448598,0.7315668202764978,0.2684331797235023,1736,466,0.38095238095238093,0.5925925925925926,54,84,104,22,sec_test_0005
no_src,19521010,test,0.0,108,4,1.0,0.037037037037037035,0.07142857142857142,0.10526315789473684,1.037037037037037,0.8171296296296297,0.18287037037037038,432,79,0.22972972972972974,0.9622641509433962,53,222,38,4,sec_test_0006
no_src,19521010,test,0.7,108,36,0.5833333333333334,0.19444444444444445,0.2916666666666667,0.20535714285714285,1.1388888888888888,0.7488009592326139,0.2511990407673861,1668,419,0.3076923076923077,0.5283018867924528,53,91,112,23,sec_test_0006
no_src,19521010,test,0.0,112,23,0.8260869565217391,0.16964285714285715,0.2814814814814815,0.11320754716981132,0.9017857142857143,0.7816813048933501,0.21831869510664995,797,174,0.2074468085106383,0.7959183673469388,49,188,53,6,sec_test_0007
no_src,19521010,test,0.7,112,48,0.7291666666666666,0.3125,0.4375,0.22727272727272727,0.9910714285714286,0.7386363636363636,0.26136363636363635,1760,460,0.3372093023255814,0.5918367346938775,49,86,110,25,sec_test_0007
no_src,19521010,test,0.0,106,13,0.7692307692307693,0.09433962264150944,0.16806722689075632,0.17391304347826086,1.0,0.7484472049689441,0.2515527950310559,644,162,0.25252525252525254,0.9090909090909091,55,198,46,8,sec_test_0008
no_src,19521010,test,0.7,106,42,0.7380952380952381,0.29245283018867924,0.4189189189189189,0.22772277227722773,0.9905660377358491,0.718232044198895,0.281767955801105,1629,459,0.39361702127659576,0.6727272727272727,55,94,101,23,sec_test_0008
no_src,19521010,test,0.0,108,6,0.6666666666666666,0.037037037037037035,0.07017543859649122,0.23076923076923078,1.0,0.6807909604519774,0.3192090395480226,354,113,0.22510822510822512,0.9811320754716981,53,231,26,6,sec_test_0009
no_src,19521010,test,0.7,108,35,0.6571428571428571,0.21296296296296297,0.3216783216783217,0.28205128205128205,1.2314814814814814,0.7235641438539989,0.2764358561460011,1863,515,0.4507042253521127,0.6037735849056604,53,71,117,33,sec_test_0009
no_src,19521010,test,0.0,110,0,0.0,0.0,0.0,0.0,1.009090909090909,0.9084967320261438,0.0915032679738562,153,14,0.1889763779527559,0.9411764705882353,51,254,17,0,sec_test_0010
no_src,19521010,test,0.7,110,35,0.7142857142857143,0.22727272727272727,0.3448275862068965,0.14893617021276595,1.018181818181818,0.7722063037249284,0.22779369627507162,1396,318,0.2786885245901639,0.6666666666666666,51,122,94,14,sec_test_0010
no_src,19521010,test,0.0,98,21,0.6666666666666666,0.14285714285714285,0.23529411764705882,0.19148936170212766,0.9693877551020408,0.6890982503364738,0.31090174966352624,743,231,0.2777777777777778,0.7936507936507936,63,180,47,9,sec_test_0011
no_src,19521010,test,0.7,98,42,0.5952380952380952,0.25510204081632654,0.3571428571428571,0.25862068965517243,1.153061224489796,0.705592105263158,0.2944078947368421,1824,537,0.5076923076923077,0.5238095238095238,63,65,116,30,sec_test_0011
no_src,19521010,test,0.0,116,5,1.0,0.04310344827586207,0.08264462809917356,0.06896551724137931,0.9827586206896551,0.8096676737160121,0.1903323262839879,331,63,0.1825726141078838,0.9777777777777777,45,241,29,2,sec_test_0012
no_src,19521010,test,0.7,116,53,0.6792452830188679,0.3103448275862069,0.42603550295857984,0.23478260869565218,1.0344827586206897,0.758656330749354,0.241343669250646,1935,467,0.375,0.6,45,72,115,27,sec_test_0012
